centre_code,centre_name,city,state,pin,lat,lon,pin_place,pin_state,source
IND683511AAA,Aluva_Peedika_H (Kerala),Aluva,Kerala,683511,10.1019,76.291,"Alangad, West Veliyathunad, Panaikulam, Neericode, Karumalloor",Kerala,geonames-pin
IND580028AAA,Hubli_Adargchi_IP (Karnataka),Hubli,Karnataka,580028,15.196988888888889,75.2014,"Kubihal, Sherewad, Hubli Mv Galli, Hubli Bankapur Chowki, Mattigatti, Nulvi, Adaragunchi, Hubli Moorsavirmath, Ingalgi",Karnataka,geonames-pin
IND691001AAB,Kollam_Central_H_1 (Kerala),Kollam,Kerala,691001,8.8862,76.5956,"Kollam Bazar, Kollam H.O, Kollam Taluk Cutchery, Kollam Cantonment",Kerala,geonames-pin
IND560058AAD,Bengaluru_Peenya_L (Karnataka),Bengaluru,Karnataka,560058,13.225699999999998,77.575,"Peenya I Stage, Laggere, Peenya Small Industries",Karnataka,geonames-pin
IND506002AAA,Warangal_HunterRd_I (Telangana),Warangal,Telangana,506002,17.9218,79.7582,"Beat Bazar, Kasibugga (Warangal), Grainmarket, Matwada, Mandi Bazar, Svn Road, Karimabad, Warangal H.O, Mahathma Gandhi Road, Railway Gate",Telangana,geonames-pin
IND400072AAD,Mumbai_Chndivli_PC (Maharashtra),Mumbai,Maharashtra,400072,18.9808,72.8338,"Vihar Road, Sakinaka",Maharashtra,geonames-pin
IND244901AAB,Rampur_RoshnBgh_I (Uttar Pradesh),Rampur,Uttar Pradesh,244901,28.78577894736842,79.10396842105263,"Aghapur, Rampur City, Koila, Purana Ganj, Daniapur, Benazir, Patwai, Nankar, Juthia, Rampur Secretariate, Madhauli, Narkhera, Nipania, Kira, Mahu Nagar, Ajit Pur, Bakania, Bara Khas, Chamroa, Chikti Ramnagar, C.R.P. Hq, Jwala Nagar, Kakrawa, Mathuraour, M.B.Rampur, Meston Ganj, Punjab Nagar, Rampur H.O, Rawari Kalan, Roshan Bag Road, C & M Store, Khusro Bagh, Rampur Chowk, Rampur Distilliry, Tehsil Rampur, Bhot, Ialam Ganj, Civil Line Rampur",Uttar Pradesh,geonames-pin
IND110037AAK,Delhi_Kapshera_L (Delhi),Delhi,Delhi,110037,28.547980000000003,77.11330000000001,"Nangal Dewat, Mahipalpur, Gurgaon Road, Palam Airport, IGI Airport",Delhi,geonames-pin
IND411036AAA,Pune_Mundhawa_L (Maharashtra),Pune,Maharashtra,411036,18.5348,73.9306,"Mundhva, Mundhva AV",Maharashtra,geonames-pin
IND811399AAA,Noida_Sector02_C (Uttar Pradesh),Noida,Uttar Pradesh,811399,,,,,
IND431136AAC,Aurangabad_Central_H_1 (Maharashtra),Aurangabad,Maharashtra,431136,20.0291,75.2816,"Ghanegaon, Bajaj Nagar Midc Waluj, Waladgaon",Maharashtra,geonames-pin
IND411021AAA,PNQ Pashan DPC (Maharashtra),,Maharashtra,411021,18.5131,73.7825,"Bavdhan, Armament, Sus",Maharashtra,geonames-pin
IND523002AAA,Ongole_SubhVRTL_I (Andhra Pradesh),Ongole,Andhra Pradesh,523002,15.5191,79.6158,"Kurnool Road (O), M.M.Donka (O), Lawyer Pet (O)",Andhra Pradesh,geonames-pin
IND421302AAR,Mumbai_East_I_21 (Maharashtra),Mumbai,Maharashtra,421302,19.222834782608697,73.22239565217392,"Chimbipada, Shastrinagar (Thane), Anjur, Angaon, Kalher, Kunde, Mahapoli, Shantinagar E.D., Kharbav, Lonad, Dunge, Dighashi, Chinchwali, Shelar, Dandekarwadi, Dabhad, Amane, Rehnal, Pachhapur, Vadpe, Vadavali, Paye, Dugad",Maharashtra,geonames-pin
IND131021AAA,Sonipat_AmzonDev_V (Haryana),Sonipat,Haryana,131021,29.07142,76.83188,"Baroli, Bahalgarh, Qumaspur, Deepalpur, Khewra",Haryana,geonames-pin
IND641062AAD,Coimbatore_Karayam_H (Tamil Nadu),Coimbatore,Tamil Nadu,641062,11.012875,77.05675,"Venkitapuram, Mylampatti, Sinniampalayam, Nilambur",Tamil Nadu,geonames-pin
IND382430AAB,Ahmedabad_East_H_1 (Gujarat),Ahmedabad,Gujarat,382430,22.7611,72.2477,"Kathwada Maize Product, Kathwada, Pasunj, Zanu, Kanbha, Bakrol, Kujad, Bhuvaldi, Kubadthal",Gujarat,geonames-pin
IND632006AAA,Vellore_GndhiNgr_IP (Tamil Nadu),Vellore,Tamil Nadu,632006,12.7779,79.1353,"Thandalam Krishnapuram, Gandhinagar (Vellore), Gandhinagar West, Senur, Jaffarapettai, Kangeyanallur, Gandhinagar East, Virudhambattu",Tamil Nadu,geonames-pin
IND560064AAD,Bengaluru_Bagaluru_D (Karnataka),Bengaluru,Karnataka,560064,13.207771428571428,77.6155142857143,"Yelahanka Satellite Town, Attur, Yelahanka, Jakkur, Singanayakanahalli, CRPF Campus Yelahanka, Rajanakunte",Karnataka,geonames-pin
IND395023AAD,Surat_Central_I_4 (Gujarat),Surat,Gujarat,395023,21.2623,73.0694,Bhestan,Gujarat,geonames-pin
IND560099AAB,Bengaluru_Bomsndra_HB (Karnataka),Bengaluru,Karnataka,560099,13.239875,77.550075,"Bommasandra Industrial Estate, Muthanallur, Chandapura, Huskur",Karnataka,geonames-pin
IND000000ACT,Delhi_Gateway_HB (Delhi),Delhi,Delhi,000000,,,,,
IND401104AAA,Mumbai_MiraRd_IP (Maharashtra),Mumbai,Maharashtra,401104,,,,,
IND410206AAB,Mumbai_Panvel_D (Maharashtra),Mumbai,Maharashtra,410206,19.549496428571427,74.7128,"Nhava, Panvel H.O, Kelevane, Adai, Morbe, Wavarle, Ulwa, Chawk, Jasai, Kamothe, Vaje, Gavan, Koproli, Jci Kamothe, Vasheni, Wavandhal, Panvel City, Kundevahal, Chirner, Dighode, Lodhivali, Somatane, Nere, Awre, Khanda Colony, Pargaon, Vahal, Jui",Maharashtra,geonames-pin
IND788026AAC,Silchar_Sirikona_H (Assam),Silchar,Assam,788026,24.8352,92.7158,"Digor Srikona, Baglaghat, Rajnagar, Srikona",Assam,geonames-pin
IND110037AAM,Delhi_Airport_H (Delhi),Delhi,Delhi,110037,28.547980000000003,77.11330000000001,"Nangal Dewat, Mahipalpur, Gurgaon Road, Palam Airport, IGI Airport",Delhi,geonames-pin
IND641607AAA,Tirupur_Koliplm_I (Tamil Nadu),Tirupur,Tamil Nadu,641607,11.034675,77.085275,"Sarkarperiapalayam, Tiruneelakandapuram, Mannarai, Tirupur East",Tamil Nadu,geonames-pin
IND560083AAB,Bengaluru_Bnnrghta_L (Karnataka),Bengaluru,Karnataka,560083,13.21696,77.5086,"Sakalavara, Kalkere, Ragihalli, Bannerghatta, Gottigere",Karnataka,geonames-pin
IND400015AAA,Mumbai_CottonGreen_DPC (Maharashtra),Mumbai,Maharashtra,400015,19.0,72.85,Sewri,Maharashtra,geonames-pin
IND501359AAE,Hyderabad_Shamshbd_H (Telangana),Hyderabad,Telangana,501359,17.201649999999997,78.51263333333334,"Maisaram, Kandukur, Lemur, Gudur, Chippalapalli, Rachaloor, Tummalur, Dabbedguda, Pulmamidi, Nedunur, Jaitwaram, Mankhal",Telangana,geonames-pin
IND500010AAB,Hyderabad_Alwal_L (Telangana),Hyderabad,Telangana,500010,17.4171,78.4772,"Bolarum Bazar, Bolarum, Alwal",Telangana,geonames-pin
IND786001AAB,Dibrugarh_Bokule_H (Assam),Dibrugarh,Assam,786001,27.3664,95.0562,"Kadamoni, Panchali, Dibrugarh H.O, Graham Bazar, Santipara, Khaliamari, Naliapool",Assam,geonames-pin
IND421302AAG,Bhiwandi_Mankoli_HB (Maharashtra),Bhiwandi,Maharashtra,421302,19.222834782608697,73.22239565217392,"Chimbipada, Shastrinagar (Thane), Anjur, Angaon, Kalher, Kunde, Mahapoli, Shantinagar E.D., Kharbav, Lonad, Dunge, Dighashi, Chinchwali, Shelar, Dandekarwadi, Dabhad, Amane, Rehnal, Pachhapur, Vadpe, Vadavali, Paye, Dugad",Maharashtra,geonames-pin
IND600056AAB,MAA_Poonamallee_HB (Tamil Nadu),MAA,Tamil Nadu,600056,13.05164,79.89666,"Poonamallee, Kattupakkam, Senneerkuppam, Poonamallee East, Iyyappanthangal",Tamil Nadu,geonames-pin
IND562132AAA,Bangalore_Nelmngla_H (Karnataka),Bangalore,Karnataka,562132,13.228566666666666,77.48276666666668,"Niduvanda, Doddabele, Kollalagatta, Manne, Obalapura, Tyamagondlu",Karnataka,geonames-pin
IND400072AAB,Mumbai Hub (Maharashtra),,Maharashtra,400072,18.9808,72.8338,"Vihar Road, Sakinaka",Maharashtra,geonames-pin
IND518002AAA,Kurnool_AbbasNgr_I (Andhra Pradesh),Kurnool,Andhra Pradesh,518002,15.7074,78.07358333333333,"KNL-camp-B, Joharapuram, Uppalapadu, Bukkapuram, Meedivemula, Loddipalli, Kurnool Medicalcollege, Vuyyalawada, M.S.Nagar, Sri Krishna Nagar, Narnur, Dinnedevarapadu",Andhra Pradesh,geonames-pin
IND305001AAC,Ajmer_FoySGRRD_I (Rajasthan),Ajmer,Rajasthan,305001,26.4475,74.6288,"Alwar Gate Ajmer, Dargha Shareef Ajmer, Dhan Mandi Ajmer, Ashok Marg Ajmer, Ajmer H.O, Shastri Nagar (Ajmer), Bhajan Ganj Ajmer, Raj. Edu. Board Ajmer, RPSC Ajmer, Jones Ganj Ajmer, Kaiser Ganj Ajmer, Loco Work Shop Ajmer, Kutchery (Ajmer), Session Court Ajmer, Ganj Ajmer, Gujar Dharti Ajmer, Naya Bazar (Ajmer), Jln Hospital Ajmer, Nagra Ajmer",Rajasthan,geonames-pin
IND110044AAB,Del_Okhla_PC (Delhi),Del,Delhi,110044,28.5027,77.3084,"Pul Pahladpur, Jaitpur, Tugalkabad, Badarpur (South Delhi), BTPS (South Delhi), Molarband, Tugalkabad Railway Colony, Jaitpur (South Delhi), Lal Kuan, Meethapur",Delhi,geonames-pin
IND160002AAC,Chandigarh_Mehmdpur_H (Punjab),Chandigarh,Punjab,160002,30.7465,76.7417,"Hallomajra, Ram Darbar, Ind Area Chandigarh",Chandigarh,geonames-pin
IND000000ACK,Hyderabad_Chikdply_C (Telangana),Hyderabad,Telangana,000000,,,,,
IND000000ACA,Ludhiana_MilrGanj_HB (Punjab),Ludhiana,Punjab,000000,,,,,
IND209304AAA,Kanpur_Central_H_6 (Uttar Pradesh),Kanpur,Uttar Pradesh,209304,26.4057875,80.1185375,"Parsauli, Rania, Fatehpur Roshnai, Bisayakpur, Binour, Raipur Kukhat, Jugrajpur, Sachendi",Uttar Pradesh,geonames-pin
IND131028AAB,Sonipat_Kundli_H (Haryana),Sonipat,Haryana,131028,28.8664,77.143575,"Sersa, Kundli, Industrial Estate Kundli, Janti Kalan",Haryana,geonames-pin
IND400011AAA,LowerParel_CP (Maharashtra),LowerParel,Maharashtra,400011,18.9833,72.8333,"Chinchpokli, BPC  Jacob Circle, Agripada, Jacob Circle, Haines Road",Maharashtra,geonames-pin
IND521225AAB,Vijayawada_Rynapadu_H (Andhra Pradesh),Vijayawada,Andhra Pradesh,521225,16.5412,80.5784,Gollapudi,Andhra Pradesh,geonames-pin
IND302014AAB,Jaipur_Central_I_7 (Rajasthan),Jaipur,Rajasthan,302014,,,,,
IND422011AAD,Nashik_TgrniaRD_I (Maharashtra),Nashik,Maharashtra,422011,20.2597,74.0726,Dwarka Corner,Maharashtra,geonames-pin
IND507002AAA,Khammam_NSTRoad_I (Telangana),Khammam,Telangana,507002,17.359218181818182,80.16852727272727,"Raghunadhapalem, Industrial Area (Khammam), Gopalapuram, Collectorate (Khammam), Y.C. Roads, Kaikondaigudem, Khanapuram Haweli, Koyachelaka, Nsc Campus, Tekulapalli, Ballepalli",Telangana,geonames-pin
IND560300AAA,Bengaluru_KGAirprt_HB (Karnataka),Bengaluru,Karnataka,560300,13.2257,77.575,Bangalore International Airport,Karnataka,geonames-pin
IND560058AAB,Bengaluru_Peenya_IP (Karnataka),Bengaluru,Karnataka,560058,13.225699999999998,77.575,"Peenya I Stage, Laggere, Peenya Small Industries",Karnataka,geonames-pin
IND600044AAD,Chennai_Chrompet_DPC (Tamil Nadu),Chennai,Tamil Nadu,600044,12.8072125,80.0591125,"Nehrunagar, Nagalkeni, Ganapathipuram Chromepet, Bharathipuram (Kanchipuram), Radhanagar (Kanchipuram), Nemilichery, Lakshmipuram, Chromepet",Tamil Nadu,geonames-pin
IND380021AAA,AMD_Rakhial (Gujarat),AMD,Gujarat,380021,22.9764,72.836,"Gomtipur, Rajpur Gomtipur",Gujarat,geonames-pin
IND000000AFT,Mumbai_Sanpada_I (Maharashtra),Mumbai,Maharashtra,000000,,,,,
IND110043AAA,Delhi_Nangli_IP (Delhi),Delhi,Delhi,110043,28.60558823529412,76.99456470588235,"Gopal Nagar, Shyam Vihar, Arjun Park, Baprola, Najafgarh, Kair, Khaira, Daulatpur, Dindarpur, Rewla Khanpur, Tilangpur Kotla, Pandwala Kalan, Dichaun Kalan, Jhatikara, Surehra, Papravat, Mitraon",Delhi,geonames-pin
IND600032AAB,Chennai_Hub (Tamil Nadu),Chennai,Tamil Nadu,600032,13.0659,80.2365,"Ekkaduthangal, Guindy Industrial Estate",Tamil Nadu,geonames-pin
IND151001AAA,Bhatinda_DPC (Punjab),Bhatinda,Punjab,151001,30.1826,75.0416,"Bathinda H.O, Kamla Nehru Colony Bathinda, Nai Basti Bathinda, M.R.S.T.U Bathinda, Ind. Estate Bathinda",Punjab,geonames-pin
IND412105AAC,Pune_North_D_3 (Maharashtra),Pune,Maharashtra,412105,18.662457142857143,73.92317142857144,"Dhanore, Alandi Devachi, Charoli BK, Moshi, Chimbli, Solu, Markal",Maharashtra,geonames-pin
IND201301AAF,Noida_Sec 02_DPC (Uttar Pradesh),Noida,Uttar Pradesh,201301,28.60875,77.51740000000001,"Noida Sector 27, Noida Sector 12, Noida H.O, Noida Sector 16",Uttar Pradesh,geonames-pin
IND416012AAA,Kolhapur_Shivaji_I (Maharashtra),Kolhapur,Maharashtra,416012,16.4704,74.1612,"Mangalwar Peth (Kolhapur), Babujamal, Shivaji Peth, Kolhapur City H.O, Rankala",Maharashtra,geonames-pin
IND122004AAA,Gurgaon_Begumpur_CP (Haryana),Gurgaon,Haryana,122004,28.40768333333333,76.98363333333333,"Sikanderpur, Sikohpur, Khandsa, Kherki Daula, Lakhnaula, Narsinghpur",Haryana,geonames-pin
IND140901AAA,Chandigarh_Mullanpr_DC (Chandigarh),Chandigarh,Chandigarh,140901,30.779680000000003,76.68244,"Parol, Kuda Jassu, Mullanpur, Jayanti Devi, Rani Majra",Punjab,geonames-pin
IND121004AAB,FBD_Balabhgarh_DPC (Haryana),FBD,Haryana,121004,28.31958695652174,77.34871739130435,"Machhgar, Dayalpur, Dhauj, Panhera Khurd, Sagarpur, Mohna, Pali, Atali, Fatehpur Billoch, Gadpuri, Faridabad Sector 3, Baroli, Chawla Colony Ballabgarh, Chhainsa, Seekri, Deeg, N.T.P.C./sector-10 Faridabad, Neemka, Jawan, Gonchhi, Fatehpur Tagga, Ballabgarh, Amarpur",Haryana,geonames-pin
IND400102AAC,Mumbai_Jogshwri_I (Maharashtra),Mumbai,Maharashtra,400102,18.9808,72.8338,"Jogeshwari West, Oshiwara",Maharashtra,geonames-pin
IND712310AAE,Kolkata_North_I_4 (West Bengal),Kolkata,West Bengal,712310,22.6685,88.291,"Chakundi, Dankuni Coal Complex",West Bengal,geonames-pin
IND842001AAA,Muzaffrpur_Bbganj_I (Bihar),Muzaffrpur,Bihar,842001,26.1511,85.3308,"Bihar University, Malighat Maniari, Kalyani, S.S.K.Bhawan, Amgola, Motijheel (Muzaffarpur), Pakki Sarai, Purani Bazar, Raj Narayan Singh Inter College, Saraiyaganj, Sikandarpur (Muzaffarpur), Muzaffarpur Court, Muz. Collectorate, Imlichatti, B.M.P-VI, Muzaffarpur H.O",Bihar,geonames-pin
IND515004AAA,Anantapur_KamaStrt_I (Andhra Pradesh),Anantapur,Andhra Pradesh,515004,14.498354545454545,77.57699090909091,"Rudrampeta, Rajiv Colony, Georgepet, Tapovanagar, Ramnagar (Ananthapur), Rachanapalli, Narasanenikunta, Kakkalapalli Colony, Somaladoddi, A Narayanapuram, Motilal Street",Andhra Pradesh,geonames-pin
IND560043AAC,HBR Layout PC (Karnataka),,Karnataka,560043,13.225699999999998,77.575,"Banaswadi, Kalyananagar, Jalavayuvihar",Karnataka,geonames-pin
IND713205AAB,Durgapur_Central_I_1 (West Bengal),Durgapur,West Bengal,713205,23.4278,87.7677,"Durgapur Steel Town East, Dhabani, Durgapur Sepco  Township",West Bengal,geonames-pin
IND403726AAA,Goa_Hub (Goa),Goa,Goa,403726,15.2046,73.9732,Zuarinagar,Goa,geonames-pin
IND560002AAA,Bengaluru_KHRoad_I (Karnataka),Bengaluru,Karnataka,560002,13.2257,77.575,"Bangalore Corporation Building, Bangalore City",Karnataka,geonames-pin
IND834002AAB,Ranchi_Hub (Jharkhand),Ranchi,Jharkhand,834002,23.3853,85.2923,"Hindustan Steel Colony, AG Jharkhand, Nibaranpur, Harmu Housing Colony, Jharkhand High Court, Kadru, Ashok Nagar (Ranchi), Doranda H.O, Ranchi Airport, Hinoo",Jharkhand,geonames-pin
IND742102AAB,Berhampore_Central_I_2 (West Bengal),Berhampore,West Bengal,742102,24.110700000000005,88.0112,"Cossimbazar Raj, Nowdapanur, Hatinagar, Gazdharpara, Nograjole, Sundipur, Boaliadanga, Muktinagar, Bishnupur Kalibari, Banjetia, Chunakhali Nimtala",West Bengal,geonames-pin
IND854326AAB,Purnia_Central_H_2 (Bihar),Purnia,Bihar,854326,25.7807125,87.5777875,"Barsauni, Siarkhan, Belouri, Pokharia Benguabad, Dagrua Hat, Gulabbagh, Mahalbari, Mohankunda",Bihar,geonames-pin
IND573201AAB,Hassan_Pandrnga_I (Karnataka),Hassan,Karnataka,573201,13.0269,76.1011,"K R Puram Ext(Hassan), Santhepet Hassan, Pension Mohalla, Gandhibazar (Hassan), Thannirhalla, Hassan H.O, Eastern Extn, District Office, Channapatna Extn, Hosakoppalu",Karnataka,geonames-pin
IND781018AAB,Guwahati_Hub (Assam),Guwahati,Assam,781018,26.118,91.4061,Binovanagar,Assam,geonames-pin
IND140301AAA,Chandigarh_Kharar_DC (Chandigarh),Chandigarh,Chandigarh,140301,30.974380000000004,76.54350000000001,"T.C.Kharar, Daun Majra, Roorkee Pukhta, Tewar, Jandpur, Naya Shehar, Cholta Khurd, Radiala, Kharar, Palheri",Punjab,geonames-pin
IND302014AAA,Jaipur_Hub (Rajasthan),Jaipur,Rajasthan,302014,,,,,
IND585104AAA,Gulbarga_Nehrugnj_I (Karnataka),Gulbarga,Karnataka,585104,17.268513333333335,76.8663,"Keriambalga, Chinchansoor, Syed Chincholi, GB Mominpura, GB N Gunj, Kalhangarga, Kapanoor, GB Darga, Kumsi, Ganjankhed, Karhari, Sultanpur, Asta, GB Shivajinagar, Kamalnagar",Karnataka,geonames-pin
IND577002AAA,Davangere_Central_I_1 (Karnataka),Davangere,Karnataka,577002,14.399116666666666,75.94289166666665,"Bethur, Davanagere City, Devarabelakere, Jayadeva Circle-Davanagere, Mudahadadi, Shyagale, Kasturaba Extension, Kolkunte, Basavanahal, Kadajji, Lokikere, Belavanur",Karnataka,geonames-pin
IND282002AAD,,,Uttar Pradesh,282002,27.02876875,78.1045875,"Gokulpura, Malviya Kunj, Lajpat Kunj, Loha Mandi, Civil Line (Agra), Civil Court (Agra), B.M. Khan, Jagdish Pura, Billoch Pura, T.P. Nagar, N.M.Palika, Raja Mandi, R.B.S.College, Sanjay Place, Khandri, Medical College (Agra)",Uttar Pradesh,geonames-pin
IND390022AAA,Vadodara_Karelibaug_DPC (Gujarat),Vadodara,Gujarat,390022,22.4024,73.0806,"Virod, Harni, Amaliyara, Harni Colony, Dena",Gujarat,geonames-pin
IND712311AAA,Kolkata_Dankuni_HB (West Bengal),Kolkata,West Bengal,712311,22.6685,88.291,"Dankuni Housing Complex, Dankuni, Garalgacha, Mrigala",West Bengal,geonames-pin
IND532001AAB,Srikakulam_Kuslpram_I (Andhra Pradesh),Srikakulam,Andhra Pradesh,532001,18.5786,83.9881,"Srikakulam Town, Srikakulam Official Colony, Srikakulam Collectorate, Srikakulam Market, Srikakulam New Colony, Srikakulam District Court, Srikakulam Zilla Parishad, Srikakulam H.O",Andhra Pradesh,geonames-pin
IND000000ACB,Gurgaon_Bilaspur_HB (Haryana),Gurgaon,Haryana,000000,,,,,
IND401209AAB,Mumbai_Vasai_CP (Maharashtra),Mumbai,Maharashtra,401209,19.36,73.3279,Nallosapare E,Maharashtra,geonames-pin
IND560060AAB,Bengaluru_Kengeri_IP (Karnataka),Bengaluru,Karnataka,560060,13.225699999999998,77.575,"Sulikere, Chudenapura, Kengeri",Karnataka,geonames-pin
IND500039AAC,Hyderabad_Uppal_I (Telangana),Hyderabad,Telangana,500039,17.27435,78.4442,"Peerzadiguda, Uppal (K.V.Rangareddy)",Telangana,geonames-pin
IND263153AAB,Rudrapur_UdhamNgr_H (Uttarakhand),Rudrapur,Uttarakhand,263153,28.9891,79.3586,"Chattarpur, T.C. Rudarpur, Bhurarani, Danpur, COLLECTORATE PARISAR, Rudarpur, Khanpur, 31 Bn PAC Rudarpur",Uttarakhand,geonames-pin
IND826004AAA,Dhanbad_Kalynpur_I (Jharkhand),Dhanbad,Jharkhand,826004,23.8293,86.4719,"Yadavpur, Kalyanpur, Murradih, Indian School Of Mines, Nagnagar, Damodarpur",Jharkhand,geonames-pin
IND560048AAB,Bengaluru_Hoodi_IP (Karnataka),Bengaluru,Karnataka,560048,13.2257,77.575,"Hoodi, Mahadevapura",Karnataka,geonames-pin
IND411033AAA,Pune_Tathawde_H (Maharashtra),Pune,Maharashtra,411033,18.78136,74.93964,"Thergaon, Chinchwadgaon, Thathawade, Jambhe, Punawale",Maharashtra,geonames-pin
IND384205AAA,Mehsana_Panchot_IP (Gujarat),Mehsana,Gujarat,384205,23.5978,72.4824,"Chhathiarda, Nugar, Palodar, Aloda, Panchot",Gujarat,geonames-pin
IND505001AAB,Karimnagar_KamnHbRD_I (Telangana),Karimnagar,Telangana,505001,18.3624,79.1723,"Dist. Court Building, Jublikaman, Ramnagar (Karim Nagar), Collectorate Complex, Karimnagar H.O, Jawaharnagar (Karim Nagar)",Telangana,geonames-pin
IND211002AAB,Allahabad_Central_H_1 (Uttar Pradesh),Allahabad,Uttar Pradesh,211002,25.49320909090909,81.8796,"Subhash Ngr, Allahabad Kty. H.O, Distt.Board, K G Marg, Indian Press, University (Allahabad), Prayag, Katra (Allahabad), Rajapur (Allahabad), Kamlanagar, George Town",Uttar Pradesh,geonames-pin
IND627005AAA,Tirunelveli_VdkkuSrt_I (Tamil Nadu),Tirunelveli,Tamil Nadu,627005,8.7008,77.7066,"Melapalayam (Tirunelveli), Melapalayam Bazaar(Tirunelveli",Tamil Nadu,geonames-pin
IND560078AAC,BLR_JPNagar_Pc (Karnataka),BLR,Karnataka,560078,13.225699999999998,77.575,"JP Nagar III Phase, J P Nagar, Yelachenahalli",Karnataka,geonames-pin
IND842003AAB,Jabalpur_Adhartal_IP (Madhya Pradesh),Jabalpur,Madhya Pradesh,842003,26.1511,85.3308,"Maripur, M.I.T.",Bihar,geonames-pin
IND530012AAA,Visakhapatnam_Gajuwaka_IP (Andhra Pradesh),Visakhapatnam,Andhra Pradesh,530012,17.8817,83.3409,"Jaggayyapalem, Tunglam, Sheelanagar, Mindi, B H P V, Visweswarayanagar, Autonagar",Andhra Pradesh,geonames-pin
IND332001AAB,Sikar_FatehpRd_I (Rajasthan),Sikar,Rajasthan,332001,27.64966,75.36999999999999,"Bhaironpura, Kanwarpura, Sabalpura, Sikar H.O, Nathawatpura, Mochiwara, Fatehpuri Gate, Bajaj Road-Sikar, Gandhinagar (Sikar), Devipura",Rajasthan,geonames-pin
IND517501AAB,Tirupati_Balajicly_I (Andhra Pradesh),Tirupati,Andhra Pradesh,517501,13.747458333333334,79.16399166666667,"Tirupati East, Tirupati South, Tirupati West, Tiruchanoor Road, Bhavani Nagar, D.N.Choultry, Kapilateertham Road, Korlagunta, Jagannathapuram, Tirupati H.O, Tirupati Bazar, R.T.C.Bus Stand",Andhra Pradesh,geonames-pin
IND533106AAA,Rajamundry_AtoNgrRd_I (Andhra Pradesh),Rajamundry,Andhra Pradesh,533106,17.4131,82.239,"Spinning Mills Centre, APHB Colony, Prakasamnagar",Andhra Pradesh,geonames-pin
IND273014AAB,Gorakhpur_Matriprm_IP (Uttar Pradesh),Gorakhpur,Uttar Pradesh,273014,26.7339,83.3717,"Jangle Dhushar, Jangle Tulshiram, Jangle Laxmipur, Jangle Salikram, Pac Camp",Uttar Pradesh,geonames-pin
IND362001AAA,Junagadh_DPC (Gujarat),Junagadh,Gujarat,362001,21.3729,70.4136,"Junagadh Girnar Road, Junagadh Mangnath Road, Junagadh Azad Chowk, Junagadh PTC, Junagadh H.O, Junagadh Agri Campus, Junagadh Sardarbag, Junagadh Station Road",Gujarat,geonames-pin
IND462022AAA,Bhopal_Trnsport_H (Madhya Pradesh),Bhopal,Madhya Pradesh,462022,23.478,77.3961,"Khajuri Kalan, Kolua Khurd, Barkheda H.E., Kokata, Bhel H.O, Anand Nagar (Bhopal), Jamunia Kalan",Madhya Pradesh,geonames-pin
IND395023AAA,Surat_HUB (Gujarat),Surat,Gujarat,395023,21.2623,73.0694,Bhestan,Gujarat,geonames-pin
IND142001AAB,Moga_DPC (Punjab),Moga,Punjab,142001,30.7625,75.1742,"Industrial Area Moga, Moga H.O, Gtr Moga",Punjab,geonames-pin
IND503111AAC,Kamareddy_Devenply_I (Telangana),Kamareddy,Telangana,503111,18.696,78.2131,Kamareddy H.O,Telangana,geonames-pin
IND125001AAA,Hisar_ModelTwn_P (Haryana),Hisar,Haryana,125001,29.0755,75.7562,"Hisar H.O, Hisar  Nai Mandi, Hisar Kty, Hisar City, Mini. Sectt,hisar, N A M Hisar, Gju Hisar, H;t;m;hisar, M.C.Hisar, Patel Nager Hisar",Haryana,geonames-pin
IND413002AAA,Solapur_Central_I_2 (Maharashtra),Solapur,Maharashtra,413002,17.756833333333333,75.61544761904763,"Darganhalli, Degaon, Kasegaon, Ingalgi, Tandulwadi, Boramani, Arali, Pathari, Dayanand Collage, Belati, Kavathe, Honsal, Mardi, Solapur Mkt, Tirhe, Ule, Hagloor, Umedpur, Dongaon, Mangalwar Peth (Solapur), Musti",Maharashtra,geonames-pin
IND313001AAB,Udaipur_Mangri_I (Rajasthan),Udaipur,Rajasthan,313001,24.69862962962963,73.62725185185185,"Fatehpur, Balicha, Udaipur Pratapnagar, Udaipur Railway Station, Udaipur Palace Road, Udaipur Naya Sarafa, Udaipur Shastri Circle, Udaipur Fatehpura, Udaipur Rani Road, Saveena, Paner, Bhuwana, Karda, Dakan Kotra, Udaipur Surajpole, Dhinkli, Dhundi, Kathar, Kewda Khurd, Palodara, Piladhar, Royda, Titardi, Udaipur City, Udaipur Macchala Magra, Udaipur Station Road, Udaipur University Campus",Rajasthan,geonames-pin
IND249407AAA,Haridwar (Uttarakhand),,Uttarakhand,249407,29.857333333333333,77.99329999999999,"Arya Nagar (Haridwar), Jwalapur Town, Jwalapur",Uttarakhand,geonames-pin
IND751002AAB,Bhubaneshwar_Hub (Orissa),Bhubaneshwar,Orissa,751002,20.09,85.5114,"Harachandi Sahi, Sisupalgarh, Kedargouri, Kuha, Bhimatangi ND, Gopinathpur, Old Town (Khorda), Itipur, Kalyanpur Sasan, Sundarpada, Kausalyaganga, Santarapur, Bankual",Odisha,geonames-pin
IND474003AAA,Gwalior_HrihrNgr_I (Madhya Pradesh),Gwalior,Madhya Pradesh,474003,25.8606,78.1123,"Hazira Chowk, Gwalior City",Madhya Pradesh,geonames-pin
IND306401AAB,Pali_Nayagaon_I (Rajasthan),Pali,Rajasthan,306401,25.886256,73.430656,"Jadan, Giradra, Sonai Manji, Mandiya, Bhakriwala, Bhangesar, Bhanwari, Bomadara, Jheetra, Manihari, Neembli-uran, Pali City, Pali  Housing Board, Pali Kutchery, Pali Marwar H.O, Pali Railway Station, Pali Veer Durgadas  Nagar, Sardar-samand, Rana, Dari, Rupawas, Hemawas, Kerla, Pali Industrial Estate, Dayalpura",Rajasthan,geonames-pin
IND152026AAA,Muktsar_DPC (Punjab),Muktsar,Punjab,152026,30.4082,74.49195999999999,"Akalgarh, Thandewala, Sammewali, Sanghudhon, Udekaran, Seerwali, Nand Garh, Muktsar Kty, Mangatker, Madrassa, Kanianwali, Jhabel Wali, Goniana Village, Badhai, Lubanian, Lakhewali, Bhagsar, Muktsar, Ballamgarh, Rahurian Wali",Punjab,geonames-pin
IND144001AAB,Jalandhar_DPC (Punjab),Jalandhar,Punjab,144001,31.212100000000003,75.5684,"Bazar Shahidan, Lajpat Nagar (Jalandhar), N R Colony, Fentonganj, Rasta Mohalla, Shakti Nagar (Jalandhar), General Bus Stand (Jalandhar), Railway Road (Jalandhar), Session Court (Jalandhar), S U S Nagar, Sant Nagar (Jalandhar), Jalandhar City H.O",Punjab,geonames-pin
IND424006AAA,Dhule_MIDCAvdn_I (Maharashtra),Dhule,Maharashtra,424006,20.76621666666667,74.70605,"Dhule Midc, Arvi, Dhadre, Laling, Sadgaon, Purmepada",Maharashtra,geonames-pin
IND786181AAC,Margherita_CivilHPL_D (Assam),Margherita,Assam,786181,27.541875,95.6316875,"Margherita, Ketetong, Ulup Gaon, Margherita New Colony, Lamagaon, Dibong, Borgolai, Alubari",Assam,geonames-pin
IND110064AAA,Delhi_Mayapuri_PC (Delhi),Delhi,Delhi,110064,28.62214,77.05038,"Hari Nagar Dadb Block, Hari Nagar (West Delhi), Hari Nagar BE Block, Maya Puri, Mayapuri Shopping Centre",Delhi,geonames-pin
IND821115AAB,Sasaram_Central_I_2 (Bihar),Sasaram,Bihar,821115,25.1261,84.0255,"Sasaram Local Board, New Area Sasaram, Gandhi Path, Sasaram Bazar, Sasaram H.O",Bihar,geonames-pin
IND221010AAA,Varanasi (Uttar Pradesh),,Uttar Pradesh,221010,25.3076,82.9933,"Gdk, H.P.S., Nagar Maha Palika, Mahmoorganj, Khojwa Bazar, Belpco, Luxa, Kamachha, Aurangabad (Varanasi), Sigra, Bhelupura",Uttar Pradesh,geonames-pin
IND211010AAB,Allahabad_Mirapati_L (Uttar Pradesh),Allahabad,Uttar Pradesh,211010,25.5625,81.7615,"Deys Medical Tiraha, I T I,Naini, T S L",Uttar Pradesh,geonames-pin
IND751021AAA,Bhubaneswar_Patia (Orissa),Bhubaneswar,Orissa,751021,20.09,85.5114,Sailashree Vihar,Odisha,geonames-pin
IND600083AAA,Chennai_AshokNagar_DC (Tamil Nadu),Chennai,Tamil Nadu,600083,13.0473,80.2002,"Ashoknagar (Chennai), Jafferkhanpet",Tamil Nadu,geonames-pin
IND263139AAA,Haldwani_PiliKoti_D (Uttarakhand),Haldwani,Uttarakhand,263139,29.1726,79.56770833333333,"Daulatpur, Kishanpur, Kaladhungi Road, Anandpur, Chorgalia, Mota Haldu, Arjunpur, Kamaluwaganja, Dewalchaur, Bhotia Parao, Painth Parao, Haldwani H.O, Fathepur, Kunwarpur, Kathgharia, Bareilly Road, Manpur Paschim, Industrial Estate, Indranagar, Chausala, Chakalua, Bari Mukhani, Lamachaur, Kusumkhera",Uttarakhand,geonames-pin
IND403601AAA,Goa_Margao_Dc (Goa),Goa,Goa,403601,15.317399999999996,73.9387,"Gogol, Gandhi Market Complex Margao, Margao H.O, Aquem, Nuvem",Goa,geonames-pin
IND400072AAI,Mumbai_Chndivli_D (Maharashtra),Mumbai,Maharashtra,400072,18.9808,72.8338,"Vihar Road, Sakinaka",Maharashtra,geonames-pin
IND756019AAA,Balasore_Ganeshwr_D (Orissa),Balasore,Orissa,756019,21.49895,86.91188333333334,"Remuna, Armala, Badapal, Gobindpur, Januganj, Kanrali, Kashimpur, Somnathpur, Khirachora Gopinath, Gududapatna, Naraharipur, Udambar",Odisha,geonames-pin
IND843126AAA,Saraiya_Wardno4_D (Bihar),Saraiya,Bihar,843126,26.108888888888888,85.3102,"Laloo Chapra, Mirzapur, Saraiya Factory, Muza Patrahia, R.K.Malahi, Raja Rampur, Gopalpur Neora, Raghunathpur, Chakna",Bihar,geonames-pin
IND403507AAA,Panaji Goa (Goa),,Goa,403507,15.5944875,73.81,"Mapusa, Assagao, Bastora, Mapusa I.E., Moira, Camurlim, Gurim, Ucassiam",Goa,geonames-pin
IND506314AAA,Rayaparthi_Perkadrd_D (Telangana),Rayaparthi,Telangana,506314,17.673309090909093,79.57799999999999,"Kondapur, Kolanpalli, Mylaram, Thirumalaipalli, Katrepalli, Ookal Raiparthy, Kondur, Raiparthy, Muripirala, Perkaveid, Keshavapur",Telangana,geonames-pin
IND492001AAB,Raipur_Katora_IP (Chhattisgarh),Raipur,Chhattisgarh,492001,21.2845,81.8203,"Ravigram, Vivekanand Ashram, Kalibadi, Purani Basti (Raipur), Raipur H.O, Raipur Kutchery, Rajendra Nagar (Raipur), Chhotapara, Byron Bazar, Dayanand Nagar",Chhattisgarh,geonames-pin
IND110035AAC,Delhi_North_R_8 (Delhi),Delhi,Delhi,110035,28.6772,77.1573,"Onkar Nagar, Keshav Puram (North West Delhi), Power House, Sarai Rohilla, Ganeshpura, INDERLOK, Rampura",Delhi,geonames-pin
IND638701AAA,Kangayam_Thvlrsrt_D (Tamil Nadu),Kangayam,Tamil Nadu,638701,11.5152,77.4143,"Veeracholapuram, Alampadi, Keeranur, Pappinipachapalayam, Kangayam, Padiyur, Aratholuvu, Avanashipalayampudur, Kadayur, Kangayam East, Kangayam North, Kosavampalayam, Mudianerichal, Nathakattuvalasu, Olapalayam, Paranjervali, Pothiapalayam, Sivanmalai, Thambureddipalayam, Veeranampalayam",Tamil Nadu,geonames-pin
IND396105AAA,Bhilad_Umargaon_DC (Gujarat),Bhilad,Gujarat,396105,20.414688235294115,73.10410588235294,"Nandigam, Bhilad, Borlai, Dehli, Pali, Dhanoli, Kanadu, Karambeli, Zaroli, Valvada, Jamburi, Malav, Mohan, Nahuli, Karambeli R.S., Achhari, Kalai",Gujarat,geonames-pin
IND263401AAA,Kashipur_BajprDPP_D (Uttarakhand),Kashipur,Uttarakhand,263401,,,,,
IND670645AAB,Mananthavady_Central_D_1 (Kerala),Mananthavady,Kerala,670645,11.56605,76.16187777777778,"Pilakavu, Anjukunnu, Arattuthara, Edavaka, Ellumannam, Kammana, Karakkamala, Mundakutty, Nallurnad, Pudusserikadavu, Valery, Vemom, Tharuvana, Mananthavady, Vimalanagar, Pudusseri, Kunnamangalam Wayanad, Kellur",Kerala,geonames-pin
IND396001AAA,Valsad_DC (Gujarat),Valsad,Gujarat,396001,20.5967,72.8987,"Saron, Valsad Mograwadi, Valsad H.O, Valsad Mota Bazar, Ghadoi, Tithal, Khajurdi, Valsad Chhipwad, Sarodhi, Palan, Kewada, Dhamdachi",Gujarat,geonames-pin
IND152107AAA,Malout_DC (Punjab),Malout,Punjab,152107,30.218,74.4611,"Bhagwanpura, Ghumiara Khera, Burj Sidhwan, Chappian, Dabwali Rahurianwali, Faqarsar, Jand Wala Chadat Singh, Malout, Virk Khera, Malout Village",Punjab,geonames-pin
IND691551AAA,Adoor_Town_D (Kerala),Adoor,Kerala,691551,9.138319999999998,76.7133,"Manakala, Choorakode, Nellimukal, Parakoottam, Peringanad",Kerala,geonames-pin
IND152101AAA,Giddarbaha_DC (Punjab),Giddarbaha,Punjab,152101,30.27090833333333,74.68325,"Madhir, Bhaliana, Tharaj Wala, Gidderbaha, Lalbai, Daula, Peori, Sahib Chand, Husnar, Kot Bhai, Ghagga, Channu",Punjab,geonames-pin
IND473331AAA,Ashokngr_Bypassrd_D (Madhya Pradesh),Ashokngr,Madhya Pradesh,473331,24.55845555555556,77.90611481481481,"Ashoknagar H.O, Garroli, Rijoda, Narayanpur, Dhekan, Rajpur, Bhesarwas, Tumen, Taraoli, Shri Anandpur, Ratikheda, Raosar, Patkheda, Kjajuriya Kala, Hyder, Dangora Foot, Bilakhedi, Berkhedi Tumen, Barodia, Mudra Bhadra, Athaikheda, Subash Ganj Ashoknagar, Kachnar, Kukretha, Ashoknagar Collectorate, Kariyya Rai, Semrahat",Madhya Pradesh,geonames-pin
IND403002AAA,Central Goa (Goa),,Goa,403002,15.4672,73.8119,Caranzalem,Goa,geonames-pin
IND271001AAA,Gonda_KotwaliN_D (Uttar Pradesh),Gonda,Uttar Pradesh,271001,27.1328,81.9744,"Civil Line (Gonda), P A C, Gonda H.O",Uttar Pradesh,geonames-pin
IND530018AAA,Vizag _NAD (Andhra Pradesh),Vizag,Andhra Pradesh,530018,17.8578,83.1259,Marripalem,Andhra Pradesh,geonames-pin
IND246424AAA,Chamoli_CGRoad_D (Uttarakhand),Chamoli,Uttarakhand,246424,30.200666666666667,79.395975,"Saikot, Bachher, Bhimtalla, Lasiyari, Sonla Baunli, Palethi, Ropa, Gauna, Maithana, Irani, Gari, Chamoli",Uttarakhand,geonames-pin
IND695012AAB,Trivandrum_Mnanthla_D (Kerala),Trivandrum,Kerala,695012,8.6085,77.015,"Poojapura H.O, Thamalam, Poojapura Junction",Kerala,geonames-pin
IND396580AAB,Vansda_CikhliRD_D (Gujarat),Vansda,Gujarat,396580,20.81156,73.10193333333333,"Ranifalia, Godhabari, Kavdej, Boriach, Khambhla(Vansda), Upsal, Vanarasi, Ambapani, Ambabari, Khata Ambha, Mahuvas, Dubalfalia, Gangpur, Ghodmal, Mankunia, Jamalia, Molaamba, Navtad, Motibhamti, Kandha, Chondha, Manpur, Chorvani, Navanagar, Raibor, Kansaria, Umarkui, Limzar, Charanvada, Vansda",Gujarat,geonames-pin
IND560099AAG,Bengaluru_Bomsndra_L (Karnataka),Bengaluru,Karnataka,560099,13.239875,77.550075,"Bommasandra Industrial Estate, Muthanallur, Chandapura, Huskur",Karnataka,geonames-pin
IND602001AAA,Chennai_Thiruvlr_DC (Tamil Nadu),Chennai,Tamil Nadu,602001,13.0553,79.906,"Tiruvallur Nethaji Road, Nggo Colony Tiruvallur, Tiruvallur H.O",Tamil Nadu,geonames-pin
IND110020AAB,OK_RPC (Delhi),OK,Delhi,110020,28.54978,77.26512,"F F C Okhla, C R R I (South Delhi), Okhla Industrial Area Phase-i, Tehkhand, Okhla Industrial Estate",Delhi,geonames-pin
IND796081AAA,Kolasib_Diakkawn_D (Mizoram),Kolasib,Mizoram,796081,24.2239,92.6787,"Saikhawthlir, Vengthar, Bairabi, Chuhvel, Thingdawl, Builum, Diakkawn, Suarhliap, Kolasib",Mizoram,geonames-pin
IND524201AAA,Kavali_Kacheri_D (Andhra Pradesh),Kavali,Andhra Pradesh,524201,14.4268,79.73439999999998,"Kavali Co-op Colony, Choudaripalem, Janathapeta, Kavali Bazar, Kavali H.O, Musunur, Kavali Cutchery",Andhra Pradesh,geonames-pin
IND152123AAA,Fazilka_GndhiChk_D (Punjab),Fazilka,Punjab,152123,30.9492,74.7637,"Fazilka, Ladhuka, Behak, Chak Sotrian, Hasta Kalan, Rana, Sabuana, Gandhi Nagar Fazilka, Chak Banwala, Mauzam, Mandi Ladhuka, Kirianwali, Karni Khera, Jandwala, Jaurki Andhewali, Chimnewala",Punjab,geonames-pin
IND243301AAB,Aonla_KdidmCLY_D (Uttar Pradesh),Aonla,Uttar Pradesh,243301,28.357905555555558,79.28700555555555,"Phulasi, Digoi, Aonla, Tanda, Tehsil Aonla, Aonla Katra, Guleli, Kasumara, Mehmoodpur, Mohammadpur Pathra, Noorpur, Urla, Katsari, Gotha Khandua, Manona, Reoti, Aonla Kila, Kangaon",Uttar Pradesh,geonames-pin
IND500008AAD,Hyderabad_Tolichwk_L (Telangana),Hyderabad,Telangana,500008,17.4171,78.4772,"Toli Chowki, Golconda, Lunger House, Nanakramguda, Kakatiya Nagar, Sakkubai Nagar",Telangana,geonames-pin
IND828401AAB,Gomoh_KhsmiDPP_D (Jharkhand),Gomoh,Jharkhand,828401,23.84035,86.39182500000001,"Hariharpur, Bhendra, Gomoh, Ghunghusa",Jharkhand,geonames-pin
IND688009AAA,Alappuzha_Pazhvedu_D (Kerala),Alappuzha,Kerala,688009,9.4333,76.35,"Pazhaveedu, Pandarakulam",Kerala,geonames-pin
IND160003AAA,Chandigarh (Chandigarh),,Chandigarh,160003,30.7465,76.7417,"Behlana, Aerodrome",Chandigarh,geonames-pin
IND302004AAA,Jaipur_NgrNigam_DC (Rajasthan),Jaipur,Rajasthan,302004,26.9196,75.7878,"Janta Colony, Jhalana Doongri, Arjun Lal Sethi Nagar, Krishna Mandir, S.M.S.Hospital, Tilak Nagar (Jaipur), Raja Park Colony, Rajasthan University, Jawahar Nagar H.O",Rajasthan,geonames-pin
IND636005AAA,Salem_Kadtmpty_H (Tamil Nadu),Salem,Tamil Nadu,636005,11.6741,78.2221,"Suramangalam H.O, Thangamapuripattinam, Jawahar Mills, Meyyanur, Suramangalam Railway Colony",Tamil Nadu,geonames-pin
IND767017AAA,Sonepur_BrezeDPP_D (Orissa),Sonepur,Orissa,767017,21.70469,84.9756,"S. Kalapathar, Sonepur Badbazar, Baidyanath, Khaliapali, Bisimunda, Mayurudan, Khambeswaripali, Spinning Mills, Ghodaghatpara, Sonepur (Sonapur)",Odisha,geonames-pin
IND400016AAA,Mumbai Mahim (Maharashtra),,Maharashtra,400016,19.0073,72.8421,"Mori Road, Kapad Bazar, Mahim Bazar, Mahim H.O, Mahim East",Maharashtra,geonames-pin
IND757041AAA,Udala_NagplDPP_D (Orissa),Udala,Orissa,757041,21.87538125,86.420925,"Badsingaria, Udala, Khaladi, Ambadiha, Nayarangamatia, Patpur, Jualia, Udala Bazar, Bahubandh, Bhimtali, Dughdha, Jaida, Kutling, Kainsari, Salmundali, Udala College",Odisha,geonames-pin
IND246001AAA,Pauri_Khndyusn_D (Uttarakhand),Pauri,Uttarakhand,246001,30.1527,78.78320526315788,"Chardhar, Kiwarsh, Girgaon, Nisni, Jamnakhal, Uziyari, Kandoliya, Bus Station Pauri, Khandah, Chandolarain, Chopriun, Kyark, Bubakhal, Khandusain, Dhandri Bichli, Bhainswara Ghandiyal, Upper Bazar, Pauri H.O, Gadwagad",Uttarakhand,geonames-pin
IND403726AAB,Goa_ZuariNgr_IP (Goa),Goa,Goa,403726,15.2046,73.9732,Zuarinagar,Goa,geonames-pin
IND505122AAA,Jammikunta_ConduDPP_D (Telangana),Jammikunta,Telangana,505122,18.29046,79.45324000000001,"Madupalli, Shaimpet, Mallial, Chelpur, Sarsaid, Kanagarthi, Yellanthakunta, Gundedu, Dharmaram, Jammikunta",Telangana,geonames-pin
IND400612AAA,Mumbai_Mumbra_DC (Maharashtra),Mumbai,Maharashtra,400612,19.1941,73.0002,"Kausa, Diwa, Waklan, Mumbra, Dawale, Dahisar",Maharashtra,geonames-pin
IND444203AAA,Shegaon_SChwkDPP_D (Maharashtra),Shegaon,Maharashtra,444203,20.559664285714288,76.42409285714287,"Alsana, Adsul, Shegaon, Bhongaon, Kherda, Nagzari, Chincholi Karfarma, Janori Nipana, Jawala BK, Manasgaon, Rokdiya Nagar, Sagoda, Takli Viro, Zadegaon",Maharashtra,geonames-pin
IND125121AAA,Barwala_Central_DPP_1 (Haryana),Barwala,Haryana,125121,29.355986956521743,75.8624695652174,"Panihari, Sarhera, Matloda, Sarsod, Kharkara, Rajli, Bugana, Barwala Mandi, Gurana, Jeora, Daulatpur, Khedar, Faridpur, Barwala (Hisar), Banbhori, Kharak Punia, Dhani Khan Bahadur, Sandlana, Badhawar, Bhaini Badshahpur, Gaibipur, Dhadh, Biana Khera",Haryana,geonames-pin
IND246149AAA,Kotdwara_Nzbadrd_D (Uttarakhand),Kotdwara,Uttarakhand,246149,29.74835555555556,78.61608333333334,"Amsaur, Padampur, Kishanpur, Kotdwara H.O, Kotridhang, Lokmanipur, Mawakot, Nimbuchaur, Padampur Motadhak, Shivrajpur, Kalalghati, Jhandichaur, Kumbhichaur, B.E.L., Balasaur, Nazibabad Road, Kotdwara Railway Station, Devikhal",Uttarakhand,geonames-pin
IND673632AAA,Kozhikode_Central_H_4 (Kerala),Kozhikode,Kerala,673632,11.295066666666663,75.85613333333333,"Farook College, Karad Paramba, Azhinjilam",Kerala,geonames-pin
IND276129AAA,Chiraiyakot_KamalDPP_D (Uttar Pradesh),Chiraiyakot,Uttar Pradesh,276129,25.9903,83.43909375,"Sherpur, Daulatabad, Jigar Sandi, Bhagwat, Barahalaganj, Mande, Kajha, Bramhanpur, Kamarawa, Karami, Chiraia Kot, Chhapara, Sachui, Misarauli, Sarauda, Rasepur",Uttar Pradesh,geonames-pin
IND500010AAA,Hyderabad_Alwal_I (Telangana),Hyderabad,Telangana,500010,17.4171,78.4772,"Bolarum Bazar, Bolarum, Alwal",Telangana,geonames-pin
IND841405AAA,Barauli_SiwanRd_D (Bihar),Barauli,Bihar,841405,26.36173157894737,84.67215789473684,"Achhaibar Pipra, B.A.Sonbarsa, Kamalpur, Neori, Kahla, Nawada, Barauli (Gopalganj), Salempur, Devapur, Sikatiya Sridhar Sahi, B.Rampur, Hassanpur Mathiya, Batardey, Lohijara, M.Biraicha, Rupanchhap, Sadauwan, Sareya Narendra, Khajuri",Bihar,geonames-pin
IND700088AAA,Kolkata_TrtllaRD_L (West Bengal),Kolkata,West Bengal,700088,22.5553,88.3558,"Brace Bridge, Telecom Factory, Taratala Road",West Bengal,geonames-pin
IND482002AAA,Jabalpur (Madhya Pradesh),,Madhya Pradesh,482002,23.135096,79.97965599999999,"I.T.I., Mangela, Gohalpur, Motinala, Dixitpura, Miloniganj, Nagar Nigam, Pachkuiyan, Telegraph Work Shop, Kamala Nehru Nagar, Garha Phatak, Ganjipura, Belkhadu, Lordganj, Gurandi Bazar, Hanumantal, Jabalpur City, Jonesganj, Archha, Agasaud, Surtalai, Karmeta, Simaria, Sukha, Wright Town",Madhya Pradesh,geonames-pin
IND421302AAF,Mumbai_Kalyan (Maharashtra),Mumbai,Maharashtra,421302,19.222834782608697,73.22239565217392,"Chimbipada, Shastrinagar (Thane), Anjur, Angaon, Kalher, Kunde, Mahapoli, Shantinagar E.D., Kharbav, Lonad, Dunge, Dighashi, Chinchwali, Shelar, Dandekarwadi, Dabhad, Amane, Rehnal, Pachhapur, Vadpe, Vadavali, Paye, Dugad",Maharashtra,geonames-pin
IND110077AAA,Delhi_Palam (Delhi),Delhi,Delhi,110077,28.5677,77.07586,"Palam Extn (Harijan Basti), Bagdola, Barthal, Dhulsiras, Raj Nagar - II",Delhi,geonames-pin
IND395010AAB,Surat_Brpc (Gujarat),Surat,Gujarat,395010,21.2623,73.0694,"Kumbharia, Parvat Patia, Bombay Market, Saroli",Gujarat,geonames-pin
IND000000AAQ,Barasat_KrshnNgr_D (West Bengal),Barasat,West Bengal,000000,,,,,
IND852118A1B,,,Bihar,852118,,,,,
IND477001AAA,Bhind_BhrolDPP_D (Madhya Pradesh),Bhind,Madhya Pradesh,477001,26.5093125,78.65120625,"Attair Road Bhind, Dharai, Lawan, Gopalpura, Chandupura, Bhind Kutchary, Pidora, Usha Nagar Colony EDSO, Jamna, Housing Colony Bhind, Goara, Ethar, Daboha, Bhind H.O, Bhind Mandi, Garhpara",Madhya Pradesh,geonames-pin
IND686028AAB,Kottayam_Central_H_1 (Kerala),Kottayam,Kerala,686028,,,,,
IND518222AAA,Dhone_RmNyrDPP_D (Andhra Pradesh),Dhone,Andhra Pradesh,518222,15.396822222222225,77.86272777777778,"Katarukonda, Malkapuram, Eddupenta, Ungaralagundla, Bogolu, Dhone, Kamaganikuntla, Dhone-bazar, Kotchervu, Malliyala, Sudepalli, Udumulapadu, Koilakonda, B.Ramadurgam, Jagadurthi, Dharmavaram, Kamalapuram, Chityala",Andhra Pradesh,geonames-pin
IND400072AAA,Mumbai_Tejpal_M (Maharashtra),Mumbai,Maharashtra,400072,18.9808,72.8338,"Vihar Road, Sakinaka",Maharashtra,geonames-pin
IND500039AAD,Hyderabad_Uppal_L (Telangana),Hyderabad,Telangana,500039,17.27435,78.4442,"Peerzadiguda, Uppal (K.V.Rangareddy)",Telangana,geonames-pin
IND400701AAB,Mumbai_Pawane_L (Maharashtra),Mumbai,Maharashtra,400701,19.1167,72.9833,Ghansoli,Maharashtra,geonames-pin
IND781018AAA,Guwahati_East (Assam),Guwahati,Assam,781018,26.118,91.4061,Binovanagar,Assam,geonames-pin
IND781102AAA,Hajo_Sardala_D (Assam),Hajo,Assam,781102,26.194194444444445,91.567,"Tokradia, Ramdia, Hajo, Uzankuri, Kalitakuchi, Akadi, Nampara Majarkuri, Topabari, Kuwarpur, Bagta, Bhelkarbazar, Borni, Dampur, Gerua, Hablaka, Khapenikuchi, Khetri Hardia, Soniadi",Assam,geonames-pin
IND562108AAA,Gauribidanur_Gurukrpa_D (Karnataka),Gauribidanur,Karnataka,562108,12.920027272727276,77.14563636363636,"Abbur, Gowdagere, Honnayakanahalli, Mogenahalli, Mankunda, Kanva, Bevurmandya, Makali, Bevur (Ramanagar), Nagavara, Kyasapura",Karnataka,geonames-pin
IND421301AAA,Mumbai_Kalyan West _Dc (Maharashtra),Mumbai,Maharashtra,421301,19.2166,73.2176,"Subhash Road (Thane), Kalyan D.C., Kalyan City H.O, Kalyan Rs",Maharashtra,geonames-pin
IND458990AAA,Sitamau_Central_DPP_1 (Madhya Pradesh),Sitamau,Madhya Pradesh,458990,24.17849166666667,75.4038,"Dhiknia, Kheda, Saktali, Rathana, Rawta, Bilantri, Kheta Kheda, Khejdia, Mahua, Basai, Sitamau, Titrod",Madhya Pradesh,geonames-pin
IND431001AAB,Aurangabad_Pratpngr_D (Maharashtra),Aurangabad,Maharashtra,431001,20.0291,75.2816,"Saraswati Colony, Shahaganj (Aurangabad), Samarthnagar, Fazalpura, Medical College (Aurangabad), Aurangabad City, Aurangabad (MH) H.O",Maharashtra,geonames-pin
IND110083AAA,Delhi_Mangol_DC (Delhi),Delhi,Delhi,110083,28.7441,77.0732,"Mangolpuri A Block, Mangolpuri N Block, Mangolpuri S Block, Mangolpuri I  Block",Delhi,geonames-pin
IND571124AAA,Tirumakudalu_Narasipr_D (Karnataka),Tirumakudalu,Karnataka,571124,12.20119411764706,76.52125882352941,"Vatalu, Kanahalli, Nilasoge, Byrapura, Hosa Alagodu, T Narasipura, Kurubur, Bannahalli Hundi, Hiriyur, Ganaganur, Banahalli, Danaikanapura, Karuhatti, Hyakanur, Kiragasur, Thayur, Muguru",Karnataka,geonames-pin
IND151506AAA,Jhunir_BhaRDDPP_D (Punjab),Jhunir,Punjab,151506,29.797646153846152,75.33692307692307,"Chenewala, Kusla, Fatta Maluka, Fatehpur, Malkon, Lallian Wali, Moffar, Hingna, Ghuddu Wala, Jhanduke, Adamke, Jhunir, Jatana Kalan",Punjab,geonames-pin
IND560027AAA,Blr_Domlur (Karnataka),Blr,Karnataka,560027,13.225699999999998,77.575,"Wilson Garden, Sampangiramnagar, Shanthinagar",Karnataka,geonames-pin
IND563116AAA,Bethamangala_FshryOFC_D (Karnataka),Bethamangala,Karnataka,563116,13.04708,78.24932,"Gannerahalli, Bethamangala, Sundarapalya, Kadripura, Vengasandra, Hulkur, Ramasagara, Gollahalli, Mustoor, N.G. Hulkur",Karnataka,geonames-pin
IND465333AAA,Shujalpur_AstrdDPP_D (Madhya Pradesh),Shujalpur,Madhya Pradesh,465333,23.39751,76.6791,"Shujalpur  City, Mayapur  Mangrola, Arniya  Kalan, Rolakhedi, Bhilkhedi, Tilawadmena, Alisiriya, Raipur, Shujalpur  Mandi, Dehandi",Madhya Pradesh,geonames-pin
IND110024AAA,Delhi_Lajpat_IP (Delhi),Delhi,Delhi,110024,28.572375,77.236475,"Amar Colony, Lajpat Nagar (South Delhi), Krishna Market, Defence Colony (South Delhi)",Delhi,geonames-pin
IND600016AAC,Chennai_Perungudi_DPC (Tamil Nadu),Chennai,Tamil Nadu,600016,12.9846,80.1747,"Meenambakkam, Chennai Airport, St.Thomas Mount H.O, Alandur(Reopened W.E.F.6.6.05)",Tamil Nadu,geonames-pin
IND577126AAA,Koppa_Sangetha_D (Karnataka),Koppa,Karnataka,577126,13.484815789473684,75.416,"Kelakuli, Koppa H.O, Halmathur, Gunavanthe, Melukoppa, Suryadevasthana, Uttameshwara, Belavinakodige, Andagaru, Kachakalli, Hosakoppa, Addada, Narve, Dayamballi, Bhandigadi, Kesave, Berukodige, Addagadde, Hirekodige",Karnataka,geonames-pin
IND131301AAA,Gohana_DvlalDPP_D (Haryana),Gohana,Haryana,131301,29.091414285714286,76.74575357142858,"Kheri Damkan, Jagsi, Lath, Gohana, Madina, Puthi, Barota, Jauli, Kathura, Sikenderpur Majra, Bali Brahman, Tihar, Mehmoodpur, Mahra-I, Bidhal Pinana, Mini Sectt Gohana, Moi Hooda, Nayat, Rabra, Gohana Mandi, Bus Stand Gohana, Rukhi, Bhainswan Khurd, Kathura Block, Ahulana(Gohana), Khandrai, Chhichrana, Bidhal",Haryana,geonames-pin
IND751015AAA,Bhubaneshwar_Nayapalli (Orissa),Bhubaneshwar,Orissa,751015,20.09,85.5114,I R C Village,Odisha,geonames-pin
IND201301AAL,Dadri_ICDCant_D (Uttar Pradesh),Dadri,Uttar Pradesh,201301,28.60875,77.51740000000001,"Noida Sector 27, Noida Sector 12, Noida H.O, Noida Sector 16",Uttar Pradesh,geonames-pin
IND243503AAB,Faridpur_ShjnprRD_D (Uttar Pradesh),Faridpur,Uttar Pradesh,243503,28.264591304347825,79.54666956521739,"Dhakni Rajpuri, Rampura Ratan, Sarkara, Angadpur Khamaria, Raipur Hans, Nawada Bilsandi, Sunha, Faiznagar, Faridpur, Kuan Tanda, Hazipur Khazuria B, Budhauuli, Nagaria Vikram, Marhi Sukatia, Athana, Laungpur, Kakra Kalan, Khateli, Dalpura, Pachomi, Piperthara, Simra Bahor Nagla, Qadarganj",Uttar Pradesh,geonames-pin
IND485001AAC,Satna_Central_I_2 (Madhya Pradesh),Satna,Madhya Pradesh,485001,24.500655555555557,80.7396,"Mahadeva, Lagargawan, Patura, Satna Mukhtiyarganj, Rampur Gandhi Gram, Pithurabad, Itmanaditeer, Sabhaganj, Satna Tikuria Tola, Bhatnawara, Satna Civil Line, Satna Semaria Chowk, Loharaura, Bharhut, Satna H.O, Bhumkahar, Satna Jawahar Nagar, Bagha",Madhya Pradesh,geonames-pin
IND248122AAB,Mussoorie_BrlwgDPP_D (Uttarakhand),Mussoorie,Uttarakhand,248122,30.4409,78.0892,Barlowganj,Uttarakhand,geonames-pin
IND768004AAD,Sambalpur_Central_H_2 (Orissa),Sambalpur,Orissa,768004,21.4925,83.9853,"Budharaja, Ainthapali",Odisha,geonames-pin
IND600004AAA,Chennai_Mylapore (Tamil Nadu),Chennai,Tamil Nadu,600004,13.0754,80.2737,"Vivekananda College Madras, Mandaveli, Mylapore H.O",Tamil Nadu,geonames-pin
IND507303AAA,Sathupally_VidyaNGR_D (Telangana),Sathupally,Telangana,507303,17.21082857142857,80.41677142857142,"Tumburu, Sadasivunipalem, Nagupalli, Siddaram, Duddepudi, Bathupalli Ganagaram, Cherukupalli, Kakarlapalli, Sathupalli, Kistaram, Narayanapuram, Modivari, Gandugulapalli, Taluk Office(STP)",Telangana,geonames-pin
IND829122AAA,Ramgarh_HotelPrk_D (Jharkhand),Ramgarh,Jharkhand,829122,23.6307,85.5606,"Ramgarh (Ramgarh), Ramgarh Cantt H.O",Jharkhand,geonames-pin
IND575004AAB,Mangalore_Kuntikna_H (Karnataka),Mangalore,Karnataka,575004,12.8382,75.2667,Bijai,Karnataka,geonames-pin
IND244601AAB,Thakurdwara_Fathuluh_D (Uttar Pradesh),Thakurdwara,Uttar Pradesh,244601,29.04652307692308,78.7621,"Longi Kalan, Raghowala, Bahadur Nagar, Nanhuwala, Kasanpur Gaonri, Fareed Nagar Mustqum, Kalajhanda, Thakurdwara, Pasiapura, Khawajpur, Ratupura, Gopiwala, Sultanpur Dost",Uttar Pradesh,geonames-pin
IND500050AAA,Patancheru_Ameenpur_I (Telangana),Patancheru,Telangana,500050,17.4171,78.4772,Chandanagar,Telangana,geonames-pin
IND751014AAA,Bhubaneswar_BjbNgr_DC (Orissa),Bhubaneswar,Orissa,751014,20.09,85.5114,"B J B Nagar, Bhubaneswar Court",Odisha,geonames-pin
IND201007AAB,Ghaziabad_MohanNgr_C (Uttar Pradesh),Ghaziabad,Uttar Pradesh,201007,28.7643,77.4856,Mohan Nagar (Ghaziabad),Uttar Pradesh,geonames-pin
IND756029AAA,Basta_Central_DPP_1 (Orissa),Basta,Orissa,756029,21.50713888888889,86.94271666666667,"Srirampur, Sadanandapur, Bidyadharpur, Uitikiri, Pandurangi, Mathani, Mandrukula, Machhadiha, Kushadiha (B)church, Jamalpur, Haladiapada, Dhobachakurai, Dandika, Barunagadia, Baharda Bazar, Basta, Khadikapada, Kushadiha (A)",Odisha,geonames-pin
IND477001AAB,Bhind_EtwahDPP_D (Madhya Pradesh),Bhind,Madhya Pradesh,477001,26.5093125,78.65120625,"Attair Road Bhind, Dharai, Lawan, Gopalpura, Chandupura, Bhind Kutchary, Pidora, Usha Nagar Colony EDSO, Jamna, Housing Colony Bhind, Goara, Ethar, Daboha, Bhind H.O, Bhind Mandi, Garhpara",Madhya Pradesh,geonames-pin
IND152116AAA,Abohar_DC (Punjab),Abohar,Punjab,152116,30.9492,74.7637,"Waryam Khera, Kandwala Amarkot, Rajanwali, Rukanpura, Krishna Nagari Abohar, Nai Abadi Abohar, New Grain Market Abohar, Patti Sadiq, Alamgarh, Govt Seed Form, Wahabwala, Burj Mohar, Bhagoo, Jhurar Khera, Abohar Mandi, Abohar, Kikar Khera, Ramsara",Punjab,geonames-pin
IND201306AAA,Noida_Surajpur_DC (Uttar Pradesh),Noida,Uttar Pradesh,201306,28.5506,77.43746666666668,"I.A. Surajpur, Kulesra, Bisrakh",Uttar Pradesh,geonames-pin
IND160102AAC,Chandigarh_Raiprvlg_L (Chandigarh),Chandigarh,Chandigarh,160102,30.7465,76.7417,"Raipur Kalan, Mauli Jagran",Chandigarh,geonames-pin
IND825102AAA,Phusro_RhmgjDPP_D (Jharkhand),Phusro,Jharkhand,825102,23.78056666666667,85.97336666666666,"Angwali, Dhori, Palamu",Jharkhand,geonames-pin
IND250002AAA,Meerut (Uttar Pradesh),,Uttar Pradesh,250002,28.960506896551724,77.72790689655173,"Ghosipur, Meerut Tehsil, Ramnagar (Meerut), Shivpuri (Meerut), Budhera Zahidpur, Kishanpura (Meerut), Kabari Bazar, Lisari Gate, Baghpat Gate, Banker Street, Budhana Gate, Chhipi Tank, Nadir Ali & Co., Gandhi Ashram (Meerut), Ramlilaground, Rly. Road Meerut, Sarrafa Bazar, S.G.Mandi, Thapar Nagar, W. K. Road, Meerut City R. S., Kaiser Ganj, Navinmandi, Malyana, Meerut City H.O, Anaj Mandi (Meerut), Suraj Kund Road, Lisari, Panchli Khurd",Uttar Pradesh,geonames-pin
IND846004AAA,Darbhanga (Bihar),,Bihar,846004,26.0192,85.9621,"Katki Bazar, Darbhanga City, Darbhanga H.O, Darbhanga Chowk, Kilaghat, C M College, Darbhanga Bara Bazar, Kathalwari, Qadirabad",Bihar,geonames-pin
IND521333AAA,Kaikaluru_Atapaka_D (Andhra Pradesh),Kaikaluru,Andhra Pradesh,521333,16.548366666666666,81.24018333333333,"Kallapalem, Achavaram, Chinatadinada, Varahapatnam, Gopavaram, Konduru, Vinjaram, Chintapadu, Atapaka, Kaikalur, Tadinada, Chavalipadu",Andhra Pradesh,geonames-pin
IND400705AAA,Mumbai_Sanpada_CP (Maharashtra),Mumbai,Maharashtra,400705,,,,,
IND400016AAB,Mumbai_MhimWest_C (Maharashtra),Mumbai,Maharashtra,400016,19.0073,72.8421,"Mori Road, Kapad Bazar, Mahim Bazar, Mahim H.O, Mahim East",Maharashtra,geonames-pin
IND625008AAA,Madurai_Kappalur_H (Tamil Nadu),Madurai,Tamil Nadu,625008,9.8444,78.0164,"Kappalur Indl.Estate, Austinpatti, Thoppur, Koothiyargundu, Sivanandanagar, Kappalur",Tamil Nadu,geonames-pin
IND248001AAA,Dehradun (Uttarakhand),,Uttarakhand,248001,30.32129565217392,78.03999565217391,"Rispana, Cannaught Place, Neshvilla Road, Mothrowala, Kanwali Road, Kanwali, Hathi Barkala, Dilaram Bazar, Dehradun City, Sachivalaya Parisar, CDA(A.F), Sayedwala, Nivh, Araghar, Karanpur, Dehradun Kty, Arahat Bazar, Patel Nagar (Dehradun), Dehradun G.P.O., Dehradun IBC, Govindgarh (Dehradun), Ballupur, Dalanwala",Uttarakhand,geonames-pin
IND121004AAA,Faridabad_Blbgarh_DC (Haryana),Faridabad,Haryana,121004,28.31958695652174,77.34871739130435,"Machhgar, Dayalpur, Dhauj, Panhera Khurd, Sagarpur, Mohna, Pali, Atali, Fatehpur Billoch, Gadpuri, Faridabad Sector 3, Baroli, Chawla Colony Ballabgarh, Chhainsa, Seekri, Deeg, N.T.P.C./sector-10 Faridabad, Neemka, Jawan, Gonchhi, Fatehpur Tagga, Ballabgarh, Amarpur",Haryana,geonames-pin
IND110043AAC,Delhi_Nangli_L (Delhi),Delhi,Delhi,110043,28.60558823529412,76.99456470588235,"Gopal Nagar, Shyam Vihar, Arjun Park, Baprola, Najafgarh, Kair, Khaira, Daulatpur, Dindarpur, Rewla Khanpur, Tilangpur Kotla, Pandwala Kalan, Dichaun Kalan, Jhatikara, Surehra, Papravat, Mitraon",Delhi,geonames-pin
IND341510AAB,Merta_Central_DPP_1 (Rajasthan),Merta,Rajasthan,341510,26.96058125,74.141821875,"Morra, Akeli 'a', Dhandhalas, Ganthiya, Mugadara, Netariya, Bargaon, Rasaliyawas, Satlas, Kum Merta, Gawardi, Khakharki, Kurdayan, Kalru, Kanwariyat, Arniyala, Baggar, Beetan, Bhuriyasani, Chawandiyakallan, Lambajatan, Merta City, Chundiya, Dangawas, Katyasani, Lampolai, Mokala, Indawar, Merta, Dhaneriya, Gagrana, Pundlu",Rajasthan,geonames-pin
IND000000ABA,Cochin_Chtrpuza_D (Kerala),Cochin,Kerala,000000,,,,,
IND000000AEL,Delhi_PunjabiB_L (Delhi),Delhi,Delhi,000000,,,,,
IND631003AAA,Arakkonam_HousngBd_D (Tamil Nadu),Arakkonam,Tamil Nadu,631003,13.071853846153846,79.59676923076924,"Chitteri, Vadamambakkam, Kilpakkam, Kilandur, Anaipakkam, Ichiputhur, Mudur, Valaikulam, Jothinagar, Kainoor, Thanigaipolur, Kumpinipet, Perungalathur",Tamil Nadu,geonames-pin
IND000000AFJ,Trivandrum_Pettah_D (Kerala),Trivandrum,Kerala,000000,,,,,
IND683572AAA,Angamaly_CivilStn_D (Kerala),Angamaly,Kerala,683572,10.095571428571429,76.37541428571429,"Thuravoor, Angamally, Elavoor, Nayathode, Vappalassery, Puliyanam, Kidangoor",Kerala,geonames-pin
IND400102AAB,Mumbai_Jogeshwri_L (Maharashtra),Mumbai,Maharashtra,400102,18.9808,72.8338,"Jogeshwari West, Oshiwara",Maharashtra,geonames-pin
IND248001AAD,Dehradun_Nirjanpur_L (Uttarakhand),Dehradun,Uttarakhand,248001,30.32129565217392,78.03999565217391,"Rispana, Cannaught Place, Neshvilla Road, Mothrowala, Kanwali Road, Kanwali, Hathi Barkala, Dilaram Bazar, Dehradun City, Sachivalaya Parisar, CDA(A.F), Sayedwala, Nivh, Araghar, Karanpur, Dehradun Kty, Arahat Bazar, Patel Nagar (Dehradun), Dehradun G.P.O., Dehradun IBC, Govindgarh (Dehradun), Ballupur, Dalanwala",Uttarakhand,geonames-pin
IND445101AAA,Nagpur_Gondkhry_H (Maharashtra),Nagpur,Maharashtra,445101,20.47041578947368,78.29226842105264,"Naigaon, Ashti, Veni (Kotha), Dighi, Kharda, Babhulgaon, Ganori, Sarul, Pimpalkhuta, Pahur (Dabha), Gharfal, Pachkhed, Pardi (Sawlapur), Rani Amravati, Dabha (Pahur), Veni Kasba, Watkhed, Falegaon, Kotamba",Maharashtra,geonames-pin
IND781022AAA,Guwahati_Sixmile (Assam),Guwahati,Assam,781022,26.118,91.4061,Khanapara,Assam,geonames-pin
IND400037AAA,Mumbai Antop Hill (Maharashtra),,Maharashtra,400037,19.0031,72.8456,"C G S Colony, Antop Hill, Wadala Truck Terminal, B P T Colony",Maharashtra,geonames-pin
IND847212AAA,Madhubani_Bardivan_D (Bihar),Madhubani,Bihar,847212,26.357522222222222,86.12493333333333,"Kakna, Malangia, Basuara, Kharra, Dumari, Bhowara, Sirpurhati, Bhachhi, Khajuri",Bihar,geonames-pin
IND695101AAB,Attingal_Central_D_2 (Kerala),Attingal,Kerala,695101,8.6344,76.9382,Attingal H.O,Kerala,geonames-pin
IND273304AAA,Nichlaul_Wardno13_D (Uttar Pradesh),Nichlaul,Uttar Pradesh,273304,27.06628181818182,83.4916090909091,"Madanpura, Ledi, Rengahia, Meghwali Kala, Doma Khas, Jhulnipur, Sekhanli, Baithwalia, Nichlaul, Auratar, Bali",Uttar Pradesh,geonames-pin
IND401104AAB,Mumbai_MiraRoad_M (Maharashtra),Mumbai,Maharashtra,401104,,,,,
IND788806AAA,Badarpur_Konapara_D (Assam),Badarpur,Assam,788806,24.8457,92.5086,"Umarpur, Kalairbond, Srigouri, Malua, Badarpur Bazar, Anglarbazar, Badarpur (Karimganj), Hasanpur",Assam,geonames-pin
IND390018AAB,Vadodara_Karelibaug_DC (Gujarat),Vadodara,Gujarat,390018,22.2454,73.2327,Karelibaug,Gujarat,geonames-pin
IND700065AAA,CCU_Beliaghata_DPC (West Bengal),CCU,West Bengal,700065,22.5553,88.3558,"Health Institute, Durganagar, Rabindra Nagar, Subhas Nagar",West Bengal,geonames-pin
IND760003AAB,Berhampur_Khajuria_I (Orissa),Berhampur,Orissa,760003,19.57801111111111,84.68863333333333,"Markandi, Keluapalli, Haladiapadar, Padmapur, Phulta, Rangipur, Gosaninuagam, Ladigam, Daspur",Odisha,geonames-pin
IND110014AAA,Delhi_Bhogal (Delhi),Delhi,Delhi,110014,28.5014,77.2274,"Jeevan Nagar, Jungpura, Pratap Market, Hari Nagar Ashram",Delhi,geonames-pin
IND400072AAC,BOM_Sakinaka_RP (Maharashtra),BOM,Maharashtra,400072,18.9808,72.8338,"Vihar Road, Sakinaka",Maharashtra,geonames-pin
IND501359AAG,Hyderabad_South_R_11 (Telangana),Hyderabad,Telangana,501359,17.201649999999997,78.51263333333334,"Maisaram, Kandukur, Lemur, Gudur, Chippalapalli, Rachaloor, Tummalur, Dabbedguda, Pulmamidi, Nedunur, Jaitwaram, Mankhal",Telangana,geonames-pin
IND563125AAB,Chintamani_Central_D_2 (Karnataka),Chintamani,Karnataka,563125,13.24214347826087,78.1518652173913,"Chandrahalli, Nadampalli, Chinnsandra, Oolavadi, Mindigal, Mylandahalli, Kotegal, Konapalli, Kencharlahalli, Ullappanahalli, Chintamani, Chilakalanerpu, Doddaganjur, Anoor, Kallahalli, Ganjigunte, T. Gollahalli, Y.Hosakote, N. Kothur, Chintamani Bazar, Chintamani Market, Yenigadale, Settihalli",Karnataka,geonames-pin
IND000000ACN,Hyderabad_Mhdiptnm_C (Telangana),Hyderabad,Telangana,000000,,,,,
IND243001AAA,Bareilly_Central_D_2 (Uttar Pradesh),Bareilly,Uttar Pradesh,243001,28.3035,79.3254,"Bareilly R.S, Bareilly College, Bareilly Kty, Chaupla, Bareilly H.O, Bareilly Cantt, Mission Hospital, Marhinath Road, Nc Lines Bareilly, Municipal Board, Mango Road, Sadar Bazar (Bareilly)",Uttar Pradesh,geonames-pin
IND520011AAA,Vijayawada (Andhra Pradesh),,Andhra Pradesh,520011,16.5233,80.6278,"Lakshminagar, Madhura Nagar, Satyanarayanapuram (Vijayawada)",Andhra Pradesh,geonames-pin
IND700136AAB,CCU_Hub (West Bengal),CCU,West Bengal,700136,22.7611,88.7615,"Narayanpur, Rajarhat Gopalpur",West Bengal,geonames-pin
IND732204AAB,Paranpur_Nijgan_D (West Bengal),Paranpur,West Bengal,732204,25.1382125,87.989,"Araidanga, Paranpur, Ekborna, Goraksha, Brahmangram, Khoilsona, Mirjatpur, Pukhuria",West Bengal,geonames-pin
IND302022AAD,Jaipur_RIICO_L (Rajasthan),Jaipur,Rajasthan,302022,26.9295,75.7962,"Sitapura Industrial Area, Shri Ram Ki Nangal, Bilwa",Rajasthan,geonames-pin
IND700144AAA,Baruipur_Bnsibtla_D (West Bengal),Baruipur,West Bengal,700144,22.2604,88.2917,Baruipur H.O,West Bengal,geonames-pin
IND500055AAC,Hyderabad_North_D_2 (Telangana),Hyderabad,Telangana,500055,17.3724,78.437,"IDA Jeedimetla, Gajularamaram, Kutbullapur",Telangana,geonames-pin
IND821307AAA,DehriSone_Dilliyan_D (Bihar),DehriSone,Bihar,821307,25.0396,84.2467,"Dehri R S, Dehri-on-sone, Dehri BMP",Bihar,geonames-pin
IND695121AAA,Neyatinkra_Arlumodu_D (Kerala),Neyatinkra,Kerala,695121,8.6592,76.838,"Neyyattinkara H.O, Neyyattinkara Town",Kerala,geonames-pin
IND385340AAB,Radhanpur_Santalpr_D (Gujarat),Radhanpur,Gujarat,385340,23.68290740740741,71.92096666666667,"Nanpura, Moti Pipli, Nani Pipli, Allahabad, Arjansar, Bandhvad, Subapura, Chalvada, Sinad, Kamalpur (S), D R.S., Radhanpur, Dharvadi, Santhli, Radhanpur Rly Colony, Satun, Lotia, Bhilot, Masali, Koliwada, Kamalpur (D), Javantri, Gochnath, Ganjisar, Lodra, Memdavad, Radhanpur Rajgadhi",Gujarat,geonames-pin
IND160055AAA,Chandigarh_Mohali (Chandigarh),Chandigarh,Chandigarh,160055,30.86935,76.61525,"Daon, Balongi, Chandigarh Sector 56, Chandigarh Sector 55",Punjab,geonames-pin
IND732123AAC,Chanchal_BargaDPP_D (West Bengal),Chanchal,West Bengal,732123,25.39010555555556,87.98958333333333,"Sadarpur, Debiganj, Malatipur, Rasulpur, Chanchal, Hatinda, Arbora, Jagannathpur Maltola, Serpur Mukdumpur, Paraninagar, Malikan, Bhingole, Birosthali, Ismailpur, Mallikpara, Hazarat Jalalpur, Singhia, Ishadpur",West Bengal,geonames-pin
IND483770AAA,Barhi_Central_DPP_1 (Madhya Pradesh),Barhi,Madhya Pradesh,483770,23.80967142857143,80.75952857142858,"Adarsh Gram Dhaivaiya, Salaiya Sihora, Chidahi Pipariya, Khitoli, Kuteshwar Lines, Kannaur, Hadarhata, Bujbuja, Kuthiya Mahgawan, Barhi (Katni), Nadavan, Pipriya Kalan, Barnmehgawwan, Itoura, Ubra, Kua, Karela, Jagua, Gairtalai, Kumharwara, Dukaria",Madhya Pradesh,geonames-pin
IND500080AAB,Hyderabad_Chikdply_I (Telangana),Hyderabad,Telangana,500080,17.4171,78.4772,Gandhinagar (Hyderabad),Telangana,geonames-pin
IND711303AAA,Bagnan_Harop_D (West Bengal),Bagnan,West Bengal,711303,22.524329411764704,88.06447941176471,"Bagnan, Ramchandrapur (HowrB.O, Agunshi, Sumda, Kantapukur, Mahishrekha, Mellock, Kasmali, Kalyanpur, Uttar Batora, Panitras, Haturia, Subsit, Samta, Pirpur, Orphuli, Olanpara, Nawpala, Khajutti, Khadinan, Bakshi, Joargori, Harop, Deulti, Deul Gram, Chitnan, Chakur, Bhatora, Barunda, Bankura Bo(Howrah), Birampur, Mankur, Bangalpur, Bainan",West Bengal,geonames-pin
IND210431AAA,Rath_Mughlpra_D (Uttar Pradesh),Rath,Uttar Pradesh,210431,25.63756470588235,79.68589411764707,"Kot Bazar Rath, Chilli, Dhanauri, Basela, Sarsai, Itaura, Rath, Turra, Aunta, Nakra, Umariya, Jakeri, Odera, Dhamna, Kaitha, Bhainsai, Saidpur",Uttar Pradesh,geonames-pin
IND484224AAA,Anuppur_JthriDPP_DC (Madhya Pradesh),Anuppur,Madhya Pradesh,484224,23.049290909090907,81.67891363636363,"Mediaras, Rampur, Anuppur Basti, Chhilpa, Dulhara, Funga, Khoh, Sonmauhari, Jamudi, Keshwahi, Khamhidol, Pasla, Dhangawan, Malya, Barbaspur, Anuppur, Piparia, Dhurwasin, Balbahra, Bamhani, Audhera, Bahgarh",Madhya Pradesh,geonames-pin
IND126102AAA,Jind_DC (Haryana),Jind,Haryana,126102,29.3166,76.293,"Bibipur, Jajwan, Intal Kalan, Julani, Nidani, Kharakramji, Jind Rohtak Road, Radhana, Jind Patiala Chowk, Jind Mini Sectt., Jind Palika Bazar, Jind Punjabi Bazar, Ahirka, Sindhwi Kheri, Roopgarh, Gulkani, Pindara, Manohar Pur, Jind Railway Station, Jhanjkalan, Ikkas, Ram Rai, Dariyawala, Jind H.O, Igrah, Nirjan",Haryana,geonames-pin
IND733134AAA,Raiganj_SubrtDPP_D (West Bengal),Raiganj,West Bengal,733134,25.63755833333333,88.16893333333333,"Lohanda, Mohanbati, Panishalahat, Raiganj Bandar, Raipur, Rashbehari Market, Subhashganj, Sudarshanpur, Taherpur, Industrial Market, Baharail, Bhogram, Bhitiar, Bangalbari, Bilashpur, Bahin, Madhupur Barduari, Khalshi, Sasan, Bamangram, Raiganj Town, Harigram, Samaspur, Raiganj",West Bengal,geonames-pin
IND784101AAA,Balipara_EragnDPP_D (Assam),Balipara,Assam,784101,26.8198,92.684,"Nankey Patgaon, Silonigaon, Godamghat, Ameribari, Khelmati Bazar, Balipara",Assam,geonames-pin
IND600044AAE,Chennai_Chrompet_L (Tamil Nadu),Chennai,Tamil Nadu,600044,12.8072125,80.0591125,"Nehrunagar, Nagalkeni, Ganapathipuram Chromepet, Bharathipuram (Kanchipuram), Radhanagar (Kanchipuram), Nemilichery, Lakshmipuram, Chromepet",Tamil Nadu,geonames-pin
IND271210AAA,Tulsipur_Central_DPP_1 (Uttar Pradesh),Tulsipur,Uttar Pradesh,271210,27.287923076923075,82.32209230769232,"Manikapur, Sonpur, Gainsari, Puraina, Shivpur Mhadev, Jamuni Kala, Bakaulirajpur, Bhojpur Tharu, Chauhattar Khurd, Gulriha Sandwa, Hallaura, Khamahariya, Thakurapur",Uttar Pradesh,geonames-pin
IND148102AAA,Bhadaur_BChwkDPP_D (Punjab),Bhadaur,Punjab,148102,30.43816,75.41224,"Bhadaur (Sangrur), Jangiana, Talwandi, Nainewal, Sandhu Kalan",Punjab,geonames-pin
IND801103AAA,Bihta_ShivNgar_D (Bihar),Bihta,Bihar,801103,25.560675,84.95633333333333,"Amhara, Musepur, Katesar, Kanchanpur, P.Painathi, Tara Nagar, Kunjwan, Bihta (Patna), D.Simri, Bahpura, A. H. Guard, Anandpur",Bihar,geonames-pin
IND441603AAA,Chamorshi_Central_DPP_1 (Maharashtra),Chamorshi,Maharashtra,441603,,,,,
IND421802AAA,Khandala_Satara_D (Maharashtra),Khandala,Maharashtra,421802,,,,,
IND764059AAA,Nabarangpr_PhdofDPP_D (Orissa),Nabarangpr,Orissa,764059,19.588815384615383,82.59546923076923,"Majhiguda, Nabarangpur, Nabarangpur Bazar, Taragaon, Jambaguda, Kurlughati, Kangra, Kukudabai, Agnipur, Badakumuli, Mantriguda, Baghsiuni, Bikrampur",Odisha,geonames-pin
IND788713AAA,Karimganj_Alngjuri_D (Assam),Karimganj,Assam,788713,24.8513,92.3148,"Jobainpur, Silchar Road, Barkatpur, Lalarchak, Chargola Bazar, Nairgram",Assam,geonames-pin
IND421302AAN,GreaterThane_Anjur_C (Maharashtra),GreaterThane,Maharashtra,421302,19.222834782608697,73.22239565217392,"Chimbipada, Shastrinagar (Thane), Anjur, Angaon, Kalher, Kunde, Mahapoli, Shantinagar E.D., Kharbav, Lonad, Dunge, Dighashi, Chinchwali, Shelar, Dandekarwadi, Dabhad, Amane, Rehnal, Pachhapur, Vadpe, Vadavali, Paye, Dugad",Maharashtra,geonames-pin
IND431603AAA,Nanded_Aswningr_I (Maharashtra),Nanded,Maharashtra,431603,19.1153,77.3479,"Dhanegaon, Cidco Nanded, MIDC, Tuppa",Maharashtra,geonames-pin
IND110039AAA,Delhi_Barwala (Delhi),Delhi,Delhi,110039,28.804991666666663,77.03089166666668,"Auchandi, Katewara, Hareveli, Jat Khore, Mungeshpur, Pooth Khurd, Qutabagarh, Nangal Thakran, Daryapur Kalan, Ghoga, Bawana, Barwala",Delhi,geonames-pin
IND000000AEM,Gurgaon_Bilaspur_RP (Haryana),Gurgaon,Haryana,000000,,,,,
IND245101AAA,Hapur_Swargash_D (Uttar Pradesh),Hapur,Uttar Pradesh,245101,28.7643,77.4856,"Achheja, Hapur Mandi, Dhanaura, Gohra Alamgirpur, Dahana, Asaura, Shah Mohiuddinpur, Harsinghpur, Sapnawat, Ubarpur, Girdharpur Tmrel, Chhajupur, Dadri, Rly Road Hapur, Ghungrala, Bhatiyana, Mathurawali, Kathikhera, Chamri, Iklahdi, Phagota, Nan, Kharkhari, Rampur Puth, Hapur H.O, Bajhera Kalan, Raghunathpur, Gyan Lok, Mahmoodpur, Madarsa Sadat, Kishan Ganj (Ghaziabad)",Uttar Pradesh,geonames-pin
IND385535AAA,Deesa_HawaiPlr_DC (Gujarat),Deesa,Gujarat,385535,24.10267297297297,71.96004324324325,"Bhadath, Jherda, Vithodar, Kuda, Bhachalva, Ghada, Jetda, Kansari, Tintoda, Kapra-mota, Saviyana, Kotda, Velavapura, Odhava (D), Vasana Vatam, Varnoda, Thervada, Rajpur (D), Robas Moti, Rasana Mota, Rampura (D), Nagfana, Malgadh, Mahadevia, Katarva, Disa Bazar, Chekra, Bhoyan, Bhadramali, Baiwada, Samau, Asarada, Lakhani, Disa Mukhya Dak Ghar, Agthala, Disa M.Y. Pedal, Ranpur V-vas",Gujarat,geonames-pin
IND000000AAL,Pune_PC (Maharashtra),Pune,Maharashtra,000000,,,,,
IND400064AAB,Mumbai_MaladWest_CP (Maharashtra),Mumbai,Maharashtra,400064,18.9808,72.8338,"Malad, Malad West Dely, Orlem, Liberty Garden",Maharashtra,geonames-pin
IND110052AAA,Delhi_Wazirpur_L (Delhi),Delhi,Delhi,110052,28.7688,77.0869,"Satyawati Nagar, Ashok Vihar H.O, Nimri, Shastri Nagar (North West Delhi), Wazir Pur III",Delhi,geonames-pin
IND136027AAA,Kaithal_DC (Haryana),Kaithal,Haryana,136027,29.78689230769231,76.38901153846153,"Budha Khera, Padla, Harsola, Deoban, Titram, Keorak, Khurana, Peoda, Chandana, Narar, Kultaran, Guhna, Dewal, Kaithal, Sirta, Siwan Gate Kaithal, Geong, Manas, Nauch, Patti Afgan, Karnal Road Kaithal, Kaithal City, Deohera, Lander Keema, Model Town Kaithal, Ladana Baba",Haryana,geonames-pin
IND400015AAB,Mumbai_CotnGren_M (Maharashtra),Mumbai,Maharashtra,400015,19.0,72.85,Sewri,Maharashtra,geonames-pin
IND273155AAA,Anandnagar_LohiaDPP_D (Uttar Pradesh),Anandnagar,Uttar Pradesh,273155,27.16858125,83.439875,"Anandnagar (Maharajganj), Baratgarah, Goplapur, Pokharbhinda, Sarpataha, Hagana Mohammadpur, Indrapur, Machhaligaon, Lvp Nagar, Pharendra Khurd, Dandwarkhurd, Bargadwa Harriya, Bankata, Mathuranagar, Ramnagar, Karimnagar",Uttar Pradesh,geonames-pin
IND388320AAA,Anand_Vaghasi_IP (Gujarat),Anand,Gujarat,388320,22.4572,72.7924,"Bedva, Gamdi, Vaghashi, Chikhodra",Gujarat,geonames-pin
IND854311AAA,Araria_Wardn13_D (Bihar),Araria,Bihar,854311,26.130866666666662,87.37787777777777,"R.T.Mohan, Gairki, Gaiyari, Pategana, Araria Bairgachhi, Balua Deorhi, Rampur Mohanpur, Dubha, Haryabara, Dabhara, Araria, Bansbari, Baturbari, Chirah, Bagdahara, Kakan, Bochi, Doria Sonapur",Bihar,geonames-pin
IND689101AAA,Tiruvalla_TKRoad_D (Kerala),Tiruvalla,Kerala,689101,9.2841,76.929,"Tiruvalla H.O, Tiruvalla Market Jn",Kerala,geonames-pin
IND144001AAC,Jalandhar_Sodal Road (Punjab),Jalandhar,Punjab,144001,31.212100000000003,75.5684,"Bazar Shahidan, Lajpat Nagar (Jalandhar), N R Colony, Fentonganj, Rasta Mohalla, Shakti Nagar (Jalandhar), General Bus Stand (Jalandhar), Railway Road (Jalandhar), Session Court (Jalandhar), S U S Nagar, Sant Nagar (Jalandhar), Jalandhar City H.O",Punjab,geonames-pin
IND605010AAB,Pondicherry_Vasanthm_I (Pondicherry),Pondicherry,Pondicherry,605010,11.8768,79.8107,"Ozhugarai, Reddiyarpalayam",Pondicherry,geonames-pin
IND500008AAF,Hyderabad_South_D_4 (Telangana),Hyderabad,Telangana,500008,17.4171,78.4772,"Toli Chowki, Golconda, Lunger House, Nanakramguda, Kakatiya Nagar, Sakkubai Nagar",Telangana,geonames-pin
IND841301AAC,,,Bihar,841301,25.756164285714284,84.82341428571428,"Jagdam College, Rajendra College (Saran), Chapra H.O, Sardha, District Board, Paharpur, Gheghta, Mahamda, Mauna, G.Mehia, Pirauna, Tari, Bhagwan Bazar, Lohatola",Bihar,geonames-pin
IND243002AAA,Bareilly (Uttar Pradesh),,Uttar Pradesh,243002,28.341,79.349975,"Bhandsar, Air Force Station Bareilly, Rithora, Mundia Ahamad Nagar",Uttar Pradesh,geonames-pin
IND282001AAF,Agra_Central_D_3 (Uttar Pradesh),Agra,Uttar Pradesh,282001,27.062847368421057,78.07986315789474,"Taj, Tajganj, Rakabganj, Balu Ganj, Namner, P.R.R, G. L. Emporiaumi, Sarai Khawaja, 509 Command, Deori Road, Indrapuram, Idgha Colony, Hotal Clarkshiraj, Sultan Pura, Agra H.O, Agra Barrcks, Sadar Bazar (Agra), 15 Btn PAC Agra, Seola Jat",Uttar Pradesh,geonames-pin
IND411033AAB,Pune_Chinchwad DC (Maharashtra),Pune,Maharashtra,411033,18.78136,74.93964,"Thergaon, Chinchwadgaon, Thathawade, Jambhe, Punawale",Maharashtra,geonames-pin
IND423109AAA,Shirdi_SaiBansi_D (Maharashtra),Shirdi,Maharashtra,423109,19.75733333333333,74.43001666666667,"Shirdi, Pimplwadi, Savali Vihir BK, Laxmiwadi, Savali Vihir Farm, Rui",Maharashtra,geonames-pin
IND506143AAA,Ghanpur_Palakrty_D (Telangana),Ghanpur,Telangana,506143,17.9218,79.7582,"Raghunathpalli, Uppugal, Teegaram, Pamnoor, Nemiligonda, Ghanpur Station, Garmillapalli, Kunur, Viswanathapur, Thimmampet, Thammadapalli, Tanedarpalli, Shivunipalli",Telangana,geonames-pin
IND509301AAA,Jadcherla_Badeplly_D (Telangana),Jadcherla,Telangana,509301,16.703,77.8097,Stn. Jadcherla H.O,Telangana,geonames-pin
IND695582AAA,Kazhakkoottam_Rdiosttn_D (Kerala),Kazhakkoottam,Kerala,695582,8.5673,76.8741,Kazhakuttam,Kerala,geonames-pin
IND798601AAA,Mokokchung_Central_D_1 (Nagaland),Mokokchung,Nagaland,798601,26.32692631578947,94.50966842105264,"Longkhum, Longmisa, Kubza, Fazl Ali College, Changki, Mokokchung, Ungma, Longsa, Ongpangkong, Khensa, Tronger, S. E. Colony, Arree Old, Nst Colony, V. K. Town, Aolijen, Mangmentong, Chare, Chungtia",Nagaland,geonames-pin
IND803101AAA,BiharSarif_Soghra_D (Bihar),BiharSarif,Bihar,803101,25.1766,85.5258,"Nalanda College, Alinagar, Amber, Biharsharif H.O, Sakunat",Bihar,geonames-pin
IND828111AAA,Dhanbad_Jharia_DC (Jharkhand),Dhanbad,Jharkhand,828111,23.85944444444445,86.3018111111111,"Jharia Manbad, Amlapara Jharia, Dobari, Amtal, Jharia Bazar, Goplaichak, Bhagatdih, Bhagabandh, Jharia",Jharkhand,geonames-pin
IND582101AAB,Gadag_Cdosclrd_D (Karnataka),Gadag,Karnataka,582101,15.3978,75.6381,"Gadag H.O, Gadag Bazar, Gadag Cotton Market, Gadag Extension",Karnataka,geonames-pin
IND415408AAC,Shirala_Central_DPP_3 (Maharashtra),Shirala,Maharashtra,415408,17.104938095238097,74.7519238095238,"Biur, Dhamavade, Shirala, Natoli, Padalichiwadi, Phuphire, Punvat, Karmala, Rile, Ingrul, Antri Budruk, Chikhali, Sagaon, Shirashi, Bhatshirgaon, Tadavale, Kandur, Wakurde BK, Nigadi, Aundhi, Wakurde Khurd",Maharashtra,geonames-pin
IND274301AAB,Kaptanganj_Subshngr_D (Uttar Pradesh),Kaptanganj,Uttar Pradesh,274301,26.853007142857145,83.73087857142858,"Mundera, Singari, Atharaha, Captainganj (Kushinagar), Malukahi, Gaunaria, Baulia, Mathauli, Bharsar Khas, Karitin, Rampur Chaubey, Pipara Brahaman, Khabhara Bhar, Fardaha",Uttar Pradesh,geonames-pin
IND781005AAA,Guwahati_North (Assam),Guwahati,Assam,781005,26.118,91.4061,"Japorigog, Dispur",Assam,geonames-pin
IND585314AAA,Aland_RazaviRd_D (Karnataka),Aland,Karnataka,585314,17.6987,76.5639,"Rudrawadi, Khajuri (Gulbarga), Tadola, Alanga, Anoor, Jamaga R, Kotanhipparga, Bangarga, Hodlur, Jawalga J",Karnataka,geonames-pin
IND590016AAA,Belgaum_Dc (Karnataka),Belgaum,Karnataka,590016,15.9214,74.5751,"Belgaum Shivaji Nagar, Belgaum Fort, Belgaum Bus Stand",Karnataka,geonames-pin
IND431122AAA,Beed_JalnaRd_D (Maharashtra),Beed,Maharashtra,431122,18.9478,75.8395,"Beed H.O, DHONDIPURA, Court Road, M.GANJ, MARKET YARD (Beed)",Maharashtra,geonames-pin
IND342005AAD,Jodhpur_Basni_I (Rajasthan),Jodhpur,Rajasthan,342005,26.7508,72.788,"Jodhpur K.U.M. Bhagat Ki Kothi, Kuri Bhagtasni Housing Board, Jodhpur Marudhar Ind  Area",Rajasthan,geonames-pin
IND620020AAA,Tiruchi (Tamil Nadu),,Tamil Nadu,620020,10.6605,78.7889,"Ranjithapuram, P & T Colony (Tiruchirappalli), Subramaniapuram (Tiruchirappalli), Sundararajanagar, Mannarpuram, Jamal Mohamed College, Khajamalai Colony",Tamil Nadu,geonames-pin
IND678683AAA,Vadakkencherry_Robinson_D (Kerala),Vadakkencherry,Kerala,678683,10.6091,76.4745,"Ayakkad, Kanakkanthuruthy, Vadakkancherry MBR, Panniankara",Kerala,geonames-pin
IND507159AAA,Kusumnchi_SKRoad_D (Telangana),Kusumnchi,Telangana,507159,17.195125,80.26665833333333,"Motapuram, Guravaigudem, Narasimhulagudem, Perikasingaram, Kusumanchi, Gattusingaram, Turakagudem, Kothuru, Kistapuram, Mutyalagudem, Mallepalli, Jakkepalli",Telangana,geonames-pin
IND686507AAA,Parakkdavu_KeRoad_D (Kerala),Parakkdavu,Kerala,686507,9.5566,76.7342,Kanjirapally H.O,Kerala,geonames-pin
IND721134AAB,Kolaghat_Central_DPP_2 (West Bengal),Kolaghat,West Bengal,721134,22.4166,87.88328750000001,"Kharui, Kolaghat, Jamitya, Amalhara, Arror, Paikpari, Kolaghat RS, Kolaghat Natun Bazar",West Bengal,geonames-pin
IND733128AAA,Itahar_NatunDPP_D (West Bengal),Itahar,West Bengal,733128,25.729693333333334,88.13965333333333,"Baidara, Radhanagar, Joyhat, Patirajpur, Tilna, Gulandar, Nomunia, Kapasia, Chhayghara, Marnai, Chavote, Itahar, Churaman, Baragarm, Kalaibari",West Bengal,geonames-pin
IND396445AAA,Navsari_DC (Gujarat),Navsari,Gujarat,396445,20.9904,72.8927,"Malesar, Navsari H.O, Junathana",Gujarat,geonames-pin
IND457001AAA,Ratlam_Khjurwli_DC (Madhya Pradesh),Ratlam,Madhya Pradesh,457001,23.45133555555556,75.07476222222223,"Tambolia, Palas, Dhamnod, Basindra, Raoti, Ratlam H.O, Ratlam Jawahar Nagar, Ratlam Kasara Bazar, Palsodi, Dilipnagar, Dhanasuta, Ratlam Ghatla Colony, Malwasa, Bibrod, Ratlam Surajpole, Sejawata, Palsoda, Ratlam City, Ratlam Rly Colony, Ghatalia, Pipalkhunta, Harthali, Ranisingh, Isarthuni, Itawakhurd, Jadwasakalan, Shivpur, Ratlam Stn.Road, Kangsi, Shivgarh, Banjali, Bhatibarodia, Ratlam Collectorate, Bildi, Kaneri, Lunera, Malwasi, Nagra, Naugawa, Nayan, Titari, Devla, Umar, Mundri, Bangrod",Madhya Pradesh,geonames-pin
IND686540AAA,Karukachal_MnimlaRd_D (Kerala),Karukachal,Kerala,686540,9.5,76.6333,"Karukachal, Champakara, Koothrappally, Chelacompu",Kerala,geonames-pin
IND700028AAB,CCU_DumDum_DPC (West Bengal),CCU,West Bengal,700028,22.5553,88.3558,"Nagerbazar, Rajabagan, Kamalapur, Kumarpara, Dumdum, Jugipara Satganchi, Ordnance Factory",West Bengal,geonames-pin
IND509216AAC,Shadnagar_Central_D_1 (Telangana),Shadnagar,Telangana,509216,16.703,77.8097,"Sangem, Kammadanam, Doskal, Chilkamarri, Chatanpally, Farooqnagar, Nagulapally, Papireddiguda, Shadnagar, Velgerla",Telangana,geonames-pin
IND232101AAB,MughalSarai_Central_D_2 (Uttar Pradesh),MughalSarai,Uttar Pradesh,232101,25.256246666666662,83.14475999999999,"Niyamatabad, Derwakalan, Mugalsarai, Kurahana, Pachokhar, Alampur, Dandi, Alinagar, Bharchha, Hanumanpur, Railway Colony Mugalsarai, Dul;hipur, Chandasi, Jalilpur, Patelnagar",Uttar Pradesh,geonames-pin
IND205001AAB,Mainpuri_Agraroad_I (Uttar Pradesh),Mainpuri,Uttar Pradesh,205001,27.229096666666667,79.00711000000001,"Manchhana, Sagauni, Awadh Nagar, Mainpuri City, Mainpuri R S, Auden Padaria, Ratibhanpur, Mainpuri H.O, Kakan, Nauner, Ghitauli, Anjani, Nagla Jula, Auden Mandan, Zilla Parishad, Civil Court (Mainpuri), J.I.C. Nauner, Kapoorpur, Karhal Gate Mainpuri, Raja Ki Bajria, Beonti Khurd, Lalupur, Ahirwa, Ninauli, Sikandarpur, Gola Bazar, Kharpari, Daulatpur, Karimganj, Dharau",Uttar Pradesh,geonames-pin
IND148101AAA,Barnala_DC (Punjab),Barnala,Punjab,148101,30.427966666666663,75.5239,"Thikriwala, Pharwahi, Ncc Barnala, Barnala Kty, Barnala, Raisar",Punjab,geonames-pin
IND571114AAA,HDKote_BegurRD_D (Karnataka),HDKote,Karnataka,571114,12.14488,76.47777333333333,"Hebbalaguppe, Matakere, Hosaholalu, Jakkahalli, Heggadedevana Kote, Kotige Yedathore, Doddabyranakuppe, Metikuppe, Antharasanthe, Chakkodanahalli, Kollegowdanahalli, Annur, Nisana Belathur, Hirehalli, Naganahalli",Karnataka,geonames-pin
IND147201AAA,Nabha_Sahni_D (Punjab),Nabha,Punjab,147201,30.40508260869565,76.16241739130434,"Godaya, Lubana, Binaheri, Chintawala, Anaj Mandi Nabha, Kaleh Majra, Ajnoda Kalan, Gtc Nabha, New Rakhra, Mandaur, Galwati, Nabha, Rajgarh, Thuhi, Ramgarh, Gunike, Babarpur, Barsat, Kakrala, Rohta, Dandrala Dhindsa, Dhablan, Dhingi",Punjab,geonames-pin
IND396191AAC,Vapi_IndEstat_I (Gujarat),Vapi,Gujarat,396191,20.37908125,72.97254375,"Vapi, Ambheti, Morai, Chala, Koparli, Chhiri, Ozar, Karaya, Namdha, Vatar, Rata, Pandor, Mota Pondha, Salvav, Balitha, Chandor",Gujarat,geonames-pin
IND244235AAA,Gajraula_JawaharN_D (Uttar Pradesh),Gajraula,Uttar Pradesh,244235,28.799100000000003,78.19937142857142,"Salempurgosai, Khadgujar, Nagliamev, Bijaura, Gajraula, Kankather, Tigree",Uttar Pradesh,geonames-pin
IND121001AAA,Faridabad (Haryana),,Haryana,121001,28.3327,77.3548,"Nh-4 Faridabad, Faridabad NIT H.O, Nh-3 Faridabad, Industrial Area Faridabad, N.I.F.M. Faridabad, Feroz Gandhi Nagar Faridabad, Nh-2 Faridabad, Factory Area Faridabad",Haryana,geonames-pin
IND560067AAC,Bengaluru_Kadugodi_D (Karnataka),Bengaluru,Karnataka,560067,13.183742857142857,77.61295714285714,"Samethanahalli, Medimallasandra, Devanagundi, Kadugodi, Kadugodi Extention SO, Naduvathi, Kalkunte",Karnataka,geonames-pin
IND144001AAA,Jalandhar_DC (Punjab),Jalandhar,Punjab,144001,31.212100000000003,75.5684,"Bazar Shahidan, Lajpat Nagar (Jalandhar), N R Colony, Fentonganj, Rasta Mohalla, Shakti Nagar (Jalandhar), General Bus Stand (Jalandhar), Railway Road (Jalandhar), Session Court (Jalandhar), S U S Nagar, Sant Nagar (Jalandhar), Jalandhar City H.O",Punjab,geonames-pin
IND403507AAB,Goa_Mapusa (Goa),Goa,Goa,403507,15.5944875,73.81,"Mapusa, Assagao, Bastora, Mapusa I.E., Moira, Camurlim, Gurim, Ucassiam",Goa,geonames-pin
IND502313AAA,Narsapur_Xroad_D (Telangana),Narsapur,Telangana,502313,17.81065294117647,78.30001764705882,"Rustumpet, Nagulapalli, Kanukunta, Gomaram, Lingapur, Chinnagottimukla, Kagazmaddur, Pillutla, Peddagottimukla, Gummadidala, Peddachintakunta, Moosapet, Narsapur (Medak), Bonthapalli, Nallvalli, Ratnapur, Annaram",Telangana,geonames-pin
IND134102AAA,Kalka_Pinjore_DC (Haryana),Kalka,Haryana,134102,30.7987,76.9182,"Pinjore, Basolan, Nanakpur, Mallah, Chiken, Damaloan",Haryana,geonames-pin
IND249201AAA,Rishikesh_DC (Uttarakhand),Rishikesh,Uttarakhand,249201,30.1078,78.2925,"Railway Road Rishikesh, Rishikesh",Uttarakhand,geonames-pin
IND623407AAA,Thiruvadanai_RamnadRD_D (Tamil Nadu),Thiruvadanai,Tamil Nadu,623407,9.563916666666666,78.72666666666667,"Tiruvetriyur, Thinaiyathur, Anjukottai, Athiyur, Tiruvadanai, Kottakudi",Tamil Nadu,geonames-pin
IND560085AAA,Bengaluru_Banshkri_DC (Karnataka),Bengaluru,Karnataka,560085,13.225699999999998,77.575,"Kathriguppe, Girinagar (Bangalore), Banashankari III Stage",Karnataka,geonames-pin
IND602024AAA,Chennai_Vepmpttu_DC (Tamil Nadu),Chennai,Tamil Nadu,602024,13.2309,79.95169166666666,"Pakkam, Vadattur, Karlapakkam, Tiruninravur, Veppambattu, Tiruninravur Rs, Sivanvoyal, Komakkambedu, Lakshipuram, Kottamedu, Perumalpattu, Nemilichery",Tamil Nadu,geonames-pin
IND563130AAA,Malur_NharuExt_D (Karnataka),Malur,Karnataka,563130,13.121333333333334,78.17993333333332,"Alambadi, Doddakadathur, Lakkur, Kudenoor, Malur Railway Station, Araleri, Bavanahalli, Byranahalli, Chikkathirupathi, H.Hosakote, Hongenahalli, Hurulagere, Santhehalli, Settikothanur, Shivarapatna, Thyvnahalli, Vokkaleri, Madivala, Yeshvanthapura, Malur, Jayamangala",Karnataka,geonames-pin
IND781014AAA,Guwahati_Jalukbari (Assam),Guwahati,Assam,781014,26.118,91.4061,Guwahati University H.O,Assam,geonames-pin
IND743395AAA,Jaynagar_MjlprDPP_D (West Bengal),Jaynagar,West Bengal,743395,22.3921,88.26269166666667,"Purba Gopalnagar, Pranballavpur, Kecharkur Gopalnagar, Ramakantanagar, Satghara Debipur, Suta Becha, Mandir Bazar, Bazarberia, Chaitanyapur, Digberia, Chandpur, South Bishnupur",West Bengal,geonames-pin
IND845438AAA,Bettiah_BypassRd_D (Bihar),Bettiah,Bihar,845438,26.7860975,84.4757525,"Surajpur, Bhawanipur, Pipra Naurangia, Laukariya, B. K. Chowk, B. Patkhaulia, Naya Tola Bettiah, B. Ratanpura, Khadda, Nautan Dubey, Pakhanaha Bazar, Tadhawa Nandpur, Pipra Pakari, Refujee Camp, Bairiya Farm, Mahna Gani, K.R.High School, Patzirwa, Lal Bazar Bettiah, Meena Bazar Bettiah, Dhum Nagar, Balua Rampurwa, Banu Chhapar, Belbagh, Bettiah City, Bettiah R.S., Sareya Ojhwalia, San Sariya, Bhitaha Nizamat, Gambhirpur, Sheorajpur, Barwat Sena, Barwat Pasrain, Baijua, Lalgarh, Pokharia, Bettiah H.O, Bettiah Dih, Alpaha, Gonauli",Bihar,geonames-pin
IND126112AAA,Safidon_HatRDDPP_D (Haryana),Safidon,Haryana,126112,29.337847826086957,76.59226086956522,"Anchra Kalan, Mowana, Kheri Khermawati, Karsindu, Siwan Mal, Silakheri, Safidon City, Rojhla, Rohar, Ram Nagar, Bhuslana Kalan, Didwara, Nimnabad, Bagru Kalan, Butani, Hatt, Karkhana, Singhana, Paju Kalan, Safidon, Malar, Dharamgarh, Malikpur",Haryana,geonames-pin
IND251001AAA,Muzaffrngr_MhmodNgr_D (Uttar Pradesh),Muzaffrngr,Uttar Pradesh,251001,29.407046666666663,77.66909000000001,"Navin Mandi Sthal, Megha Kheri, Brahmpuri, Ganga Ram Pura, South Civil  Lines, Sher Nagar, Sahojani Tagan, Rampuram, Pachanda Kalan, Muzaffarnagar H.O, Mussa Bilaspur, Makhiyali, Kutchery Mzn, Kinoni, Dedheru Kalan, Bhopa Road, Bagowali, Anandpuri (Muzaffarnagar), Kukara, Agarwal Paper Mill, Ratheri, Taoli, Sarwat, Gandhi Colony, Barwala, Karwara, Rampur, Datiyana, Nirmana, Harsauli",Uttar Pradesh,geonames-pin
IND425401AAA,Amalner_Murtingr_D (Maharashtra),Amalner,Maharashtra,425401,21.04389375,75.125996875,"Eklahare, Shahpur, Bharwas, Lon BK, Kol Pimpri, Phafore, Nagav, Mangrul, Javkhede, Shirud, Janve, Hedave, Galwade BK, Dangar, Dahiwad, Amalner Pratap Nagar, Amba Pimpri, Wavde, Shirsale, Ranaiche, Pimpale Budruk, Jaitpeer, Devgaon, Amalner (Jalgaon), Mandal, Chaubari, Mudi, Taskheda, Patonda, Kavpimpri, Dhar, Londhave",Maharashtra,geonames-pin
IND563131AAB,Bangarapet_KolarRd_D (Karnataka),Bangarapet,Karnataka,563131,13.173707142857143,78.41019285714286,"Hebbani, Angondahalli, Mulbagal, Koladevi, Balla, H.Gollahalli, Veerupakshi, Kurudumale, Byrakur, Kappalamadagu, Mulbagal Bazar, Someshwarpalya, Matakannsandra, Gokunte",Karnataka,geonames-pin
IND841101AAA,Sonepur_Sabalpur_D (Bihar),Sonepur,Bihar,841101,25.76735625,85.0438875,"Kharika, Parmanandpur, Sonepur (Saran), Barua, Sabalpur, Bharpura, Sikarpur, Saraiya, Rahimpur, Baijalpur Keso, T.M.Pal, Sonepur R.S, Pahleza Barka, Harihar Kshetra, Govindchak, Darihara",Bihar,geonames-pin
IND274001AAA,Deoria_CCRoad_D (Uttar Pradesh),Deoria,Uttar Pradesh,274001,26.4227,83.8366,"Deoria New Colony, Nai Bazar (Deoria), Hanuman Mandir, Deoria H.O, Deoria Sadar R.S., Deoria Kutchary, Ram Gulam Tola",Uttar Pradesh,geonames-pin
IND563101AAB,Kolar_Ambedkar_D (Karnataka),Kolar,Karnataka,563101,13.1543,78.1317,"Kolar H.O, Kolar Hospital Circle, Kolar Bazar, Kolar Doddapet, Kolar Gandhi Nagar",Karnataka,geonames-pin
IND827013AAA,Bokaro_KSClny_DC (Jharkhand),Bokaro,Jharkhand,827013,23.530170270270272,85.88558108108109,"Adrakuri, Siyaljori, Tupra, Chakulia, Bijulia, Kandra, Narayanpur, Bhandaro, Chas (Bokaro), Gopalpur, Dudhigajar, Kurra, Batbinore, Chas Bazar, Chiksia, Garga Check Post, Jamagoria, Kashi Jharia, K.R.Centre, Kumhri, Alkusa, Badhadih, Belunja, B.Pindragoria, Brahmandwarika, Chandaha, Khamarbendi, Madhunia, Nayavan, Olgora, Pindrajora, Pupunkee Ashram, Sardaha, Satanpur, Kamaldih, Mirdha, Nawadih",Jharkhand,geonames-pin
IND410206AAA,Jasai_JNPT_D (Maharashtra),Jasai,Maharashtra,410206,19.549496428571427,74.7128,"Nhava, Panvel H.O, Kelevane, Adai, Morbe, Wavarle, Ulwa, Chawk, Jasai, Kamothe, Vaje, Gavan, Koproli, Jci Kamothe, Vasheni, Wavandhal, Panvel City, Kundevahal, Chirner, Dighode, Lodhivali, Somatane, Nere, Awre, Khanda Colony, Pargaon, Vahal, Jui",Maharashtra,geonames-pin
IND756045AAB,Soro_UttarDPP_D (Orissa),Soro,Orissa,756045,21.4898875,86.91747500000001,"Sarsankha, Janhia, Kesharipur, Dahisada, Sajanpur, Bainanda Mangarajpur, Radhaballavpur, Attapur, Singa Khunta, Soro Bazar, Soro RS, Kudei Nadigaon, Wada, Hatikhulia, Sabira R.S., Mobarakpur, Kedarpur, Mangalapur, Mahu Muhana, Soro, Mulisingh, Angula, Simulia, Soro College",Odisha,geonames-pin
IND177001AAA,Hamirpur_GutmgrCl_D (Himachal Pradesh),Hamirpur,Himachal Pradesh,177001,31.6106,77.00660666666667,"Jhaniari, Ropa, Nalti, Dugha, Bari, Mohin, Bhira, Daruhi, Bohni, Hamirpur H.O, Gandhi Chowk Hamirpur, Jhaniara, Masiana, Kakriar, Khagal",Himachal Pradesh,geonames-pin
IND223101AAB,Shahganj_KcharaRD_D (Uttar Pradesh),Shahganj,Uttar Pradesh,223101,26.057114285714285,82.69341428571428,"Shahganj Sugar Mill, Sabarhad, Chhatai Kala, Suris, Shahganj (Jaunpur), Takha, Bakuchi",Uttar Pradesh,geonames-pin
IND630561AAA,Sivaganga_Wardno3_D (Tamil Nadu),Sivaganga,Tamil Nadu,630561,9.9151,78.5987,"Sivaganga North, Jawahar Bazaar, Bosenagar (Sivaganga), Sivaganga Courts, Sivaganga H.O",Tamil Nadu,geonames-pin
IND244715AAA,Ramnagar_BhwniGnj_D (Uttarakhand),Ramnagar,Uttarakhand,244715,29.504315789473683,79.25015789473684,"Sankar, Devayal, Burakote, Riquwasi, Bhairongkhal, Thala Manral, Tukura, Mohan, Chhoi, Ramnagar (Nainital), Dhela, Vidyalayee Siksha Parisad Ramnagar, Dhikuli, Karanpur, Simalkhalia, Jamani, Chilkia, Dhikala Nc Park(Seasonal), Peerumadra",Uttarakhand,geonames-pin
IND401501AAA,Boisar_OstwlEmp_D (Maharashtra),Boisar,Maharashtra,401501,19.36,73.3279,"Akkarpatti, Bategaon, Shigaon, Kumbhawali, Sarawali, Nandgaon Tarapur, Umroli, Nanapur, Mahagaon, Boisar, Dandi, Murbe",Maharashtra,geonames-pin
IND388220AAA,Umreth_Dakor_DC (Gujarat),Umreth,Gujarat,388220,22.60166363636364,72.94792727272727,"Umreth, Bechri, Ratanpura, Pansora, Khankhanpur, Lingda, Ghora, Hamidpura, Pandvania, Bhatpura, Vinzol",Gujarat,geonames-pin
IND700136AAG,Kolkata_Narynpur_C (West Bengal),Kolkata,West Bengal,700136,22.7611,88.7615,"Narayanpur, Rajarhat Gopalpur",West Bengal,geonames-pin
IND201007AAA,GZB_Mohan_Nagar_DPC (Uttar Pradesh),GZB,Uttar Pradesh,201007,28.7643,77.4856,Mohan Nagar (Ghaziabad),Uttar Pradesh,geonames-pin
IND380006AAA,Ahmedabad_Paldi_D (Gujarat),Ahmedabad,Gujarat,380006,23.0333,72.6181,Ellisbridge,Gujarat,geonames-pin
IND136118AAA,Kurukshetra_DC (Haryana),Kurukshetra,Haryana,136118,30.1487,76.6856,"Thanesar Town, Sector 3 U E KKR, Birla Mandir, Kurukshetra H.O, Mohan Nagar (Kurukshetra), Judicial Complex Kurukshetra",Haryana,geonames-pin
IND600073AAA,Chennai_Selaiyur_DC (Tamil Nadu),Chennai,Tamil Nadu,600073,12.844666666666669,80.09576666666668,"Selaiyur, Rajakilpakkam, Gowriwakkam",Tamil Nadu,geonames-pin
IND131028AAE,Sonipat_Central_D_2 (Haryana),Sonipat,Haryana,131028,28.8664,77.143575,"Sersa, Kundli, Industrial Estate Kundli, Janti Kalan",Haryana,geonames-pin
IND208017AAA,Kanpur_Central_D_5 (Uttar Pradesh),Kanpur,Uttar Pradesh,208017,26.3891,80.2124,"Bairi, Kheora, Keshav Puram (Kanpur Nagar), Nsi, Kalyanpur (Kanpur Nagar), Avas Vikas Yojna No. 3",Uttar Pradesh,geonames-pin
IND208012AAA,Kanpur_Central_D_7 (Uttar Pradesh),Kanpur,Uttar Pradesh,208012,26.3891,80.2124,"R K Nagar (Kanpur Nagar), Sisamau, D O Oil Mill, Rambagh (Kanpur Nagar), Kaushalpuri, Jawahar Nagar (Kanpur Nagar)",Uttar Pradesh,geonames-pin
IND486886AAA,Singrauli_Waidhan_D (Madhya Pradesh),Singrauli,Madhya Pradesh,486886,24.182916666666664,82.00258333333333,"Pondi Naugai, Makrohar, Khanua, Khutar, Bandha, Tiyara, Rajmilan, Odgadi, Karsualal, Jamgadhi, Bindul, Pachaur, Piprakhurand, Jarha, Waidhan, Shahpur, Mada, Daga Bargawan",Madhya Pradesh,geonames-pin
IND500018AAA,Hyderabad_PndrgNgr_DC (Telangana),Hyderabad,Telangana,500018,17.269042857142857,78.42028571428571,"Sanathnagar I E, Erragadda, Vivekananda Nagar Colony, Swarajyanagar, Moosapet, Bharat Nagar Colony, Fathenagar Colony",Telangana,geonames-pin
IND632402AAA,Ranipet_MBTRd_DC (Tamil Nadu),Ranipet,Tamil Nadu,632402,,,,,
IND142401AAA,Khanna_DC (Punjab),Khanna,Punjab,142401,,,,,
IND743235AAA,Bongaon_SukntDPP_D (West Bengal),Bongaon,West Bengal,743235,23.0762,88.8272,"Nutungram, Bangaon Bazar, Barnaberia, Boaldah, Champaberia, Dharampukuria, Dinabandhunagar, Ghatbour, Kalupur, Korarbagan, Motiganj (North 24 Parganas), Nakpul, Purantan Bongaon, Ram Nagar Road, Subhashnagar (North 24 Parganas), Bongaon (North 24 Parganas), Bangaon RS, Angrail, Panchita",West Bengal,geonames-pin
IND221303AAA,Gopiganj_Wardno13_D (Uttar Pradesh),Gopiganj,Uttar Pradesh,221303,25.55073333333333,81.91821111111112,"Loharakhas, Amilaur, Bairibisa, Dhirpur, Gopiganj, Jagannathpur, Tilanga, Bhawanipur, R.S. Dham",Uttar Pradesh,geonames-pin
IND201001AAC,Ghaziabad_Central_L_8 (Uttar Pradesh),Ghaziabad,Uttar Pradesh,201001,28.7643,77.4856,"Ramte Ram Road, Nehru Nagar (Ghaziabad), Ghaziabad H.O, Ashok Nagar (Ghaziabad)",Uttar Pradesh,geonames-pin
IND802101AAA,Buxar_Sarswati_D (Bihar),Buxar,Bihar,802101,25.5367,84.0034,"Sohni Patti, Nai Bazar (Buxar), Buxar H.O",Bihar,geonames-pin
IND690548AAA,Haripad_Kumrpurm_D (Kerala),Haripad,Kerala,690548,9.4236,76.4496,"Thamallackal, Thamallackal  North, Kumarapuram (Alappuzha)",Kerala,geonames-pin
IND854334AAA,Raniganj_Central_DPP_1 (Bihar),Raniganj,Bihar,854334,26.159127272727275,87.2979909090909,"Dumuria Bisstaria, Kushkapur, Jagta, Raghunathpur, Khajurihat, K.Baijnathpur, Jaynagar, Sheikpura, Paikpur, Pachira, Mirjapur Kothi, Madhulata, Maryganj, Indrapur Barhara, Mahullahpatti, Mahthawabazar, Bikash Bhargama, Belsara, Sirsia Kalan, Maujaha, Bagulaha, Parihari",Bihar,geonames-pin
IND843105AAB,Dholi_WardNo4_D (Bihar),Dholi,Bihar,843105,25.9972,85.5764,"Dholi, Narsinghpur, Govindpur Bejha, Mehshi, B.Baghnagari, Machhahi, Beladam, Govindpur Bela, Titra Ashanand",Bihar,geonames-pin
IND722154AAA,MirzapurWB_VidyaDPP_D (West Bengal),MirzapurWB,West Bengal,722154,23.12808571428571,87.18887142857145,"Asurali, J.J.Mirjapur, Karakberia Sadhuadal, Basubati, Bhagaldighi, Bansichandipur, Gelia",West Bengal,geonames-pin
IND205135AAA,Shikohabad_Katrmira_D (Uttar Pradesh),Shikohabad,Uttar Pradesh,205135,,,,,
IND638001AAA,Erode (Tamil Nadu),,Tamil Nadu,638001,11.5152,77.4143,"Erode East, Erode H.O, Erode South, Erode North, Erode Market, Erode Fort",Tamil Nadu,geonames-pin
IND244713AAA,Kashipur_Vaishali_D (Uttarakhand),Kashipur,Uttarakhand,244713,29.217164705882357,79.03453529411765,"Hariawala Chauraha, Karanpur, Sultanpur, Dhanauri, Ganeshnagar, Kila Street, Kundeshwari, Maldhanchaur, Shivrajpur, Pratappur, Kashipur (Udham Singh Nagar), Dhakia No 1, Spinning Mill Kashipur, Kunda, Chaukhandi, Mahuwakhera, Industrial Area Kashipur",Uttarakhand,geonames-pin
IND303106AAA,Paota_SmClyDPP_D (Rajasthan),Paota,Rajasthan,303106,27.313233333333333,75.90516666666666,"Barnagar, Bhonawas, Panditpura, Jaisinghpura, Taskola, Rampura, Paota(Jaipur), Torda Kalan, Thikariya, Buchara, Khelana, Fatehpura Khurd",Rajasthan,geonames-pin
IND385001AAA,Palanpur_DC (Gujarat),Palanpur,Gujarat,385001,24.19509333333333,72.47869999999999,"Dhandha, Sagrosana, Chadotar, Ratanpur Lokniketan, Lunva, Dhanpura, Palanpur Delhigate, Bhagal (J), Vasan, Sangra, Vagda, Lalawada, Palanpur H.O, Palanpur Ganjbazar, Virampur, Hasanpur, Malana, Hoda, Moria  (P), Hathidra, Vadhana, Bhagal (P), Palanpur Kamalpura, Palanpur Kirtistambh, Malan, Sadarpur, Karjoda, Gathaman, Jagana, Jalotra",Gujarat,geonames-pin
IND444303AAA,Khamgaon_WamanDPP_D (Maharashtra),Khamgaon,Maharashtra,444303,20.518124242424243,76.41757878787878,"Kinhi Mahadeo, Hiwarkhed, Ganeshpur, Undri, Lokhanda, Kelanagar, Bori Adgaon, Awar, Atali, Antraj, Ambetakli, Lasura Khurd, Jalamb, Palshi BK, Pimpri Gaoli, Shirala Nemane, Tembhurna, Gawhan, Wazar, Rohana, Shahapur, Khamgaon H.O, Chitoda, Vihigaon, Hingna Karegaon, Gondhanapur, Gharod, Garadgaon, Botha Kazi, Kalegaon, Loni Gurao, Lakhanwada, Warna",Maharashtra,geonames-pin
IND560077AAA,Bengaluru_ Kothanur_L (Karnataka),Bengaluru,Karnataka,560077,13.225699999999998,77.575,"Kothanur, Doddagubbi, Dr. Shivarama Karanth Nagar",Karnataka,geonames-pin
IND741101AAB,Krishnanagar_AnadiDPP_D (West Bengal),Krishnanagar,West Bengal,741101,23.4827,88.5215,"Bowbazar (Nadia), Golapati, Krishnanagar H.O, Krishnanagar Road R.S., Krishnanagar R.S., Ukilpara, Roypara, Natunbazar (Nadia), Nadia School Board, Krishnanagar Court, Kathuriapara, Nagendranagar, Aminbazar",West Bengal,geonames-pin
IND742121AAB,Nowda_ArhamDPP_D (West Bengal),Nowda,West Bengal,742121,24.237693333333333,88.06441333333333,"Jitpur, Chandpur, Amtala, Madhupur, Gangadhari, Pardiar, Nowda, Jagaipur, Goghata, Bhalanagar, Raipur-mirpur, Patikabari, Kanainagar, Garibpur, Mohammadpur",West Bengal,geonames-pin
IND181201AAB,Akhnoor_ThthiCwk_D (Jammu & Kashmir),Akhnoor,Jammu & Kashmir,181201,32.8585125,74.75820625,"Akhnoor, Kathar, Sungal, Bala, Pacca Danga Akhnoor, Gurha Brahmna, Mawa Brahmna, Mandarian, Lehar, Kaink Jagir, Brui, Pangyari, Gharatal, Bamal Colony, Gandharwan, Ambaran",Jammu & Kashmir,geonames-pin
IND274304AAB,Padrauna_BawliDPPP_D (Uttar Pradesh),Padrauna,Uttar Pradesh,274304,26.8057,83.6937,Padrauna H.O,Uttar Pradesh,geonames-pin
IND222001AAA,Jaunpur_Katghara_D (Uttar Pradesh),Jaunpur,Uttar Pradesh,222001,25.7382,82.6399,"Jaunpur H.O, Shastri Marg, Sutahatti Bazar, Shakarmandi, Raj College",Uttar Pradesh,geonames-pin
IND272155AAA,Harraiya_MahuGDPP_D (Uttar Pradesh),Harraiya,Uttar Pradesh,272155,26.842891666666663,82.48576666666666,"Keshwapur, Chorkhari, Bhadawal, Mahrajganj, Majhauwa Babu, Sukrauli Chaudhary, Barahpur, Amari Bazar, Thana Khas, Mahuwapar, Gauhania, Harraiya",Uttar Pradesh,geonames-pin
IND626117AAA,Rajpalayam_AshkTalk_D (Tamil Nadu),Rajpalayam,Tamil Nadu,626117,9.443,77.8389,"Rajapalayam Bus Stand, Rajapalayam Ambalapuli Bazzar, Rajapalayam Bazzar, Pudupalayam (Virudhunagar), Rajapalayam H.O",Tamil Nadu,geonames-pin
IND638452AAA,Gobicheti_Ward25_D (Tamil Nadu),Gobicheti,Tamil Nadu,638452,11.3467,77.3831,"Gobichettipalayam H.O, Gobichettipalayam East",Tamil Nadu,geonames-pin
IND785634AAA,Mariani_Mainroad_D (Assam),Mariani,Assam,785634,26.6572,94.3153,"Mariani, Nagajanka, Doklongia, Meleng, Namrupia",Assam,geonames-pin
IND673104AAA,Vadakara_Mandodi_D (Kerala),Vadakara,Kerala,673104,11.59654,75.79585,"Nadakkuthala, Meppayil, Chemmarathur, Keezhil, Siddhasamaj, Vayikkilassery, Nut Street, Puthur, Memunda, Kurikkilad",Kerala,geonames-pin
IND203390AAA,Anupshahar_DcntCLY_D (Uttar Pradesh),Anupshahar,Uttar Pradesh,203390,28.323715384615387,78.2404,"Bagsara, Jirouly, Sirora  Banger, Bibayana, Birouly, Bhargava Pharmacy, Surajpur  Makhena, Surajpur Makhena, Roop  Wash, Malakpur, Anupshahr, Parly, Bhopatpur",Uttar Pradesh,geonames-pin
IND285001AAD,Orai_Ajnari_D (Uttar Pradesh),Orai,Uttar Pradesh,285001,25.973162962962963,79.41772962962962,"Rahiya, Dhantauli, Chilli, Dhanaura, Karmer, Imiliya, Baragaon, Garhar, Kukargaon, Kharra, Mandri, Kharka, Sihari Daoodpur, Aeir, Kharoosa, Timron, Roora Addu, Shahjadpura, Beerpura, Orai Kutchery, Hardoi Guzar, Rath Road Orai, Dvc Road Orai, Orai Town, Orai H.O, Nunsai, Orai Railway Station",Uttar Pradesh,geonames-pin
IND335513AAA,Hanumangarh_DC (Rajasthan),Hanumangarh,Rajasthan,335513,29.2714,74.549,"Hanumangarh Town Bazar, Ramsara Narain, Kishanpura Dikhnada, Sherekan, Kamrani, Amarpura Theri, Kohlan, Nai Abdi Manumangarh Town, Hanumangarh Town, Jhamber",Rajasthan,geonames-pin
IND591115AAB,Kittur_ColageRD_D (Karnataka),Kittur,Karnataka,591115,15.693986666666666,74.81532666666666,"Kalbhavi, Tigadolli, Turkarshigihalli, Avaradi, Kittur Channamma School, Kittur Somwarpeth, Sangolli, Basarkod, Ugarkhod, Nichanki, Kulvalli, Bailur, Degaon, Kittur, Hirenandihalli",Karnataka,geonames-pin
IND245304AAA,Pilkhuwa_HapurRD_D (Uttar Pradesh),Pilkhuwa,Uttar Pradesh,245304,28.75181052631579,77.54373684210528,"Kastala, Bajhera Khurd, Kandoli, Kalchina, Mukeempur, Anwarpur, Tyori, Nagola, Farid Nagar, Doohri, Chajarsi, Samaipur, Khera, Bhojpur, Atrauli, Bhadola, Dehpa Azampur, New Market Pilkhauwa, Pilkhauwa",Uttar Pradesh,geonames-pin
IND824101AAA,AurngbadBR_Mahindra_D (Bihar),AurngbadBR,Bihar,824101,24.7656,84.3868,"Aurangabad Kutchehry, Aurangabad (BH) H.O",Bihar,geonames-pin
IND786171AAA,Digboi_JyotiNgr_D (Assam),Digboi,Assam,786171,27.42572307692308,95.38118461538464,"Powai, 3 No Borbil, Nazirating, Balijan, Muliabari, Golai, Bogapani, Lakhipather, Dhekiajan, Digboi Charali, Bhimpathar, Digboi, Tingrai",Assam,geonames-pin
IND848114AAA,DalsinghSarai_Wardno13_D (Bihar),DalsinghSarai,Bihar,848114,25.692434375,85.818059375,"B.Chaksekhu, Ghataho, Mishratol, Pan Basadhia, Mukhtiarpur, Akhtiarpur Khajuri, Ashinchak, Bajitpur Meari, Soeral, Kamraon, Belamegh, Bombaiya Harlal, Chakbahauddin, Chaknawada, Chandchour, Dalsinghsarai, Dalsinghsarai Bazar, Pandit Tol Tabhka, Depura, Konaila, Mathurapur, Musapur, Pagra, Mehsari, Chapta, Paroria, Bahadurpur, Rampur Jalalpur, Keota, Janakpur, Banghara, Pachpaika",Bihar,geonames-pin
IND000000AAS,Bongaigaon_Chpaguri_D (Assam),Bongaigaon,Assam,000000,,,,,
IND160102AAD,Chandigarh_Raiprkln_C (Chandigarh),Chandigarh,Chandigarh,160102,30.7465,76.7417,"Raipur Kalan, Mauli Jagran",Chandigarh,geonames-pin
IND207247AAB,Aliganj_KaimgnjRD_D (Uttar Pradesh),Aliganj,Uttar Pradesh,207247,27.476122222222223,79.16976111111111,"Nadrala, Gahi, Akbarpurkot, Ubhai Asadnagar, Kakora, Jasrathpur, Sarauth, Kaila, Junedpur, Datingara, Amraulirattanpur, Angriya, Mohammadnagar Bajhera, Nagla Gajpat, Pardanapur, Sarutiya, Aliganj (Etah), Daheliyapooth",Uttar Pradesh,geonames-pin
IND641006AAD,Coimbatore_ElngoNgr_C (Tamil Nadu),Coimbatore,Tamil Nadu,641006,10.8911,77.0331,"Krishnarayapuram, Ganapathy, Maniakarampalayam",Tamil Nadu,geonames-pin
IND212501AAA,Soraon_BypassRD_D (Uttar Pradesh),Soraon,Uttar Pradesh,212501,,,,,
IND400701AAA,Mumbai_Ghansoli_DC (Maharashtra),Mumbai,Maharashtra,400701,19.1167,72.9833,Ghansoli,Maharashtra,geonames-pin
IND606003AAA,Virudhchlm_SelamRd_D (Tamil Nadu),Virudhchlm,Tamil Nadu,606003,11.5216,79.30711,"Erumanur, Budamur, Manavalanallur, Kargudal, Paravalur, Kuppanatham, Ko  Adhanur, T   Gopurapuram, Thoravalur, Sathamangalam",Tamil Nadu,geonames-pin
IND843109AAB,Kanti_Central_DPP_2 (Bihar),Kanti,Bihar,843109,26.16072105263158,85.31136315789473,"Jamin Mathia, Singar, Raksha, Kabilpur, Birpur, Mahartha, K.H.Ramani, B.,mahanand, B.Pandey, Kanti, Haridaspur, B.Kesho, Panapur Kariat, Pakhnaha Shriram, Nariar Panapur, Sainpatti S.P.Singh, Pipra Asli, S.Barkagaon, Sadiquepur",Bihar,geonames-pin
IND695012AAA,Trivandrum_Mnanthla_H (Kerala),Trivandrum,Kerala,695012,8.6085,77.015,"Poojapura H.O, Thamalam, Poojapura Junction",Kerala,geonames-pin
IND787057AAA,Dhemaji_WardNo3_D (Assam),Dhemaji,Assam,787057,27.57340909090909,94.76895909090908,"Nagakhelia, Khubalia, Jiadhal, Jamuguri Panchali, Bishnupur, Hatigarh, Guttung, Goalchapori, Bulakata, Borlung, Borachira Gaon, Bauli, Lakhipathar, Subahi, Raiting, Matikhola, Perabari, Moridhal, Aradhal, Gohaingaon, Batgharia, Dhemaji",Assam,geonames-pin
IND174001AAA,BilaspurHP_Indsarea_D (Himachal Pradesh),BilaspurHP,Himachal Pradesh,174001,31.21962,76.963785,"Dobha, Lakhanpur, Tatoh, Raura Sector Bilaspur, Deoth, Brahampukhar, Binola, Beri Razadian, Sai Kharsi, New Bilaspur Town Ship, Bilaspur (Bilaspur- HP) H.O, Bilaspur Kty, Noa, Kothipura, Chhakoh, Deoli, Bandla, Bamta, Chharol, Kallar",Himachal Pradesh,geonames-pin
IND843301AAA,Sitamari_Durma_D (Bihar),Sitamari,Bihar,843301,26.576,85.5397,"Shaktipith Chandidham, Sitamarhi H.O",Bihar,geonames-pin
IND306902AAA,Sumerpur_BazarDPP_D (Rajasthan),Sumerpur,Rajasthan,306902,25.6373,73.648,"Netra, Pomawa, Palri-jod, Koliwara, Sumerpur Krishi Upaj Mandi, Fattapura, Kanpura, Sumerpur, B.M.G. Hospital Ramnagar",Rajasthan,geonames-pin
IND683565AAA,Kunnathund_Pringla_D (Kerala),Kunnathund,Kerala,683565,10.002,76.4005,"Vempilly, Kumarapuram (Ernakulam), Pazhamthottam, Peringala",Kerala,geonames-pin
IND360003AAA,Rajkot_Kothriya_DC (Gujarat),Rajkot,Gujarat,360003,22.430000000000003,70.81961538461539,"Rajkot Marketing Yard, Kotda Nayani, Anandpar Navagam, Khorana, Rajkot Bedipara, Sanosara, Maliyasan, Pipaliya(A), Kagadadi, Bedi(Rajkot), Anandpar(Morbi), Gauridad, Jaliya(Dhrol)",Gujarat,geonames-pin
IND276305AAA,Saraimeer_MsmcyDPP_D (Uttar Pradesh),Saraimeer,Uttar Pradesh,276305,25.9757,83.0353,"Nandaon, Nardah, Saraimeer, Rajapur Sikaraur, Niauj, Beenapara, Babu Ki Basti, Mirja Pur, Rangdih, Towa",Uttar Pradesh,geonames-pin
IND335524AAA,Rawatsar_ShivmDPP_D (Rajasthan),Rawatsar,Rajasthan,335524,29.029629032258065,74.28874838709677,"4 Cym, 4 Dwm, Mainawali, Mirzewali Mer, Mohanmagaria, Naurangdesar, Madhunagar, Naiyasar, Moter, 15 Kwd, Jorawarpura, Bhompura, Hardaswali, Mahela, Bisrasar, Baramsar, Kanwani, Daniyasar, Rawatsar (Hanumangarh), Pallu, Khoda, Dhannasar, Dablikalan, Chahuwali, Purabsar, Lakhuwali Head, Thalarka, Chahiyan, Poharka, Bherunsari, Rampura Matoria",Rajasthan,geonames-pin
IND600116AAB,Chennai_Porur_DPC (Tamil Nadu),Chennai,Tamil Nadu,600116,12.799666666666669,79.93513333333334,"Sriramachandra Deemed Uty, Alapakkam, Porur",Tamil Nadu,geonames-pin
IND680307AAA,Chalakudy_SurbhiTh_D (Kerala),Chalakudy,Kerala,680307,10.3422,76.2977,"Chalakudi H.O, Chalakudi Town, Chalakudi South",Kerala,geonames-pin
IND712124AAA,Hooghly_DC (West Bengal),Hooghly,West Bengal,712124,22.8245,88.3384,"Nanda, K G R S Path, Saradapally, Bighati, Bhadreswar",West Bengal,geonames-pin
IND627756AAA,Sankaran_Kovil_D (Tamil Nadu),Sankaran,Tamil Nadu,627756,8.7987,77.542,"Sankarankovil H.O, Sankarankovil Bazaar",Tamil Nadu,geonames-pin
IND380054AAA,AMD_Memnagar (Gujarat),AMD,Gujarat,380054,22.7611,72.2477,"Thaltej Road, Bodakdev",Gujarat,geonames-pin
IND424101AAA,Chalisgaon_BhadgDPP_D (Maharashtra),Chalisgaon,Maharashtra,424101,20.5658,75.0922,"Chalisgaon Adarsha Nagar, Chalisgaon R S, Chalisgaon Town, Chalisgaon H.O",Maharashtra,geonames-pin
IND176215AAA,Dharamshala_GrudwrRd_D (Himachal Pradesh),Dharamshala,Himachal Pradesh,176215,32.1259,76.2119,"Dharamsala H.O, Kotwali Bazar Dharamsala, Shamnagar Dharamsala",Himachal Pradesh,geonames-pin
IND275303AAA,Dohrighat_AzmrdDPP_D (Uttar Pradesh),Dohrighat,Uttar Pradesh,275303,26.097442857142852,83.53151428571428,"Mohammadabad Sipah, Canal Head, Dohari  Ghat, Nai Bazar, Mahula, Panail, Gotha",Uttar Pradesh,geonames-pin
IND812002AAA,Bhagalpur_Pbroad_DC (Bihar),Bhagalpur,Bihar,812002,25.2705,87.0844,"Sujaganj Bazar, Tatarpur, Bhagalpur City",Bihar,geonames-pin
IND413501AAA,Osmanabad_Kakdepot_D (Maharashtra),Osmanabad,Maharashtra,413501,18.1896,76.0397,"Osmanabad H.O, Milly Colony, Vidyanagar (Osmanabad), Osmanabad Town",Maharashtra,geonames-pin
IND844101AAB,Hajipur_ThaneDPP_D (Bihar),Hajipur,Bihar,844101,25.8172,85.2628,"Yusufpur, Hajipur Chowk, Rambhadra, Hajipur H.O",Bihar,geonames-pin
IND201304AAA,Noida_Sec-83_DC (Uttar Pradesh),Noida,Uttar Pradesh,201304,28.4014,77.535,"Baraula, Maharishi Nagar, Chhaprauli Bengar, Gejha",Uttar Pradesh,geonames-pin
IND585330AAE,Humnabad_EBroad_D (Karnataka),Humnabad,Karnataka,585330,17.994085714285713,77.2966,"Kallur, Sindankera, Hallikhed (K), Dhannura (R), Hankuni, Humnabad Industrial Area, Humnabad",Karnataka,geonames-pin
IND805110AAD,Nawada_Central_DPP_2 (Bihar),Nawada,Bihar,805110,25.0168,85.6328,Nawadha H.O,Bihar,geonames-pin
IND783301AAA,Dhubri_Tetultol_D (Assam),Dhubri,Assam,783301,26.0675,90.0224,"Dhubri H.O, Dhubri Bazar",Assam,geonames-pin
IND400072AAJ,Mumbai_Tejpal_I (Maharashtra),Mumbai,Maharashtra,400072,18.9808,72.8338,"Vihar Road, Sakinaka",Maharashtra,geonames-pin
IND144401AAB,Phagwara_Lovely_D (Punjab),Phagwara,Punjab,144401,31.2326,75.7895,"Mehli Gate Phagwara, Thaper Colony Phagwara, Phagwara H.O, Banga Road Phagwara, Bazar Sarafan Phagwara",Punjab,geonames-pin
IND335501AAA,Bhadra_GMndiDPP_D (Rajasthan),Bhadra,Rajasthan,335501,29.058116666666667,75.21669166666668,"Anupshahar, Bhagwan, Bhanai, Utradabas, Karanpura, Bhojasar, Dobi, Gandhi Bari, Ajitpura, Bhadra, Bhadi, Bhangarh",Rajasthan,geonames-pin
IND335804AAD,Suratgarh_Central_DPP_2 (Rajasthan),Suratgarh,Rajasthan,335804,29.342468181818184,73.65361363636363,"Rampura Neola, Sardarpura Bika, Suratgarh City, Padampura, Ghamandia, Narwana, Rajiasar, Bhagwansar, Govindsar, Rajpura Pipran, Ramsara Jakhran, Farm Colony Suratgarh, Birdwal Head, Badopal, Mahaksar, Manaktheri, Deidaspura, Mokalsar, Rampura, Suratgarh, Hindor, Maler",Rajasthan,geonames-pin
IND581115AAC,Ranebennur_SriRmNGR_D (Karnataka),Ranebennur,Karnataka,581115,14.708486363636364,75.4999,"Kudapali, Honnatti, Hanumapur, Chikkuravatti, Choudadanapur, Devaragudda, Haranagiri, Hirebidari, Kajjari, Sunakalbidari, Ranebennur, Kakol, Gudgur, Asundi, Hanumanamatti, Airani, Magod, Ranebennur Bzr, Aremallapur, Ranebennur Eng-college, Budapanahalli, Ranebennur Extn",Karnataka,geonames-pin
IND631501AAA,Kanchipuram_DC (Tamil Nadu),Kanchipuram,Tamil Nadu,631501,12.6207,79.6513,"Tirukachinambi Street, Kanchipuram Collectorate, Kanchipuram H.O, Thoopul, Little Kanchipuram, Pillayarpalayam, Kanchipuram Cutchery",Tamil Nadu,geonames-pin
IND847103AAA,Benipur_Javahar_D (Bihar),Benipur,Bihar,847103,26.005764705882356,86.13811764705882,"Neori, Korthu, Jayantipur, Shivnagarghat, Ruchighat, Pohhadi, Mohiuddinagar Pakari, Mahinam, K.Jagdishpur, Benipur, Harsinghpur, Motipur, Rohar, Antaur, Nari, Bhawanipur, Andauli",Bihar,geonames-pin
IND141003AAB,Ludhiana_GillChwk_DC (Punjab),Ludhiana,Punjab,141003,30.8047,75.8361,"A.P. Basti, Shimlapuri, Indl  Colony, Labour Colony (Ludhiana), Millerganj, Janta Nagar",Punjab,geonames-pin
IND742149AAA,Murshidabad_Sirjudol_D (West Bengal),Murshidabad,West Bengal,742149,24.15278888888889,88.14608888888888,"Lalbagh (Murshidabad), Kurmitola, Talgachi, Khoshbagh, Jahankosha, Jafrabad, Bhattabati, Gopinathpur, Murshidabad",West Bengal,geonames-pin
IND231225AAB,Anpara_Parasi_D (Uttar Pradesh),Anpara,Uttar Pradesh,231225,24.34708,82.9998,"Anpara Tps, Bairpan, Kandhaura, Radhore, Dibulgani",Uttar Pradesh,geonames-pin
IND585211AAA,Chittapur_GlbrgaRD_D (Karnataka),Chittapur,Karnataka,585211,17.204615384615387,76.92845384615384,"Bhagewadi, Alhalli, Dandothi, Dandgund, Chittapur, Yargal, Margol, Bankalga, Satnoor, Rajola, Diggaaon, Dongaon, Kardal",Karnataka,geonames-pin
IND560300AAB,Bangalore_East_I_20 (Karnataka),Bangalore,Karnataka,560300,13.2257,77.575,Bangalore International Airport,Karnataka,geonames-pin
IND500008AAC,Hyderabad_Tolichwk_I (Telangana),Hyderabad,Telangana,500008,17.4171,78.4772,"Toli Chowki, Golconda, Lunger House, Nanakramguda, Kakatiya Nagar, Sakkubai Nagar",Telangana,geonames-pin
IND201307AAA,Noida_Chukhndi_D (Uttar Pradesh),Noida,Uttar Pradesh,201307,28.5929,77.4021,"Noida Sector 34, Sarfabad, Noida Sector 55, Parthala Khanjarpur",Uttar Pradesh,geonames-pin
IND122001AAA,GGN_DPC (Haryana),GGN,Haryana,122001,28.418000000000003,76.9839,"Gurgaon Kty., Khandsa Road, Urban Estate (Gurgaon), Arjun Nagar, Gurgaon H.O, Gurgaon South City I, New Colony (Gurgaon), Gurgaon Sector 17, Mini Sectt., Basai Road, Shivaji Nagar (Gurgaon)",Haryana,geonames-pin
IND742226AAA,Sagardighi_UtBzrDPP_D (West Bengal),Sagardighi,West Bengal,742226,24.16950625,88.22252499999999,"Pundi, Moregram, Nimgram Beluri, Suki, Samsabad, Noapara, Megha Siara, Kharati, Harhari, Dohali Dangapara, Dhanpatganj, Boyar, Bokhara, Aheripara, Bhola, Sagardighi",West Bengal,geonames-pin
IND415003AAA,Satara_DC (Maharashtra),Satara,Maharashtra,415003,17.6661,74.1735,"Sangamnagar Satara, Kshatra Mahuli, Khed(Wadhe)",Maharashtra,geonames-pin
IND276140AAA,Jiyanpur_Central_DPP_1 (Uttar Pradesh),Jiyanpur,Uttar Pradesh,276140,26.153900000000004,83.3351,"Chaklal Chand, Jameen Harkhori, Jiyanpur",Uttar Pradesh,geonames-pin
IND521165AAA,Vuyyuru_BhogdDPP_D (Andhra Pradesh),Vuyyuru,Andhra Pradesh,521165,16.3453,80.83267777777777,"Gandigunta, Lakshmana Nagar, Garikiparru, Vuyyuru East, Penamakuru, Ambedkarnagar, Yakamuru, Kanakavalli, Vuyyuru",Andhra Pradesh,geonames-pin
IND625531AAA,Theni_Rathnam_D (Tamil Nadu),Theni,Tamil Nadu,625531,10.01587,77.48243,"Kunnur, Ammatchiapuram, T.Nagar (Theni), Palanichettipatti, Buthipuram, Bangalamedu, Kodangipatti, Allinagaram, Annanji, Theni",Tamil Nadu,geonames-pin
IND271201AAA,Balrampur_PBRDDPP_D (Uttar Pradesh),Balrampur,Uttar Pradesh,271201,27.49271363636364,82.34446818181817,"Beer Pur Khairaniya, Birahin Pur, Bhatpurwa Kala, Deoria, Belha, Balrampur Degree College, Balrampur H.O, Jabdha, Katra Shankar Nagar, Jewnar, Mirjapur, Bahre Kuiya, Koilara, Balrampur City, Bhagautiganj, Bargadhi, Bheekh Pur, Purab Tola, Bishunipur, Pandari, Farenda, Gajaihwa",Uttar Pradesh,geonames-pin
IND414001AAA,AhmedNagar_DC (Maharashtra),AhmedNagar,Maharashtra,414001,19.0512,75.1407,"Sarjepura, M.G.Udyan, Anandibazar, Ahmednagar H.O, Ahmednagar City",Maharashtra,geonames-pin
IND414302AAB,Parner_Hindcwk_D (Maharashtra),Parner,Maharashtra,414302,19.169566666666665,74.57373333333334,"Pimpalner, Padali Darya, Pimprijalsen, Vadzire, Vadegavan, Punewadi, Vadner Haveli, Babulwade, Mhasane, Loni Haveli, Ralegan Siddhi, Chincholi, Panoli, Ganjibhoyare, Parner",Maharashtra,geonames-pin
IND695614AAA,Kilimanoor_Krvnkuzy_D (Kerala),Kilimanoor,Kerala,695614,8.7999,76.8792,"Mulakkalathukavu, Adayamon, Thattathumala",Kerala,geonames-pin
IND387001AAA,Nadiad_DC (Gujarat),Nadiad,Gujarat,387001,23.0401,73.0053,"SRP Group Area Nadiad, Ashram Road -Nadiad, Dumral Bazar, Nadiad H.O",Gujarat,geonames-pin
IND262701AAA,Lakhimpur_Maheva_D (Uttar Pradesh),Lakhimpur,Uttar Pradesh,262701,28.08950357142857,80.69400714285713,"Deokali, Bijhauli, Razaganj, Rajgarh, Lakhimpur, Lakhperaganj, Murtiha, Kalaam, Meerpur, Manyora, Shivpuri (Kheri), Siyathu, Midania, Rampur Gokul, Barkherwa, Kheri H.O, Sankata Devi, Baherwa, Udaipur Mahewa, Lokesor, Mudia Khera, Piparawan, MahrajNagar, Naibasti, Rangila Nagar, Fardhan, Kaimahra, Ganeshpur",Uttar Pradesh,geonames-pin
IND517325AAA,Madnapalle_PngnrRd_D (Andhra Pradesh),Madnapalle,Andhra Pradesh,517325,13.5866,78.4619,"Kothapeta Madanapalle, Madanapalle Society Colony, Madanapalle H.O",Andhra Pradesh,geonames-pin
IND127021AAA,Bhiwani_DC (Haryana),Bhiwani,Haryana,127021,28.6418,75.9763,"Bseh Bhiwani, Halu Bajar Bhiwani, Bus Stand Bhiwani, Birla Colony Bhiwani, Mini Sect Bhiwani, Jalan Hospital Bhiwani, Bhiwani H.O, Lohar Bazar",Haryana,geonames-pin
IND147001AAB,Patiala (Punjab),,Punjab,147001,30.3793,76.1644,"Bahera Road Patiala, Sheran Wala Gate Patiala, Patiala H.O, Dukhniwaran Sahib, NSNIS Patiala, Civil Lines Patiala, Ragho Majra Patiala, Patiala City, Jaurian Bhattian, Medical College (Patiala), Law Court",Punjab,geonames-pin
IND431203AAA,Jalna_BhgyaNgr_D (Maharashtra),Jalna,Maharashtra,431203,19.6929,75.8818,"Jalna Mondha, Rakhiv Police Bal Jalna, Jalna H.O, Ambika Market Jalna",Maharashtra,geonames-pin
IND132103AAB,Panipat_PC (Haryana),Panipat,Haryana,132103,29.3882,76.9586,"Panipat N.S.M., Panipat City, Panipat Model Town, Panipat Sugar Mills, Panipat GT Road, Panipat Kranti Nagar, Panipat H.O, Panipat Patel Nagar, Panipat Kishanpura",Haryana,geonames-pin
IND000000ADV,Chennai_Mdhavram_C (Tamil Nadu),Chennai,Tamil Nadu,000000,,,,,
IND303008AAB,Dudu_NrainaRD_D (Rajasthan),Dudu,Rajasthan,303008,26.70988235294117,75.2978705882353,"Dudu, Dantri, Dhandholi, Rasili, Rehlana, Sakhoon, Sewa, Sinodia, Gehlota, Sirohi Kalan, Gagardoo, Nanan, Padasoli, Ladera, Harsoli, Khudiyala, Sali",Rajasthan,geonames-pin
IND132001AAA,Karnal (Haryana),,Haryana,132001,29.6875,76.8847,"Karnal HBC, Karnal Partap Pura, Karnal New Prem Nagar, Karnal Railway Road, Karnal Ram Nagar, Karnal Sadar Bazar, Karnal H.O, Canal Colony, Karnal Model Town, Karnal NDRI, Karnal Sector-6, Mini sectt- sector-12 Kanral, Karnal Kutchery, Karnal GBS, Sector-8 Karnal, Sector 4 Karnal, Jundla Gate, Kanral Industrial Area, Cssri",Haryana,geonames-pin
IND757037AAA,Karanjia_Sarubali_D (Orissa),Karanjia,Orissa,757037,21.787,85.9314052631579,"Karanjia Court, Karanjia (Mayurbhanj), Karanjia Golei, Ghosada, Ghagarda, Kendumundi, Chitraposi, Kerkera, Karanjia Bazar, Patbil, Kushpada, Kendujiani, Indupur, Rasamtala, San Deuli, Bhanra, Bhadubeda, Kuliposi, Nedhuapal",Odisha,geonames-pin
IND584101AAA,Raichur_LSRoad_DC (Karnataka),Raichur,Karnataka,584101,16.202,77.2515,"Raichur Nijalingappa Nagar, Raichur R.S., Raichur Saath Katchery, Raichur Naya Bazar, Raichur H.O",Karnataka,geonames-pin
IND680104AAA,Guruvayoor_ManhrBld_D (Kerala),Guruvayoor,Kerala,680104,10.5814,76.0693,"Nemmini, Thaikkad, Brahmakulam",Kerala,geonames-pin
IND752055AAA,Khurdha_MunplDPP_D (Orissa),Khurdha,Orissa,752055,20.09,85.5114,Khorda H.O,Odisha,geonames-pin
IND562159AAA,Ramanagara_BMRd_DC (Karnataka),Ramanagara,Karnataka,562159,12.689111764705885,77.31482352941177,"Anjanapura, Akkur, Averahalli, Jayapura, Kailancha, Doddagangawadi, Ramanagaram, Bannikuppe, Kutgal, Ijoor Ramangaram, Yerehalli, Bilagumba, Ankanahalli, Lakkojanahalli, Jalamangala, GCEC Ramanagara, Krishnapuradoddi",Karnataka,geonames-pin
IND331023AAA,Rajgarh_SadulDPP_D (Rajasthan),Rajgarh,Rajasthan,331023,28.6285175,75.34848,"Sadulpur, Bungi, Dadrewa, Jharsar Chhota, Jaitpura, Gagarwas, Dhingi, Laseri, Gulpura, Thanmathoi, Dokwa, Lambor Bari, Paharsar, Modawasi, Devipura, Bairasar Chhota, Bhuwari, Chainpura Chhota, Bhagela, Ghanau, Sadulpur City, Chubakia Tal, Dhani Mozi, Nyangal Bari, Ragha Chhoti, Dhigarla, Gagadwas, Lakhlan, Lilaki, Gothya Bari, Gwalisar, Hadyal RS, Hansiyawas, Mahalana Utarada, Mundi Tal, Patel Chowk Sadulpur, Narwasi RS, Narwasi Village, Nyangal Chhoti, Suratpura",Rajasthan,geonames-pin
IND363520AAC,Chotila_Central_D_2 (Gujarat),Chotila,Gujarat,363520,22.737608,71.56075200000001,"Chotila, Nava, Pipaliya (Dhora), Dhokalva, Chobari, Panchvada, Rajpara, Vadali, Zinzuda, Anandpur Bhadla, Bamanbor, Chiroda, Devsar, Dharai, Sapar, Sanosara, Gunda, Reshamiya, Piyava, Pipaliya Dhandhal, Janivadla, Khatdi, Kherana, Kherdi, Moti Moldi",Gujarat,geonames-pin
IND262405AAA,Sitarganj_SidculRd_D (Uttarakhand),Sitarganj,Uttarakhand,262405,28.9817,79.727,"Nakulia, Sittarganj, Sisona, Ghusari, S.A.I. Camp, Pandari, Lamakhera, Baruabagh, Bidora, Bijitipattia",Uttarakhand,geonames-pin
IND732202AAA,Manikchak_Enayetpr_D (West Bengal),Manikchak,West Bengal,732202,25.12363333333333,88.0534111111111,"Enayetpur, Dharampur, Rahimpur, Purbasaidpur, Janakiramtola, Chowki Mirdadpur, Mohana, Manikchak, Dallutola",West Bengal,geonames-pin
IND825301AAA,Hazaribag_BodomBzr_DC (Jharkhand),Hazaribag,Jharkhand,825301,24.0078,85.2567,"Boddam Bazar, Pethiatand, Bara Bazar (Hazaribag), Distt. Board, Hazaribagh H.O",Jharkhand,geonames-pin
IND209206AAB,Ghatampur_StatinRD_D (Uttar Pradesh),Ghatampur,Uttar Pradesh,209206,26.43255,79.87032333333333,"Kaitha, Akbarpur, Asdhna, Dharmangadpur, Nauranga, Srinagar, Ratanpur, Bhadras, Revna, Dharmangadpur, Gujela, Dhamna Bujurg, Chanwar, Bhadwara, Pras, Bari Mahtaen, Bara Daulatpur, Itrra, Kohara, Korea, Kuwankhera, Jajpur, Parachand, Patrsa, Sadar Bazar Ghatampur, Roop Nagar, Rawaipur, Rar, Harbansh Pur, Ghatampur",Uttar Pradesh,geonames-pin
IND535558AAA,Bobbili_ColegRd_D (Andhra Pradesh),Bobbili,Andhra Pradesh,535558,18.5701,83.4615,Bobbili H.O,Andhra Pradesh,geonames-pin
IND632301AAA,Arani_KrthiKyn_D (Tamil Nadu),Arani,Tamil Nadu,632301,12.6349,79.3112,"Saidapettai Arni, Arunagirichatram, Arni Fort, Arni H.O",Tamil Nadu,geonames-pin
IND614602AAA,Pattukotai_anthniyr_D (Tamil Nadu),Pattukotai,Tamil Nadu,614602,10.45240625,79.2707625,"Pallikondan, Pannavayal, Nainankulam, Nadimuthunagar, Soorapallam, Mudalseri, Maliyakadu, Kuruchi, Anaikadu, Srinivasapuram (Thanjavur), Ponnavarayankottai, Adambai, Alivalam, Kamatchinayakkanpalayam, Pattukottai R.S., Naduvikottai",Tamil Nadu,geonames-pin
IND364004AAB,Bhavnagar_ChtrGIDC_IP (Gujarat),Bhavnagar,Gujarat,364004,21.7726,72.0728,"Nari, Bhavnagar Chitra",Gujarat,geonames-pin
IND140001AAA,RoopNagar_ChotiHvl_DC (Punjab),RoopNagar,Punjab,140001,31.0624,76.4894,"Ropar H.O, Minisectt Ropar, Thermal Plant Colony Ropar",Punjab,geonames-pin
IND201001AAA,Ghaziabad_Patel Nagar (Uttar Pradesh),Ghaziabad,Uttar Pradesh,201001,28.7643,77.4856,"Ramte Ram Road, Nehru Nagar (Ghaziabad), Ghaziabad H.O, Ashok Nagar (Ghaziabad)",Uttar Pradesh,geonames-pin
IND231208AAA,Duddhi_MChwkDPP_D (Uttar Pradesh),Duddhi,Uttar Pradesh,231208,24.24713125,83.15258125,"Khokha Karahia, Babhani, Arangpani, Jharo Khurd, Dudhi, Kirbil, Myorpur, Gadia, Bairpur, Satbahani, Ekdari, Rajkhad, Karahia, Pakari, Hathwani, Mahuli",Uttar Pradesh,geonames-pin
IND302006AAA,Jaipur (Rajasthan),,Rajasthan,302006,26.9196,75.7878,"Station Road (Jaipur), P.W.D.Office, Jaipur R.S., Raj Bhawan (Jaipur), Ajmer Road",Rajasthan,geonames-pin
IND628801AAA,Eral_Busstand_D (Tamil Nadu),Eral,Tamil Nadu,628801,8.632666666666667,78.0404,"Korkai, Eral, Vallavallan",Tamil Nadu,geonames-pin
IND785621AAA,Golaghat_BaruaRd_D (Assam),Golaghat,Assam,785621,26.4573,93.8334,Golaghat H.O,Assam,geonames-pin
IND221313AAA,Varanasi_Central_H_4 (Uttar Pradesh),Varanasi,Uttar Pradesh,221313,25.365075,82.864975,"Kachhwa Road, Thathara, Khochawan, Domaila",Uttar Pradesh,geonames-pin
IND781001AAA,Guwahati_UzanBazr_DC (Assam),Guwahati,Assam,781001,26.2528,91.5362,"Fancy Bazar, Guwahati G.P.O., Uzanbazar",Assam,geonames-pin
IND241124AAB,Shahabad_KDRoad_D (Uttar Pradesh),Shahabad,Uttar Pradesh,241124,27.58082,79.96321,"Anjhi R S, Kundi, Udharanpur, Jamura, Shahabad (Hardoi), Harrai, Fatehpur Gayand, Nagla Lothu, Kodra Saraiya, Basit Nagar, Fatehpur Gazi, Shahabad B.S., Sikandarpu Narkatara, Tumurkee, Anjhi Gaon, Siroman Nagar, Sarsawan, Kakarghata, Singulapur, Pareli",Uttar Pradesh,geonames-pin
IND530043AAA,Visakhapatnam_VislkNgr_DC (Andhra Pradesh),Visakhapatnam,Andhra Pradesh,530043,17.6454,83.001,"Visalakshinagar, Dayalnagar",Andhra Pradesh,geonames-pin
IND614804AAA,Peravurani_SH71_D (Tamil Nadu),Peravurani,Tamil Nadu,614804,10.317041666666666,79.20034166666666,"Kalathur, Sengamangalam, Pinnavasal, Kalagam, Kalanivasal, Peravurni, Palaya Peravurni, Punaikuthikadu, Sornakadu, Karuppamanai, Mavadukurichi, Mudachikadu",Tamil Nadu,geonames-pin
IND516001AAA,Cuddapah_DC (Andhra Pradesh),Cuddapah,Andhra Pradesh,516001,14.4307,78.8825,"Sunnapuralla Palli, Maruti Nagar, Cooperative Colony, Nagarajupet, Almaspet, Cuddapah H.O",Andhra Pradesh,geonames-pin
IND506169AAB,Bhupalpally_JwahrNGR_D (Telangana),Bhupalpally,Telangana,506169,17.89754285714286,79.77618571428572,"Nagaram, Jhengaid, Bhupalapalli, Gollabudharam, Azamnagar, Kasimpalli, Adavikamalapur",Telangana,geonames-pin
IND695572AAB,Kallikkad_Mutyvila_D (Kerala),Kallikkad,Kerala,695572,8.5042,77.0803,"Kattacode, Kattakada, Kuruthamcode, Pantha, Mylakkara, Neyyar Dam, Veeranakavu, Amachal, Ambalathinkala",Kerala,geonames-pin
IND731204AAB,Bolpur_WebelDPP_D (West Bengal),Bolpur,West Bengal,731204,23.945182352941178,87.66712352941177,"Laldaha, Muluk, Albandha, Bagdowra, Rajatpur, Sitapur, Supur, Kuchligopalpur, Bolpur Bazar, Darpasila, Sian, Raipur, Bolpur, Bolpur Trisulapatty, Bolpur Court, Adityapur, Bolpur Ukilpatty",West Bengal,geonames-pin
IND852113AAA,Madhepura_Krishnpr_D (Bihar),Madhepura,Bihar,852113,25.892766666666667,86.79740555555556,"Manikpur, Bhagwanpur, Bharahi, Madhepura Collectorate, Maliya, Sakarpura, Bhirkhi, Madhepura, Tulsibari, Jagjiwan Ashram, Sabaila, Turkahi, T.P.College,madhepura, Tuniahi, Sukhasan Chakla, Sahugarh, Bnmu University Madhepura, Gorela",Bihar,geonames-pin
IND125104AAA,Sirsa_AnprnDPP_D (Haryana),Sirsa,Haryana,125104,29.90378125,74.68868125,"Abubshahar, Masitan, Mangiana, Desu Jodha, Chatha, Maujgarbh, Dabwali Town, Khuiyana Malkana, Habuana, Paniwala Ruldu, Dabwali Village, Shergarh, Sakta Khera, Mandi Dabwali, Lohgarh, Mithri",Haryana,geonames-pin
IND413517AAA,Udgir_NlgaonRd_D (Maharashtra),Udgir,Maharashtra,413517,18.35928064516129,76.6671,"Loni, Her, Kallur, Udgir, Sambhu Omerga, Banshelki, Dongarshelki, Karadkhed, Tondar, Tondchira, Rawangaon, Nagalgaon, Malewadi, Udgirganj, Lohara, Mogha, Nalgir, Shirol Janapur, Somnathpur, Togri, Dhondi Hipperga, Devarjan, Dawangaon, Kumtha KH, Awalkonda, Daithana, Malkapur, Dighoi, Sawargaon, Takali, Rohina",Maharashtra,geonames-pin
IND585222AAA,Sedam_DBRCmplx_D (Karnataka),Sedam,Karnataka,585222,17.025019999999998,77.19183333333334,"Sedam, Adki, Handarki, Hirebetgera, Bheemanahalli, Ranjol, Vasavadatta C F, Udagi, Kodla, Kalkham, Hirealur, Goudampalli, Chitakanapalli, Siddanamadu, Benakanahalli",Karnataka,geonames-pin
IND110078AAA,Janakpuri (Delhi),,Delhi,110078,28.6317,77.0425,"GGSIP University, Distt. Court Complex,Dwarka, N.S.I.T. Dwarka, Kakrola",Delhi,geonames-pin
IND140501AAA,Lalru_OnkarDPP_D (Punjab),Lalru,Punjab,140501,30.455215384615386,76.8562,"Tiwana, Jarut, Jharmarhi, Joula Kalan, Samgoli, Sirsihni, Tassimbli, Lalru, Dharamgarh, Jauli, Khelan, Rani Majra, Handesera",Punjab,geonames-pin
IND591302AAB,Khanapur_StatinRD_D (Karnataka),Khanapur,Karnataka,591302,15.60250625,74.4599125,"Nilwade, Ramgurwadi, Shindolli, Manturge, Khanapur Town, Karambal, Garalgunji, Lokali, Shiroli, Gunji, Khanapur (Belgaum), Topinkatti, Idalahonda, Nittur, Nerse, Baragaon",Karnataka,geonames-pin
IND723130AAA,Hura_Central_D_1 (West Bengal),Hura,West Bengal,723130,23.305780952380957,86.2694380952381,"Daldali, Pabrapahari, Dhengakend, Mekhyada, Nayadih, Hura (Puruliya), Lara, Kaliabasa, Manguria Lalpur, Chakalta, Kustore, Agardih, Bishpuria, Chatumadar, Rakhera, Chhirudi Chandanpur, Mehi, Rakab, Tanginayada, Dhabani, Hadalda",West Bengal,geonames-pin
IND201301AAM,Noida_Sector63_L (Uttar Pradesh),Noida,Uttar Pradesh,201301,28.60875,77.51740000000001,"Noida Sector 27, Noida Sector 12, Noida H.O, Noida Sector 16",Uttar Pradesh,geonames-pin
IND133004AAA,Ambala (Haryana),,Haryana,133004,30.27293,76.87062,"Shah Pur, P & T Colony, Kuldeep Nagar, Mardon Sahib, Tharwa, Durana, Mohra, Baraula, Bara, Dukheri",Haryana,geonames-pin
IND144601AAA,Kapurthala_DC (Punjab),Kapurthala,Punjab,144601,31.3801,75.3811,"Kapurthala Town, Kanjli Road Kapurthala, Amrit Bazar(Kapurthala), Sainik School Kapurthala, Kapurthala H.O",Punjab,geonames-pin
IND500035AAA,Hyd_LB-Nagar_Dc (Telangana),Hyd,Telangana,500035,17.27515,78.44035,"Saroornagar, Huda Residential Complex",Telangana,geonames-pin
IND695541AAA,Nedumangad_Arsprmbu_D (Kerala),Nedumangad,Kerala,695541,8.636711111111111,77.005,"Anad, Chullimanoor, Nedumangad, Mannurkonam, Tholicode, Paruthikuzhy, Puthukulangara, Karipur, Mancha",Kerala,geonames-pin
IND391110AAD,Dabhoi_Central_DPP_3 (Gujarat),Dabhoi,Gujarat,391110,22.22110476190476,73.25249047619047,"Dabhoi R.S., Dabhoi Vadodari Bhagol, Puniad, Sitpur, Vasai, Pansoli, Kukad, Manjrol, Karalipura, Sathod, Mota  Habipura, Karnet, Simalia, Dharmpuri, Bhilodia, Dabhoi H.O, Chanvada, Pisai, Wadhwana, Anandi, Shirola",Gujarat,geonames-pin
IND142026AAA,Jagraon_DC (Punjab),Jagraon,Punjab,142026,30.8567,75.6153,"Jagraon H.O, Jagraon Tehsil, Jagraon City",Punjab,geonames-pin
IND752050AAA,Khurdha_JatniDPP_D (Orissa),Khurdha,Orissa,752050,20.096123529411763,85.52964705882353,"Turumal, Retang colony, Kudiari, Godiput matiapada, Loco settlement, Orissa engineering college, Arugul, Panchagaon, Rajabazar, Badatota, Kantia, Khurda road rs, Harirajpur, Kusumati, Jatni, Taraboi, Bhimpur padanpur",Odisha,geonames-pin
IND811201AAB,Munger_Kaura_D (Bihar),Munger,Bihar,811201,25.21,86.5274,"N.D.Road Munger, Belan Bazar, Munger Town, Munger Fort, Ganga Darshan, Munger College, Purab Sarai, Jamalpur Work Shop Ed So, Munger H.O, Lal Darwaza (Munger)",Bihar,geonames-pin
IND421601AAB,Asangaon_Shahapur_D (Maharashtra),Asangaon,Maharashtra,421601,19.20426285714285,73.5719457142857,"Shere, Khutghar, Chande, Nadgaon, Kalamgaon, Shirgaon, Sakurli, Shahapur (Thane), Shenwa, Andad, Sawaroli, Aghai, Vehloli, Vehele, Piwali, Khardi, Dolkhamb, Dalkhan, Aware, Chondhe Colony, Ambarje, Alyani, Dhasai, Tembhurli, Asangaon, Lenad Khurd, Vehaloli Vashind, Vashind, Tansa, Saralambe, Sakadbav, Kharade, Gunde, Vaitarna, Atgaon",Maharashtra,geonames-pin
IND690537AAA,Kayamkulam_Bhrnikvu_D (Kerala),Kayamkulam,Kerala,690537,9.1738,76.5262,Pullikanakku,Kerala,geonames-pin
IND532201AAA,Tekkali_AmvdiDPP_D (Andhra Pradesh),Tekkali,Andhra Pradesh,532201,18.3568,83.7414,Tekkali H.O,Andhra Pradesh,geonames-pin
IND414502AAA,Shevgaon_VidyaNgr_D (Maharashtra),Shevgaon,Maharashtra,414502,19.231045833333333,74.7469625,"Shevgaon, Shahar Takali, Ladjalgaon, Bhatkudgaon, Bhavinimgaon, Kharadgaon, Joharapur, Tajnapur, Khanapur  BO, Vadule BK, Hasnapur, Deotakli, Sultanpur BK, Rakshi, Varur BK, Ranegaon, Samangaon, Malegaon, Golegaon, Samsud Erandgaon, Shingori, Akhatwade, Dahigaon, Ghotan",Maharashtra,geonames-pin
IND691574AAA,Kalluvathukal_Pariplly_D (Kerala),Kalluvathukal,Kerala,691574,8.8663,76.7057,"Velamannoor, Parippally, Kizhakkenela",Kerala,geonames-pin
IND700065AAB,CCU_Beleghta_CP (West Bengal),CCU,West Bengal,700065,22.5553,88.3558,"Health Institute, Durganagar, Rabindra Nagar, Subhas Nagar",West Bengal,geonames-pin
IND224141AAB,Gosainganj_Pakrela_D (Uttar Pradesh),Gosainganj,Uttar Pradesh,224141,26.51584666666667,82.31184,"Bala Paikauli, Goshaiganj, Bandanpur, Chachikpur, Samda, Amsin, Fatehpur Kamasin, Ankaripur, Ramapur, Asgawan, Chandrikaganj, Teliagarh, Jaitpur Nidhiyawan, Raniwan, Rajapur Sraiya",Uttar Pradesh,geonames-pin
IND614616AAA,Aranthangi_HsptlRod_D (Tamil Nadu),Aranthangi,Tamil Nadu,614616,10.10619411764706,78.93130588235294,"Panjatti, Arantangi Fort, Arantangi, Aliyanilai, L.N.Puram, Edaiyathur, Eganivayal, Muslim Street, Nakkudi, Puduvakottai, Ratnakottai, Thondaimanendal, Veeramangalam, Kundagavayal, Kammangadu, Memangalam, Melapattu",Tamil Nadu,geonames-pin
IND143001AAA,Amritsar_DPC (Punjab),Amritsar,Punjab,143001,31.5729,75.0058,"Nawan Kot, NRL Workshop, Lawrence Road, Chowk Rattan Singh, Durgiana Mandir, Vijaya Nagar, Hide Market, Kangra Colony, Sultan Wind Gate, Amritsar Kty, Amritsar G.P.O., Medical College (Amritsar)",Punjab,geonames-pin
IND509001AAA,Mahabubnagar_DC (Telangana),Mahabubnagar,Telangana,509001,16.7915,77.9797,"Hanumanpura, T.D. Gutta, Veerannapet, Pathapalamur, Mbn Rs, Mahabubnagar H.O, Osmangunj",Telangana,geonames-pin
IND204215AAA,SikandraRao_JydevNGR_D (Uttar Pradesh),SikandraRao,Uttar Pradesh,204215,27.637994444444445,78.25332777777777,"Gopi, Ama Madapur, Chandpur Mirza, Bamnoi, Jiroli Kalan, Sikandra Rao, Ratanpur Hussainpur, Tati Dadia, Barai Shahpur, Basai Babas, Mau Chirayal, Kapasiya, Bazidpur, Ginoli Kishanpur, Gudmai Misripur, Naj Mandi S Rao, Arnot, Bastoi",Uttar Pradesh,geonames-pin
IND785001AAA,Jorhat_RicMilRd_D (Assam),Jorhat,Assam,785001,26.7167,94.2333,"Macharhat, Tarajan, Jorhat H.O, Bhogdaimukh, Dhalarsatra, Garali",Assam,geonames-pin
IND301001AAB,Alwar_Central_I_1 (Rajasthan),Alwar,Rajasthan,301001,27.52359259259259,76.66101111111111,"Sectt. Alwar, Delhi Gate Alwar, Bagarrajput, Aryanagar Alwar, H.B.Colony Alwar, Malakhera Gate Alwar, Nangli Megha, Alwar Bus Stand, Bhoggore, Machari, Railway Station Alwar, Raisis, Ranjeet Nager, Shivajee Park Alwar, Siliserh, Toolera, Tripoliya Alwar, Umren, Khuteta Kalan, Mahuakhurd, Diwakari, Akbarpur, Bamboli, Burja, Alwar H.O, Ghat, Madhogarh",Rajasthan,geonames-pin
IND843329AAB,Sheohar_Ward9DPP_D (Bihar),Sheohar,Bihar,843329,26.52838076923077,85.29964230769231,"Bhatahan, S. Katsari, Tajpur, Parrahi, Mathurapur, Kushahar, Phulkahan, Pardeshiya, M. Kararia, Khairwa Darp, Kasturia, Kamrauli, Hiramma, Jahagirpur, H. Dumma, Harnahiya, Fatahapur, Chimanpur, Bhorahan, M. Chhatta, Mahuariya, Shyampur, Sheohar, D. Katasari, Salempur, Nayagaon",Bihar,geonames-pin
IND533003AAA,Kakinada_DC (Andhra Pradesh),Kakinada,Andhra Pradesh,533003,17.1885,82.0118,"Sriramnagar (Kakinada), Bhaskarnagar, Mehernagar, Engg.College",Andhra Pradesh,geonames-pin
IND742223AAA,Jangipur_Central_D_1 (West Bengal),Jangipur,West Bengal,742223,24.13122142857143,88.09154285714285,"Kanupur, Nurpur, Raghunathpur, Alampur, Chandni Chak Hat, Ahiran, Sadekpur, Labanchoa, Ajgarpara, Bahadurpur Roypur, Fatullapur, Gangin, Jangipur Barrage, Naya Bahadurpur",West Bengal,geonames-pin
IND741156AAA,Plassey_BtaiRoad_D (West Bengal),Plassey,West Bengal,741156,23.655764285714287,88.28072857142857,"Sahebnagar, Bali, Palsunda, Plassey, Barnia, Panchdara Abhaynagar, Bareya, Barui Para, Chhotonalda, Barachand Ghar, Dhawapara, Tungi, Shyamnagar (Murshidabad), Molandi",West Bengal,geonames-pin
IND788151AAA,Hailakandi_kalibari_D (Assam),Hailakandi,Assam,788151,24.4941,92.5888,Hailakandi H.O,Assam,geonames-pin
IND207001AAA,Etah_CivlLine_D (Uttar Pradesh),Etah,Uttar Pradesh,207001,27.485,78.8736,"Etah H.O, Gandhi Market (Etah), Patiali Gate, Collectorate Compound",Uttar Pradesh,geonames-pin
IND272001AAA,Basti_GndhiNgr_D (Uttar Pradesh),Basti,Uttar Pradesh,272001,26.7927,82.7679,"Basti H.O, ITI (Basti), Orijote, Basti Huchhary, Civil Line (Basti), Gandhinagar (Basti)",Uttar Pradesh,geonames-pin
IND562101AAA,Chikblapur_ShntiSgr_D (Karnataka),Chikblapur,Karnataka,562101,13.459033333333334,77.76657222222222,"Gangrekalve, Town Hall Sqaure, Patrenahalli, Maralakunte, Manchenabele, Kethenahalli, Kanganahalli, Jathavara, Gerehalli, Chickballapur H.O, Avalagurki, Nandi Hills, Muddenahalli, Subbarayanpet, Dibbur, Ajjavara, Chickballapur Mandy Bazarr, Gundlagurki",Karnataka,geonames-pin
IND679531AAA,Shoranur_KdrShrRd_D (Kerala),Shoranur,Kerala,679531,10.73392,76.301,"Panjal, Vettikkattiri R.S., Cheruthuruthy, Netumpura, Painkulam",Kerala,geonames-pin
IND741126AAB,Nakashipara_MaxDPP_D (West Bengal),Nakashipara,West Bengal,741126,23.4827,88.5215,"Bikrampur, Dhananjoypur, Radhanagar Colony, Bethuadahari, Patikabari, Harinarayanpur, Gotepara, Jugpur Colony, Taibichara, Bandbelgaon, Nakashipara, Malumgachha, Khidirpur Bethuadahari, Chinchuria, Bholadanga, Birpur, Arpara, Sonadanga, Uttar Bahirgachhi",West Bengal,geonames-pin
IND121002AAB,Faridabad_Mthurard_L (Haryana),Faridabad,Haryana,121002,28.417183333333337,77.393,"Faridabad Sector 16a, Faridabad Sector 18, Kheri Kalan, Faridabad Sector 16, Faridabad City, Bhaskola",Haryana,geonames-pin
IND335051AAA,RaisingNgr_BisnolDPP_D (Rajasthan),RaisingNgr,Rajasthan,335051,29.3403,73.5226625,"Mohannagar, Karadwali, Bajuwala, 71rb, Shyamgarh, Satzanda, Nanuwala, Kikarwali, 67rb, Bagicha, 9ps, 22ps, Bhadwanwala, Fozuwala, Thandi, Thakri, Ganguwala, 11ps, 68np, Likhmewala, Mokamwala, Sukhchainpura, Bhompura, Raisinghnagar",Rajasthan,geonames-pin
IND700053AAA,CCU_New Alipore_DPC (West Bengal),CCU,West Bengal,700053,22.5246,88.3317,"Kalabagan, Kolkata Mint, N.R.Avenue, New Alipore",West Bengal,geonames-pin
IND421401AAC,Murbad_SnkunDPP_D (Maharashtra),Murbad,Maharashtra,421401,19.30000588235294,73.3778,"Tulai, Patgaon, Kasegaon, Khutal Baragaon, Kishore, Kolthan, Talegaon, Mhasa, Milhe, Moroshi, Narivali, Sayale, Sasne, Murbad, Majgaon, Shivale, Saralgaon",Maharashtra,geonames-pin
IND400706AAA,Mumbai_Nerul_D (Maharashtra),Mumbai,Maharashtra,400706,19.36,73.3279,"Nerul Node-III, Darave, Nerul Node-II, Nerul Sec-48",Maharashtra,geonames-pin
IND754160AAA,Tirtol_Central_D_2 (Orissa),Tirtol,Orissa,754160,20.235466666666667,86.34798333333333,"Dagarpada, PipalMadhab, Gorada, Poragadei, Gobardhanpur, Manijanga",Odisha,geonames-pin
IND600110AAA,Chennai_Madhavaram_L (Tamil Nadu),Chennai,Tamil Nadu,600110,13.13,80.2311,Ponniammanmedu,Tamil Nadu,geonames-pin
IND742101AAC,Baharampur_Chuanpur_I (West Bengal),Baharampur,West Bengal,742101,24.1107,88.0112,"Berhampore Station Road, Berhampore Civil Court, S.S.Sen Road, Kansari Bazar, Berhampore (WB) H.O, District School Board (Murshidabad), Laldighi, Madhupur Colony, Gorabazar",West Bengal,geonames-pin
IND570020AAA,Mysore_Yadvgiri_IP (Karnataka),Mysore,Karnataka,570020,12.3537,76.5368,Yadavagiri,Karnataka,geonames-pin
IND576101AAA,Udupi (Karnataka),,Karnataka,576101,13.3345,74.7643,"Udupi Courts, Mission Compound, Kukkikatte, Bannanje, Chitpadi, Adi-udupi, Udupi H.O",Karnataka,geonames-pin
IND274402AAA,Kushinagar_JiswlDPP_D (Uttar Pradesh),Kushinagar,Uttar Pradesh,274402,26.844286666666665,83.91753333333332,"Kasia, Ahirauli Bazar, Dhuria Khas, Natwalia, Kurmauta Manjharia, Mahuawa Karkhana, Dalip Nagar, Sekhwania, J.M.C. Sohasha Mathia, Karmaini Premwalia, Mathia Naraipur, Sapaha, Parsauni Khurd, Mainpur, Sakhopar",Uttar Pradesh,geonames-pin
IND691506AAA,Kottarakkara_Amankovl_D (Kerala),Kottarakkara,Kerala,691506,8.9956,76.7347,Kottarakara H.O,Kerala,geonames-pin
IND804452AAA,Masaurhi_Blockrd_D (Bihar),Masaurhi,Bihar,804452,25.386677272727272,85.01629090909091,"Chhata, Daulatpur, Hansadih, Dewan, Bedauli, Charma, Poawan, Lahsuna, Osmanchak, Khainia, Ghorahua, K.Netaual, Bhaiswa, Mashaurhi, Gangachak, Sanda, Barawan, Garihara, Kosut, Bhadaura, Pitwans, Barni",Bihar,geonames-pin
IND852139AAB,Triveninganj_Central_D_1 (Bihar),Triveninganj,Bihar,852139,26.16088823529412,86.8782294117647,"Chouraha, Triveniganj, Babhangama, Mirjawa, Latauna, Barkurwa, Kumiahi, Bhura, Daparkha, Orlaha Bazitpur, Karibiahi, Kushaha, Baghla, Malhanwa, Jaraila, Baljora, Laharnia",Bihar,geonames-pin
IND110095AAB,Delhi_Jhilmil_L (Delhi),Delhi,Delhi,110095,28.6114,77.2982,"Jhilmil Tahirpur, Jhilmil H.O, V.K. Nagar, Vivek Vihar, Dilshad Garden, G.T.B. Hospital, Old Seemapuri, New Seemapuri",Delhi,geonames-pin
IND147301AAA,Mandi_Gobindgarh_DC (Punjab),Mandi,Punjab,147301,30.65146,76.24162,"Mandigobindgarh It, Shahpur, Kumbh, Salana, Mandigobindgarh",Punjab,geonames-pin
IND722140AAA,Khatra_KoralDPP_D (West Bengal),Khatra,West Bengal,722140,23.05671666666667,87.05165000000001,"Raidihi, Baidyanathpur, Khatra, Chaka, Kashipur, Dhadanga, Nagri, Pairaguri, Paksara, Shyambazar, Sonagara, Tiring, Kharidungri, Keshia, Kakradara, Jamda, Hetiasole, Haludkanali, Gobarda, Dundar, Muragram, Darsole, Bhuakana, Arkama",West Bengal,geonames-pin
IND380006AAB,Ahmedabad_Mithakal_D (Gujarat),Ahmedabad,Gujarat,380006,23.0333,72.6181,Ellisbridge,Gujarat,geonames-pin
IND431514AAA,Gangakher_Busstand_D (Maharashtra),Gangakher,Maharashtra,431514,18.980191304347827,76.75409130434782,"Khali, Borda, Gangakhed, Ukhali, Suppa, Raorajura, Badwani, Pimprizola, Kodri, Devalgaon Dudhate, Wazur, Dongarpimpla, Harangul, Makhani, Mardasgaon, Muli, Naikota, Isad, Wadgaon, Malewadi, Gaundgaon, Mahatpuri, Pimpaldari",Maharashtra,geonames-pin
IND508001AAA,Nalgonda_HydRoad_DC (Telangana),Nalgonda,Telangana,508001,17.0848,79.2439,"Oldabadi, Clock Tower (Nalgonda), Bottuguda, Manyamchelka, Nalgonda H.O",Telangana,geonames-pin
IND504215AAA,Luxettipet_ShivaDPP_D (Telangana),Luxettipet,Telangana,504215,19.5158,78.574,"Modela, Luxettipet, Chandaram, Korvichelma, Rebbanapally, Velagnur, Itikyal, Gudem, Dowdepally, Venkatraopet",Telangana,geonames-pin
IND607106AAA,Panruti_GandhiRd_D (Tamil Nadu),Panruti,Tamil Nadu,607106,11.805471428571428,79.5113357142857,"Anguchettipalayam, Panruti East, Lakshminarayanapuram, Semmedu, Panruti West, Panruti, Sathipattu, Semokottai, Siruvathur, Panikuppam, Kanisapakkam, Maligampattu, Tiruvamur, Kilmampattu",Tamil Nadu,geonames-pin
IND472001AAA,Tikamgarh_MndiRoad_D (Madhya Pradesh),Tikamgarh,Madhya Pradesh,472001,24.7256,78.99280625,"Hiranagar, Tikamgarh H.O, Tikamgarh City, Tikamgarh Coll, Bahadurpur, Sunderpur, Mabai, Maharajpur, Majna, Tikamgarh P.T, Narguda, Karikhas, Dhajrai, Patha, Papora, Khera",Madhya Pradesh,geonames-pin
IND277303AAC,Sikandarpur_Central_D_3 (Uttar Pradesh),Sikandarpur,Uttar Pradesh,277303,26.035125,84.0601,"Lilkar, Balupur, Sisotar, Karmauta, Kazipur, Sikanderpur Bus Stand, Charawan Barwan, Masoompur, Nanhul, Sikanderpur (Ballia), Gosain Pur, Siwankala, Chetankishor, Pandah, Bachhapar, Banahra",Uttar Pradesh,geonames-pin
IND413709AAA,Shrirampur_DavkharRd_D (Maharashtra),Shrirampur,Maharashtra,413709,19.4764,74.9423,"Shrirampur H.O, Gondhavani",Maharashtra,geonames-pin
IND480334AAA,Pandhurna_Mataward_D (Madhya Pradesh),Pandhurna,Madhya Pradesh,480334,21.749529411764705,78.58070000000001,"Bhandargondi, Ambada, Mordongari, Ringankhapa, Dhanora, Siratha, Pandhurna, Ledori, Dadimeta, Kondhali, Pandhurna Gujari, Nandanwani, Dhaodikhapa, Rajora Kalan, Changoba, Parsoli, Mangurli",Madhya Pradesh,geonames-pin
IND181152AAA,Jammu_TrnptNgr_L (Jammu & Kashmir),Jammu,Jammu & Kashmir,181152,32.6562,74.8391,Bathindi,Jammu & Kashmir,geonames-pin
IND627811AAA,Tenkasi_RailwyRd_D (Tamil Nadu),Tenkasi,Tamil Nadu,627811,8.7987,77.542,"Tenkasi RS, Tenkasi H.O",Tamil Nadu,geonames-pin
IND110093AAA,Delhi_Shahdara (Delhi),Delhi,Delhi,110093,28.6435,77.29013333333333,"Mandoli Saboli, Sunder Nagari, Harsh Vihar, Nand Nagri  C, Nand Nagri  A, Loni Road Housing Complex",Delhi,geonames-pin
IND411014AAA,PNQ Vadgaon Sheri DPC (Maharashtra),,Maharashtra,411014,18.5685,73.9158,"Viman nagar, 9 DRD, Vadgaon Sheri, Dukirkline",Maharashtra,geonames-pin
IND231217AAA,Renukoot_Govind_D (Uttar Pradesh),Renukoot,Uttar Pradesh,231217,24.216400000000004,83.0358,"Belhatthi, Sukhdevanand Ashram, Renukoot",Uttar Pradesh,geonames-pin
IND134203AAA,Naraingarh_Ward2DPP_D (Haryana),Naraingarh,Haryana,134203,30.41114,77.04328666666667,"Bhadauli, Akbarpur, Lakhnaura, Baragaon, Lalpur, Naraingarh, Bhurewala, Ambli, Jeoli, Gadhauli, Bhareri Kalan, Laha, Kathe Majra, Panjlasa, Kurali",Haryana,geonames-pin
IND148023AAA,Malerkotla_DC (Punjab),Malerkotla,Punjab,148023,30.389805263157893,75.84467894736842,"Sangala, Bhoodan, Sanghera, Malerkotla, Roorkee Kalan, Hussainpura, Himtana, Haider Nagar, Gowara, CR Malerkotla, IA Malerkotla, Manvi, Lassoi, Bhurthala Mander, Saraud, Mubarkpur, Khanpur Mandian, Hathan, Khanpur",Punjab,geonames-pin
IND341303AAA,Didwana_KatlaDPP_D (Rajasthan),Didwana,Rajasthan,341303,27.299061764705883,74.91911470588236,"Chholukhan, Lalsari, Barichhapri, Chhotichhapri, Ajawa, Station Road Didwana, Chhapara, Barangana, Ambapa, Sardi, Dhyawa, Mawa, Reengan, Singrawatkallan, Sanwarad, Ramsabas, Raidhana, Phogari, Marwarbalia, Khinwaj, Khatiyabasani, Kalwani, Girroda Mitha, Firwasi, Lachhari, Supaka, D.M.Didwana, Didwana H.O, Dayalpura, Singhana, Nimbikhurd, Mithri, Daulatpura, Sewa",Rajasthan,geonames-pin
IND700026AAC,CCU_Lake Avenue_DPC (West Bengal),CCU,West Bengal,700026,22.5553,88.3558,"Southern Market, Sahanagar (Kolkata), Keoratala, Kalimandir, Kalighat, R.K.Seva Pratisthan",West Bengal,geonames-pin
IND600016AAB,Chennai_Alandur_C (Tamil Nadu),Chennai,Tamil Nadu,600016,12.9846,80.1747,"Meenambakkam, Chennai Airport, St.Thomas Mount H.O, Alandur(Reopened W.E.F.6.6.05)",Tamil Nadu,geonames-pin
IND689645AAA,Pthnmthitt_Klskhrpt_D (Kerala),Pthnmthitt,Kerala,689645,9.2422,76.7424,"Pathanamthitta H.O, Makkankunnu",Kerala,geonames-pin
IND248197AAA,Dehradun_Selakui_D (Uttarakhand),Dehradun,Uttarakhand,248197,30.39590769230769,77.91723846153846,"Rudrapur, Kedarwala, Sahaspur (Dehradun), Barwa, Rampur, Sabhawala, Dobhri, Horrawala, Chharba, Tilwari, Kainchiwala, Sherpur, Koti",Uttarakhand,geonames-pin
IND452001AAC,Jalgaon_DC (Maharashtra),Jalgaon,Maharashtra,452001,22.7233,75.87,"Indore G.P.O., Radio Colony Indore, Indore CGO Complex, Indore Takshashila, Indore Uchchanyayalay, Indore Tukoganj, Indore Manorama Ganj",Madhya Pradesh,geonames-pin
IND140401AAA,Rajpura_DC (Punjab),Rajpura,Punjab,140401,30.2803,76.3516,"Rajpura H.O, IFP Rajpura, KSM Rajpura",Punjab,geonames-pin
IND276128AAA,Azamgarh_ChtwrDPP_D (Uttar Pradesh),Azamgarh,Uttar Pradesh,276128,26.00795294117647,83.03207647058824,"Badaura, Kanaila, Basgit, Chandesar, Uchagaon, Bhangaha, Kisun Pur, Gopal Pur Sadar, Deeha, Samaida, Gambhir Ban, Sidhari,B.O, Sewata, Mohamdalla, Jamal Pur, Palhani, Zafarpur",Uttar Pradesh,geonames-pin
IND624001AAA,Dindigul_Central_D_1 (Tamil Nadu),Dindigul,Tamil Nadu,624001,10.3315,78.1048,"Dindigul H.O, Angunagar, Pandianagar, Dindigul Fort",Tamil Nadu,geonames-pin
IND642001AAA,Pollachi_Venkatsa_DC (Tamil Nadu),Pollachi,Tamil Nadu,642001,10.6498,77.0,"Pollachi West, Gandhi Market (Coimbatore), Pollachi RS, Marapettai, Vadugapalayam, N.G.M College, Pollachi H.O, Pollachi Bazaar",Tamil Nadu,geonames-pin
IND147101AAA,Samana_PODPP_D (Punjab),Samana,Punjab,147101,30.212588888888888,76.24712777777778,"Karhali, Samana, Kularan, Bibipur, Rajla, Kutbanpur, Balbera, Charaso Kartarpur, Dhanetha, Gajewas, Gajjumajra, Behmna, Kulburchan, Dhainthal, Marori, Kamalpur, Talwandi Malik, Panjola",Punjab,geonames-pin
IND151302AAA,TalwandiSabo_Wardno3_D (Punjab),TalwandiSabo,Punjab,151302,30.051806666666668,75.152,"Sekhpura, Chehlanwali, Jiwan Singh Wala, Chethewala, Jaga Ram Tirath, Teona Pujarian, Dhingar, Bhagi Bander, Behniwal, Kaureana, Kalal Wala, Behman Jassa Singh Wala, Singo, Natheha, Talwandi Sabo",Punjab,geonames-pin
IND275101AAA,Mau_BaliaMod_D (Uttar Pradesh),Mau,Uttar Pradesh,275101,26.0405,83.5749,"Mau H.O, Mau Town, Mau. R.S., Mirjahadipura Chowk,S.O",Uttar Pradesh,geonames-pin
IND363001AAA,Surendranagar_DC (Gujarat),Surendranagar,Gujarat,363001,22.505,72.0805,Surendranagar H.O,Gujarat,geonames-pin
IND382421AAA,Gandhinagar_DC (Gujarat),Gandhinagar,Gujarat,382421,23.180375,72.62755,"Simandhar City, Sargasan, Kudasan, Por, Zundal, Ambapur, Adalaj, Khodiyar",Gujarat,geonames-pin
IND423601AAA,Kopargaon_NkshtrPz_D (Maharashtra),Kopargaon,Maharashtra,423601,19.252784615384616,74.6395846153846,"Murshatpur, Ravande, Chandekasare, Jeur Kumbhari, Kokamthan, Dharangaon, Kopargaon Bet, Yesgaon, Madhi BK, Takali, Bramhangaon, Kopargaon, Derde Korhale",Maharashtra,geonames-pin
IND431515AAA,Parli_JirgeNgr_D (Maharashtra),Parli,Maharashtra,431515,18.90668888888889,76.09124444444444,"Mirwat, Mandva, Parli Vaijinath, Khodwa Sawargaon, Nehru chowk, Kanherwadi, Halam, Dadahari Wadgaon, Dharmapuri",Maharashtra,geonames-pin
IND503185AAA,Bodhan_SuryaDPP_D (Telangana),Bodhan,Telangana,503185,18.69339230769231,78.18792307692307,"Kaldurki, Jadijamalpur, Mavandikalan, Pentakurd, Raithunagar, Salampahad, Khazipur, Mandarna, Sangam, Saloora, Rakasipet, Bodhan (Nizamabad), Hansa",Telangana,geonames-pin
IND521001AAA,Machilipatnam_DC (Andhra Pradesh),Machilipatnam,Andhra Pradesh,521001,16.5627,80.8006,"Malakapatnam, U.G.C.Works, Rajupet, Inagudurupet, Balaramunipet, Godugupet, Desaipet, Batchupet, Bhaskarapuram, Buttaipet, Machilipatnam H.O",Andhra Pradesh,geonames-pin
IND571104AAA,Koppa_BMRd_D (Karnataka),Koppa,Karnataka,571104,12.4445,75.975,"Koppa, Kailasapura, Bylakuppe",Karnataka,geonames-pin
IND571401AAA,Mandya_Dc (Karnataka),Mandya,Karnataka,571401,12.6252,76.7246,"Mandya Ashoknagar, Mandya District, Mandya H.O, Mandya Gandhinagar, Mandya Shankarnagar, Mandya Azadnagar",Karnataka,geonames-pin
IND572101AAA,Tumkur_Veersagr_I (Karnataka),Tumkur,Karnataka,572101,13.3758,76.9751,"Western Extn, Tumkur City, Tumkur H.O",Karnataka,geonames-pin
IND600056AAA,Chennai_Poonamallee (Tamil Nadu),Chennai,Tamil Nadu,600056,13.05164,79.89666,"Poonamallee, Kattupakkam, Senneerkuppam, Poonamallee East, Iyyappanthangal",Tamil Nadu,geonames-pin
IND638501AAB,Anthiyour_TherSRT_D (Tamil Nadu),Anthiyour,Tamil Nadu,638501,11.6769,77.57610909090909,"Sembulichampalayam, Alampalayam, Gettisamudram Colony, Anthiyur, Bargur-Anthiyur, Ennamangalam, Thamaraikarai, Michaelpalayam, Gettisamudram, Sankarapalayam, Thavittupalayam",Tamil Nadu,geonames-pin
IND673506AAA,Kallachi_ZamQuatr_D (Kerala),Kallachi,Kerala,673506,11.72281,75.7275,"Kodiyura, Vishnumangalam, Varikoli, Vanimal, Nedumparamba, Naripetta, Kallachi, Indira Nagar, Chelakkad, Vilangad",Kerala,geonames-pin
IND383255AAB,Khedbrahma_Patelfli_D (Gujarat),Khedbrahma,Gujarat,383255,23.93179444444444,73.0904,"Khedva, Navi Metral, Didhiya, Bahediya, Zanzva Panai, Chikhala, Delwada, Valaran, Paroya, Padardi, Sitol, Vasana, Padhara, Vartol, Nichi Dhanal, Dharoi, Khedbrahma, Gota",Gujarat,geonames-pin
IND848210AAA,Rusera_Wardno4_D (Bihar),Rusera,Bihar,848210,25.749925,85.9721,"Chakthat, Arout, Bishanpur Abhi, Rasalpur Dharha, Rusera Thana, Hasanpur [Rusera], Baidyanathpur, Udaipur, Muradpur, Rosera, Rajwara, Barra, Motipur, Rahua, Daulatpur, Sonupur",Bihar,geonames-pin
IND848101AAA,Samastipur_Haripur_D (Bihar),Samastipur,Bihar,848101,25.84298421052632,85.78831578947369,"Samastipur Bazar, Samastipur H.O, B.Ailoth, Satmalpur, Rampur Dudhpura, Shekhopur, Lagunia Surya Kanth, B.R.B.College, Bh.Dhurlak, Harpur Ailoth, L.B.Pura, Mohanpur, Rahmatpur, Mathurapur, Kashipur (Samastipur), Begampur, Sari, Lagunia Raghukanth, Hansa",Bihar,geonames-pin
IND561203AAB,Doddablpur_ChikaDPP_D (Karnataka),Doddablpur,Karnataka,561203,13.234607142857143,77.43217857142858,"Rajaghatta, Kodigehalli, Hanabe, Sri Subramanyaghati, Mallathahalli, Kanasavadi, Dodballapura, Kannamangala, Tippur, Dodballapura Bazar, Hosahalli, Antharahalli, Arallumallige, Gundamgere",Karnataka,geonames-pin
IND611001AAA,Nagapttinm_Sttyapar_D (Tamil Nadu),Nagapttinm,Tamil Nadu,611001,10.8706,79.7716,"Nagapattinam Bazaar, Nagapattinam H.O, Velippalayam",Tamil Nadu,geonames-pin
IND335703AAA,Srivijaynagar_BhwanDPP_D (Rajasthan),Srivijaynagar,Rajasthan,335703,29.3955,73.5632,"51gb, 2a, 61gb, 70gb, 15lm, 15blda, 48gba, 9lm, Kupli, Nahranwali, 72gb, Gomanwali, Ramsinghpur, 3nd, 65gb, 74gb",Rajasthan,geonames-pin
IND462001AAA,Bhopal_Old City (Madhya Pradesh),Bhopal,Madhya Pradesh,462001,23.478,77.3961,"Old Secretriate, Shahajahanabad, Gandhi Medical College, S.I. Line, Bhopal G.P.O., Berasia Road, Jumerati, Hamidia Road, Chhola Road, Itwara",Madhya Pradesh,geonames-pin
IND767001AAA,Balangir_Rjndpara_D (Orissa),Balangir,Orissa,767001,20.3977,82.7449,"Tikrapara, Balangir RS, Balangir H.O, Marwari Bazar, Talpalipara, Sudpara, Balangir Court, Rugudi Para",Odisha,geonames-pin
IND583231AAA,Koppal_Banikatt_D (Karnataka),Koppal,Karnataka,583231,15.3455,75.9425,"Koppal Bazar, Koppal G S Gunj, Koppal R S, Koppal H.O",Karnataka,geonames-pin
IND145001AAA,Pathankot_DC (Punjab),Pathankot,Punjab,145001,31.9161,75.2937,"Karoli, Dalhousie Road Pathankot, Trihari, Syonti, Mission Road Pathankot, Mamoon, Khanpur Chowk Pathankot, Haryal, Badhani, Dhangu Road Pathankot, Beacon Pathankot, Dhaki Road Pathankot, Civil Court Pathankot, Uchathara, Pathankot, Dharkalan, Hara, Abrol Nagar Pathankot, Chakkar, Jandwal",Punjab,geonames-pin
IND173212AAA,Solan_MohanPrk_D (Himachal Pradesh),Solan,Himachal Pradesh,173212,31.0153125,76.96655,"Jaunaji, Shamti, Damkari, RR Solan, Galanag, Gaura, Kotla, Solan H.O",Himachal Pradesh,geonames-pin
IND465001AAA,Shajapur_MhpraRD_D (Madhya Pradesh),Shajapur,Madhya Pradesh,465001,23.533257142857146,76.33212857142857,"Sajod, Ala Umrod, Shajapur Kutchery, Abhaypur, Shajapur  Town, Morta, Gopipur, Sunhera, Dupada, Panwadi, Dhillod, Bharad, Shajapur H.O, Bijana",Madhya Pradesh,geonames-pin
IND811213AAA,KharagpurBR_Central_DPP_1 (Bihar),KharagpurBR,Bihar,811213,25.166704166666666,86.56139166666667,"Kendua, Lagma, Dariapur, R C.Maidan, Khaira Doray, Gangata More, Raja Dih, Banhara, Muzaffarganj, Gobadda, Sadobh, Barhauna, Parsando, Khaira, Rathaitha, L. Laxmipur, Bichhichanchar, Gaurab Dih, Haweli Kharagpur, Manjhgay, Ramankabad, Shivpur Logain, Teghara, Tetia Bambar",Bihar,geonames-pin
IND246761AAA,Dhampur_NaginaRD_D (Uttar Pradesh),Dhampur,Uttar Pradesh,246761,29.32570740740741,78.44130000000001,"Morna, Tibri, Pipalsana, Nasirpur Banwari, Amkhera  Sanjarpur, Puraini, Dhampur Mandi, Chotti Mandi Dhampur, Mankuaa, Maujampur Suraj, Mauri Kedarpur, Mauzampur Jaitra, Milak Puranpur, Habibwala, Athai Sheikh, Manpurshivpuri, Padli Basera, Bakshanpur, Saddobair, Sarkara Chakrajmal, Sarkathal Sahni, Dhampur Sugar Mill, Dhampur H.O, Bhatiyana Khushalpur, Dhakka Karamchand, Neendru, Umri",Uttar Pradesh,geonames-pin
IND742225AAA,Ragunthgnj_GopalDPP_D (West Bengal),Ragunthgnj,West Bengal,742225,24.3317,87.9972,"Raghunathganj Bazar, Fultala, Raghunathganj H.O, Mackenzi Park",West Bengal,geonames-pin
IND442605AAA,Gadchiroli_Central_DPP_1 (Maharashtra),Gadchiroli,Maharashtra,442605,19.938725,80.13904166666667,"Amirza, Gadchiroli Coll, Ambeshioni, Wasa, Churchura, Kaneri, Porla, Yeoli, Bamni, Pardikupi, Sakhara, Deloda, Wadadha, Gadchiroli, Maushi Khamb, Mudza, Bodhali, Murmadi, Nagrinavegaon, Jepra, Navegaon, Guruwala, Jambhali, Gogaon",Maharashtra,geonames-pin
IND522647AAA,Vinukonda_Kothapet_D (Andhra Pradesh),Vinukonda,Andhra Pradesh,522647,16.042714285714286,79.72464761904762,"Brahmanapalle, Jangalapalle, Dondapadu, Sivapuram, Vinukonda, Koppukonda, Nadigadda, Tellabadu, Andugula Kothapalem, Vupparapalem, Chatragaddapadu, Kondramutla, Vittamrajupalle, Thimmayapalem, Cheekateegalapalem, NSP Colony, Nirmalanagar, Kothapet(VKD), Kotcherla, Jalalapalem, Agnigundala",Andhra Pradesh,geonames-pin
IND723131AAA,Manbazar_Central_DPP_1 (West Bengal),Manbazar,West Bengal,723131,23.271416129032257,86.41103225806452,"Manbazar, Ratiakocha, Shyampur, Kurarbaid, Sindhraidih, Jharbagda, Bishri, Polmi, Jorabari, Khiriduara, Kumari, Bamni, Chhota Sagan, Pirorgoria, Kutni, Pedda, Jawrah, Bargoria, Penchara, Dangardih, Belgoria, Dighi, Pairachali, Pealsole, Taldabra, Purdaha, Dhagora, Boro, Jamtoria, Kashidih, Bari",West Bengal,geonames-pin
IND283122AAB,Kirauli_AchneraRD_D (Uttar Pradesh),Kirauli,Uttar Pradesh,283122,27.11859,77.935,"Salemabad, Mahuar, Kiraoli, Deoretha, Rojholi, Baseri Chahar, Jaingara, Beman, Nahchani, Puramana",Uttar Pradesh,geonames-pin
IND562114AAA,Hoskote_DC (Karnataka),Hoskote,Karnataka,562114,13.202178571428572,77.61077857142857,"Mugabala, Kollathur, Lakkondanahalli, Hasigala, Kembliganahalli, Jodidasarahalli, Vagata Agrahara, Kumbalahalli, Doddagattiganabbe, Kattigenahalli, Hoskote Indl. Area, Jadigenahalli, Hoskote, Doddanallala",Karnataka,geonames-pin
IND501141AAA,Tandur_SnthiNGR_D (Telangana),Tandur,Telangana,501141,17.698249999999998,78.34259999999999,"Gingurthi, Antharam, Chengole, Kandanhalli, Gunj, Kokat, Manthatti, Tandur, Narayanpur, Allapur",Telangana,geonames-pin
IND627657AAA,Thisayanvilai_UdnkdiRD_D (Tamil Nadu),Thisayanvilai,Tamil Nadu,627657,8.48728,77.71828000000001,"Kumarapuram, Samaria, Mahadevankulam, Kurugapuram, Tisayanvillai, Karaichithupudur, Mannarpuram, Kalikumarapuram, Navaladi, Muthukrishnapuram",Tamil Nadu,geonames-pin
IND209625AAA,Farrukhbad_Pnchlght_D (Uttar Pradesh),Farrukhbad,Uttar Pradesh,209625,27.353631578947365,79.48642631578947,"Gutasi, Farrukhabad, Bibiganj (Farrukhabad), Baraun, Awajpur, Kila, Lindsayganj, Panda Bagh, Nitganja, Farrukhabad R. S., Pipergaon, K. P. Ghat, Nehru Road (Farrukhabad), Mathia Devi, Lal Sarai, Bazaria Farrukhabad, Awas Vikas Colony Farrukhabad, I.T.E., Pachpukhra",Uttar Pradesh,geonames-pin
IND533308AAB,Mandapeta_Mainrd_D (Andhra Pradesh),Mandapeta,Andhra Pradesh,533308,17.16574,82.02802,"Nelaturu, Maredubaka, Valluru, Mandapeta Bazar, Mandapeta",Andhra Pradesh,geonames-pin
IND122002AAD,Gurgaon_Central_D_15 (Haryana),Gurgaon,Haryana,122002,28.418,76.9839,DLF QE,Haryana,geonames-pin
IND503187AAA,Banswada_Menagrdn_D (Telangana),Banswada,Telangana,503187,18.696,78.2131,"Hanmajipet, Rampur, Singitham, Galipur, Desaipet, Konapur, Budmi, Thirumalapur, Wajidnagar, Tadkole, Mudholi, Komalancha, Gouraram, Bandaranjal, Madduchervu, Borlam, Ibrahimpet, Banswada",Telangana,geonames-pin
IND733202AAB,Islampure_ShbdnDPP_D (West Bengal),Islampure,West Bengal,733202,26.2654,88.1898,"Sonapur Hat, Amaljhari, Gunjaria Bazar, Islampur (North Dinajpur), Kodaldaha, Larukhoa Gobindapur, Burhijagir, Dhantala, Dimrulla, Dulalibhita, Haptiagachh, Islampur Court, Jagtagaon, Kalanagin, Khunti, State Farm Colony, Srikrishnapur Colony, Panchdimthi, Matikundahat",West Bengal,geonames-pin
IND173220AAA,Parwanoo_Central_D_1 (Himachal Pradesh),Parwanoo,Himachal Pradesh,173220,30.83718333333333,76.97591666666666,"Sector-2 Parwanoo, Pratha, Masulkhana, Parwanoo, Taksal, Nayagram",Himachal Pradesh,geonames-pin
IND759122AAC,Angul_Central_I_2 (Orissa),Angul,Orissa,759122,20.7961,84.996,"Angul Bazar, Angul H.O",Odisha,geonames-pin
IND462011AAA,Bhopal MP Nagar (Madhya Pradesh),,Madhya Pradesh,462011,23.478,77.3961,Shiksha Mandal,Madhya Pradesh,geonames-pin
IND441614AAA,Gondia_RamNgr_D (Maharashtra),Gondia,Maharashtra,441614,21.41762173913044,80.11258260869565,"Kati (Birsola), Chirchal Bandh, Adasi, Gondia City, Berdipar, Tanda, Boda, Sitepar, Dasgaon Khurd, Ratnara, Dawaniwada, Yekodi (Gondia), Kudwa, Pandharbodi, Shejgaon, Mohgaon BK, Kachewani, Gangazari, Dhakni, Datora, Dongargaon, Nagpura, Dandegaon",Maharashtra,geonames-pin
IND141109AAA,Raikot_DC (Punjab),Raikot,Punjab,141109,30.671207692307693,76.02695384615384,"Tajpura, Lohat baddi, Sehbazpura, Talwandi Rai, Jalaldiwal, Gondwal, Dadahur, Johalan, Raekot, Bhaini Baringa, Kalas, Kalsian, Burj Hari Singh Wala",Punjab,geonames-pin
IND505325AAA,Metpally_GunjRDPP_D (Telangana),Metpally,Telangana,505325,18.41408125,78.85559375,"Peggarla, Vellolla, Mettachittapur, Maidpalli, Jaggasagar, Kandrikala, Venkatropet, Metpalli Bazar, Chavulamaddi, Peddapur, Konapur, Atmakur, Gudur, Metpalli, Lingapur, Konaraopet",Telangana,geonames-pin
IND122503AAA,Pataudi_DC (Haryana),Pataudi,Haryana,122503,28.341285714285718,76.80581428571429,"Pataudi, Narhera, Jamalpur, Unchamajra, Baspadamka, Baslambi, Janaula",Haryana,geonames-pin
IND341503AAB,Degana_BhukrdPP_D (Rajasthan),Degana,Rajasthan,341503,27.04370857142857,74.2047742857143,"Sanju, Bajoli, Degana, Barana, Ramsari, Rajlota, Mandaljodhan, Peeh, Poonlota, Chandaroon, Nimbrikallan, Netiyas, Tilanesh, Degana Village, Rid, Morikhurd, Mithariya, Kitalsar, Midiyan, Khurikallan, Kundari, Kurdada, Dotina, Dugorachala, Idwa, Binthwaliya, Bamana, Paliyas, Palrikallan, Peelwa, Bajwas, Chosali, Kherwa, Langod, Jaola",Rajasthan,geonames-pin
IND411043AAA,Pune Balaji Nagar (Maharashtra),,Maharashtra,411043,18.5789,73.8532,Dhankawadi,Maharashtra,geonames-pin
IND533201AAA,Amalapuram_Vijdurg_D (Andhra Pradesh),Amalapuram,Andhra Pradesh,533201,17.0523,81.7637,"New Colony (East Godavari), Moberlypeta, Vidyanagaram, Amalapuram Bus Complex, Gandhi Bazar (East Godavari), Amalapuram H.O, Rdo's Office Road",Andhra Pradesh,geonames-pin
IND132103AAA,Panipat (Haryana),,Haryana,132103,29.3882,76.9586,"Panipat N.S.M., Panipat City, Panipat Model Town, Panipat Sugar Mills, Panipat GT Road, Panipat Kranti Nagar, Panipat H.O, Panipat Patel Nagar, Panipat Kishanpura",Haryana,geonames-pin
IND505327AAA,Jagtial_Aravind_D (Telangana),Jagtial,Telangana,505327,18.376,79.2449,"New Abadi Jagtial, Khila Jagtial, Jagtial H.O",Telangana,geonames-pin
IND585307AAB,Chincholi_Mainroad_D (Karnataka),Chincholi,Karnataka,585307,17.4267,77.1738875,"Kollur, Chincholi, Inoli, Chandrampalli, Nagaidlai, Degalmadi, Chimmaidlai, Neemhsalli",Karnataka,geonames-pin
IND600008AAA,Chennai_Egmore_C (Tamil Nadu),Chennai,Tamil Nadu,600008,13.0717,80.2556,"Ethiraj Salai, Egmore ND, Egmore",Tamil Nadu,geonames-pin
IND312001AAA,Chittaurgarh_DC (Rajasthan),Chittaurgarh,Rajasthan,312001,24.802476923076924,74.74852307692308,"Chittorgarh H.O, Pipalwas, Semlia, Deori, Bansen, Akiya, Sehnwa, Semalpura, Chittorgarh Fort, Collectorate  Chittorgarh, Netawal garh pachhali, Ochhari, Ranasanga  Bazar  Chittorgarh",Rajasthan,geonames-pin
IND515134AAA,Puttaprthi_Gokulam_D (Andhra Pradesh),Puttaprthi,Andhra Pradesh,515134,14.155,77.8036125,"Badenaikthanda, Yenumulapalli, Puttaparthy Main Bazar NDTSO, Prasanthigram, Beedupalli, Prasanthinilayam, Puttaparthi, Brahmanapalle",Andhra Pradesh,geonames-pin
IND722143AAB,Mejia_Central_D_1 (West Bengal),Mejia,West Bengal,722143,23.5673,87.10800000000002,"Mejhia, Ardhagram, Bakulia, Benabaid, Barakalibari, Thakurbari Ramchandrapur, Pairasole, Kansara, Japamali, Sadhana Rangamati, Salma, Sripatpurnia, Dangmejhia, Pabra",West Bengal,geonames-pin
IND275503AAA,Ghosi_Jamalpur_D (Uttar Pradesh),Ghosi,Uttar Pradesh,275503,,,,,
IND410505AAB,Rajgurunagar_Chakan_D (Maharashtra),Rajgurunagar,Maharashtra,410505,18.70059047619048,73.67722380952381,"Rajgurunagar, Pait, Gulani, Vaphgaon, Amboli, Pimpri BK, Chinchoshi, Sandbhorwadi(Exptl), Kanhersar, Dawadi, Donda, Retwadi, Varude, Yeniye BK, Ghotawadi, Palu, Shiroli, Nimgaon Khed, Kurkundi, Kude BK, Kiwale",Maharashtra,geonames-pin
IND535501AAB,Parvathipuram_Central_D_2 (Andhra Pradesh),Parvathipuram,Andhra Pradesh,535501,18.5823,83.3761,"Parvatipuram Town, Parvatipuram H.O, Jagannadhapuram",Andhra Pradesh,geonames-pin
IND721636AAB,Tamluk_Central_DPP_2 (West Bengal),Tamluk,West Bengal,721636,22.0208,87.7744,"Bargabhima, Sankarara, Tamluk H.O, Salgechhia, Padumbasan, Parbatipur",West Bengal,geonames-pin
IND811307AAA,Jamui_Mehsouri_D (Bihar),Jamui,Bihar,811307,24.9282,86.1992,"Jamui H.O, Jamui Court",Bihar,geonames-pin
IND721253AAC,ChandroknaRD_Central_DPP_3 (West Bengal),ChandroknaRD,West Bengal,721253,22.38970625,87.2987125,"Satbankura, Nayabasat, Nadasuli, Kiamacha, Kiaboni, Khamarbarh, Guiadaha, Akchara, Barpara, Nalbana, Mangalbandhi, Duki, Kadra, Dwarigeria, Sanatorium Digri, Ghoshkira",West Bengal,geonames-pin
IND845401AAA,Motihari_RajaBzr_D (Bihar),Motihari,Bihar,845401,26.67030434782609,84.89621304347826,"Dhekaha Bazar, Shishwa, Shsiwania, Pataura, Sirsa Colony, Motihari H.O, Madhubanighat, Laxmipur, Katha Loknathpur, Motihari City, Motihari Chowk, Ajgarhimath, Bairia (East Champaran), Motihari  College, Motihari Court, Rupdih, Hardia, Majharia, Khairi Ajgarwa, Suraha, Bariarpur, Chailaha, Rulahi",Bihar,geonames-pin
IND140406AAA,SirhindFatehgarh_DC (Punjab),SirhindFatehgarh,Punjab,140406,30.5859,76.43265,"Sadhugarh, Rajindergarh, Lataur, Adampur, Reona Ucha, Sirhind, Sirhind City, Mannupur, Chunni Kalan, Talania, Malkomajra, Nabipur, RR Sirhind, Saidpura, Harlalpur, Mahadian",Punjab,geonames-pin
IND638657AAA,Dharapuram_Techrcly_D (Tamil Nadu),Dharapuram,Tamil Nadu,638657,11.489671428571429,77.42176428571429,"Alangiam, Kallivalasu, Chitravuthampalayam, Chinnaickampalayam, Govindapuram, Chinnaputhur, Kullaipalayam, Thoppampatti, Gethalrev, Nanjiampalayam, Ellisnagar, Dasarapatti, Nanjundapuram, Ponnapuram",Tamil Nadu,geonames-pin
IND533262AAA,Draksharamam_Anaipeta_D (Andhra Pradesh),Draksharamam,Andhra Pradesh,533262,17.07809285714286,82.18915714285713,"Venkatayapalem, Addampalli, Penumalla, Kunduru, Draksharamam, Hasanbada, Ithapudi, Jagannadhagiri, Jagannaiyakulapalem, Nelaparthipadu, Sivala, Vegayampeta, Velampalem, Kapavaram",Andhra Pradesh,geonames-pin
IND335701AAA,Anupgarh_PrmNrDPP_D (Rajasthan),Anupgarh,Rajasthan,335701,29.3955,73.5632,"Banda, Chak15 A, Kamrania, 1lsm9(Bada Colony), Anupagarh, Chak 86 Gb, 78 Gb, Chak 22 A, Khokharanwali, 90 Gb, Chak 27 A, Bhatiwala",Rajasthan,geonames-pin
IND518206AAA,Betamcherla_CmtNgRod_D (Andhra Pradesh),Betamcherla,Andhra Pradesh,518206,15.4442,77.8925,"Kandikayapalli, Bugganipalli, Cement Nagar",Andhra Pradesh,geonames-pin
IND443301AAA,Mehkar_SagarDPP_D (Maharashtra),Mehkar,Maharashtra,443301,20.44643333333333,76.41657777777779,"Mehkar, Anjani Khurd, Ukali, Sonati, Deulgaon Kol, Deulgaon Mali, Pimpalgaon Unda, Pimpri Khandare, Pimpri Mali, Somthana, Hiwara BK, Kalyana, Khalegaon, Bramhapuri, Naigaon Duttapur, Mola, Lawhala, Shendla, Shioni Pisa, Antri Deshmukh, Rajegaon, Loni Gaoli, Chaigaon, Chincholi Bore, Ghatbori, Bhosa, Anjani",Maharashtra,geonames-pin
IND175018AAA,SundarNgr_Bhogpur_D (Himachal Pradesh),SundarNgr,Himachal Pradesh,175018,31.588675,76.84030833333334,"Chambi, Sehli, Jarol, Churad, Ghanghnoo, Kangoo, Salwana, Sunder Nagar-1, Upper Behli, Vayala, Mahadev, Maloh",Himachal Pradesh,geonames-pin
IND845412AAB,Chakia_Wardno10_D (Bihar),Chakia,Bihar,845412,26.370891666666665,84.9916,"Pipra Khem, Koila Belwa, Bara Chakia, Sital Pur, Baramania, Bhuwan Chapra, Harpur Nag, Kuawa, M.B.Ban, Sawangia, Pakari Dixit, Balo Chak",Bihar,geonames-pin
IND673305AAA,Koyilandy_Pshrikvu_D (Kerala),Koyilandy,Kerala,673305,11.5072,75.658,Koyilandi H.O,Kerala,geonames-pin
IND786184AAA,Chabua_CollgeRD_D (Assam),Chabua,Assam,786184,27.482500000000005,95.1745,"Pulunga, Hatiali Siding, Bismile, Pakharijania, Chetia Gaon, Balijan North Te, Rang Changi, Matiakhana, Chabua, Dinjoy",Assam,geonames-pin
IND600119AAA,Chennai_Sholinganallur_Dc (Tamil Nadu),Chennai,Tamil Nadu,600119,12.89,80.2313,Sholinganallur,Tamil Nadu,geonames-pin
IND244412AAA,Chandausi_Ganesh_D (Uttar Pradesh),Chandausi,Uttar Pradesh,244412,28.892644444444443,78.78329444444444,"Railway Colony Chandausi, Chandausi R.S., Barauli Rustampur, Asalatpur Jarai, Chandausi, Maulagarh, Kaithal, Gumthal, Janeta, Raholi, Nagla Purvi, Mai, Behta Khas, Braham Bazar Chandausi, Mohd. Ganj, Bania Khera, Chandausi Bara Bazar, Budh Nagar Khandwa",Uttar Pradesh,geonames-pin
IND500055AAA,Hyd_Trimulgherry_Dc (Telangana),Hyd,Telangana,500055,17.3724,78.437,"IDA Jeedimetla, Gajularamaram, Kutbullapur",Telangana,geonames-pin
IND403401AAA,Goa_Ponda_Dc (Goa),Goa,Goa,403401,15.212323076923076,74.11046153846154,"Ponda, Curti, Bandora, Agapur Adpoi, Ponda Camp, Betora, Nirankal, Querim, Durbhat, Farmagudi, Quela, Borim, Verem De Ponda",Goa,geonames-pin
IND380005AAA,Amd_Chandkheda_Dc (Gujarat),Amd,Gujarat,380005,23.0833,72.6667,"Kabir Chowk, Motera, O N G C, Sabarmati",Gujarat,geonames-pin
IND802119AAA,Dumraon_Nishangr_D (Bihar),Dumraon,Bihar,802119,25.5332,84.1414909090909,"Nenua, Dumraon, Nandan, Ekauni, Pasahara, Barki Basauri, Hariyana Cattle Farm, Ariaon, Baru R.S., Lakhandihara, Attaon",Bihar,geonames-pin
IND303108AAB,Kotputli_LXngrDPP_D (Rajasthan),Kotputli,Rajasthan,303108,27.25,75.89917368421052,"Gonera, Goverdhanpura, Molaheda, Keshwana, Chaturbhuj, Pawana, Mohanpura, Kalyanpura, Kotputli, Gopalpura, Kujota, Kansli, Jaisinghpura, Ramsinghpura, Mordha, Sangteda, Paniyala, Nangal Panditpura, Sunderpura",Rajasthan,geonames-pin
IND322241AAA,Karauli_HnsChowk_D (Rajasthan),Karauli,Rajasthan,322241,26.508784210526315,76.93757894736841,"Barkheda, Karauli, Gunesera, Gudla, Manchi, Rondkala, Court Karauli, Kondar, Sunderpura, Raghuvanshi, Gadholi, Phoota Kot Karauli, Saiypur, Ata, Mandakheda, Pipalpura, Tulsipura, Fatehpur, Chainpur",Rajasthan,geonames-pin
IND742148AAA,Lalgola_KrsprDPP_D (West Bengal),Lalgola,West Bengal,742148,24.52313571428571,88.06847142857143,"Lalgola, Ashariadaha, Bajupur Madhupur, Krishnapur (MurshidabB.O, Paharpur, Manikchak, Maya, Khandua, Sekhalipur, Bansgara, Barjumla, Bilbora Kopra, Upar Fatepur, Krishnapur Dinupara",West Bengal,geonames-pin
IND636352AAA,Thoppur_HghsclRD_D (Tamil Nadu),Thoppur,Tamil Nadu,636352,11.9068,77.9945,"Thoppur, T.Ganigarahalli, Moolakadu, Kammampatti",Tamil Nadu,geonames-pin
IND531116AAA,Narsiptnm_Wardno8_D (Andhra Pradesh),Narsiptnm,Andhra Pradesh,531116,17.65,82.5397,Narsipatnam H.O,Andhra Pradesh,geonames-pin
IND643231AAA,Coonoor_Fairybnk_D (Tamil Nadu),Coonoor,Tamil Nadu,643231,11.3655,76.7844,"Wellington, Defence Service Staff College, Berhatti, Wellington Bazaar",Tamil Nadu,geonames-pin
IND177203AAA,Amb_Adrshngr_D (Himachal Pradesh),Amb,Himachal Pradesh,177203,31.5937375,76.1990375,"Kataur Khurd, Daloh, Andora, Chowar, Kalruhi, Saloi, Amb, Kuthera Kherla",Himachal Pradesh,geonames-pin
IND757025AAA,Betnoti_MhliaDPP_D (Orissa),Betnoti,Orissa,757025,21.892066666666665,86.39457999999999,"Sialighati, Paunsia, Durgapur, Aguad, Dalki, Bartana, Kuliana Barsahi, Agria, Sakua, Rangapani, Gobapal, Kanchisole, Kochilakhunta, Betnoti, Nuagaon",Odisha,geonames-pin
IND581110AAE,Haveri_GuttalRD_D (Karnataka),Haveri,Karnataka,581110,14.650720000000002,75.483425,"Haveri V.N., Hedigonda, Kanavalli, Kallihal, Ijarilakmapur, Kurubagonda, Chikkalingadahalli, Hommaradi, Devagiri, Devihosur, Haveri Bazar, Haveri B.S., Haveri R.N., Kabbur, Haveri H.O, Aladakatti, Kaginelli, Katenhalli, Kerimattihalli, Nelogal",Karnataka,geonames-pin
IND247776AAA,Shamli_KarnalRd_D (Uttar Pradesh),Shamli,Uttar Pradesh,247776,29.4146,77.7433,"Badheo, Titauli, Kudana, Taprana, Garhi Pukhta, Kharar, Dullakheri, Shamli Sugar Mills, Dhimanpura, Jasana Urf Mastgarh, Kabarout, Khera Mastan, Phugana, Karoda, Kheri Karmu, Lilon, Maharampur, Bhainswal, Malandi, Silawar, Bahawari, Ganna Samiti Shamli, Bara Bazar Shamli, Shamli Mandi, Shamli, Balwa, Banat, Kaserwa Kalan, Lank",Uttar Pradesh,geonames-pin
IND411048AAA,Pune_East_D_8 (Maharashtra),Pune,Maharashtra,411048,18.5789,73.8532,"Kondhwa BK, N I B M, Khondhwa KH, Kondhwa Lh",Maharashtra,geonames-pin
IND721306AAA,Kharagpur_DC (West Bengal),Kharagpur,West Bengal,721306,22.4143,87.267,"Hijli Co-operative, Talbagicha, Hijli",West Bengal,geonames-pin
IND304001AAA,Tonk_DC (Rajasthan),Tonk,Rajasthan,304001,26.199284375,75.653728125,"Kabra, Mandawar, Sonwa, Lamba, Raj.State Tennries Ltd., Mehandwas, Takholi, Dakhiya, Deoli Bhanchi, Soran, Dhuwan, Dodwari, Galod, Geroli, Ghas, Sankhana, Govt.College Tonk, Harchandera, Pasrotia, Palda, Wazirpura, Dardahind, Bambore, Tonk Raj H.O, Quafala Bazar Tonk, Purani Tonk, Lawadar, Bharni, Arniya Kedar, Jumma Masjid Tonk, Chandlai, Chhan",Rajasthan,geonames-pin
IND521301AAA,Gudivada_GvrCompx_D (Andhra Pradesh),Gudivada,Andhra Pradesh,521301,16.442083333333333,80.89668333333333,"Satyanarayanapuram (Gudivada), Rajendranagar Colony, Jagannadhapuram, Mandapadu, Gudivada Railway Station, Gudivada H.O",Andhra Pradesh,geonames-pin
IND534001AAA,Eluru_Agraharm_DC (Andhra Pradesh),Eluru,Andhra Pradesh,534001,16.8946,81.4023,"Eluru H.O, Benerjipeta, Eluru Bazar",Andhra Pradesh,geonames-pin
IND124507AAA,Bahadurgarh_DC (Haryana),Bahadurgarh,Haryana,124507,28.7918,76.8258,"Main Bazar,Bahadurgarh, I.A.Bahadurgarh, Line Par Bahadurgarh, Bahadurgarh H.O, Bahadurgarh Sector 6",Haryana,geonames-pin
IND509203AAA,Bijnapally_nagar_D (Telangana),Bijnapally,Telangana,509203,16.703,77.8097,"Gangaram, Velgonda, Manganoor, Mahadeanpet, Latpally, Polepally, Vattem, Bijnapally, Shayanpally",Telangana,geonames-pin
IND274304AAA,Kushinagar_KasyaDPP_D (Uttar Pradesh),Kushinagar,Uttar Pradesh,274304,26.8057,83.6937,Padrauna H.O,Uttar Pradesh,geonames-pin
IND370201AAA,Gandhidham_Sector1A_IP (Gujarat),Gandhidham,Gujarat,370201,23.0833,70.1333,"Ganeshnagar, Gandhidham",Gujarat,geonames-pin
IND201005AAA,Ghaziabad_RjndrNgr_DC (Uttar Pradesh),Ghaziabad,Uttar Pradesh,201005,28.685033333333333,77.3526,"Bhopura, Sahibabad, Pasonda",Uttar Pradesh,geonames-pin
IND680712AAA,Irinjlkuda_Greens_D (Kerala),Irinjlkuda,Kerala,680712,10.4038,76.187,Madayikonam,Kerala,geonames-pin
IND396321AAA,Bilimora_DC (Gujarat),Bilimora,Gujarat,396321,20.8134,73.0929,Bilimora H.O,Gujarat,geonames-pin
IND531001AAA,Anakapalle_Kothuru_D (Andhra Pradesh),Anakapalle,Andhra Pradesh,531001,17.5315,82.6071,"Gandhinagaram (Visakhapatnam), Anakapalle H.O",Andhra Pradesh,geonames-pin
IND736146AAA,Mathabhang_Pshimpra_D (West Bengal),Mathabhang,West Bengal,736146,26.2944,89.33516,"Bhangamore, Shikarpur, Jorepatki, Gadaler kuthi., Jatamari, Barogharia Garkuta, Mahishcharu, Pachagarh, South Bhangamore, Kurshamari, Kawardera, Khalishamari, Kanfata, Andaran Pakhihaga, Mathabhanga",West Bengal,geonames-pin
IND444602AAA,Amravati_DC (Maharashtra),Amravati,Maharashtra,444602,21.065078947368423,77.59875263157895,"Rahatgaon, Asra, Sant GadgebabaAmravatiUniversityS.O, Sayat, Kathora, Wadgaon Mahore, Uttamsara, SRPF Camp, Amravati Camp, Kawatha, Paplam, Khalkoni, Borgan, Nimbha, Tapovan, Dadhi, Ganori, Ganoja, Bhatkuli",Maharashtra,geonames-pin
IND505001AAA,Karimnagar_DC (Telangana),Karimnagar,Telangana,505001,18.3624,79.1723,"Dist. Court Building, Jublikaman, Ramnagar (Karim Nagar), Collectorate Complex, Karimnagar H.O, Jawaharnagar (Karim Nagar)",Telangana,geonames-pin
IND361001AAA,Jamnagar_Dc (Gujarat),Jamnagar,Gujarat,361001,22.4762,70.0173,"Jamnagar H.O, Station Road (Jamnagar), Lal Bunglow, Mandvi Chowk, Khambhalia Gate",Gujarat,geonames-pin
IND627117AAA,Vallior_Radhaprm_D (Tamil Nadu),Vallior,Tamil Nadu,627117,8.616200000000001,77.6215875,"Vallioor, Valliammalpuram, Kizhavaneri, Vallioor Perundunilayam, Vadalivilai, Achampadu, Anaikulam, Terku Vallioor",Tamil Nadu,geonames-pin
IND571301AAA,Nanjangud_RPRoad_D (Karnataka),Nanjangud,Karnataka,571301,12.2088,76.6717,"Nanjangud H.O, Srikantapuri Extension",Karnataka,geonames-pin
IND794101AAA,Tura_Sracmplx_D (Meghalaya),Tura,Meghalaya,794101,25.584,90.26349999999998,"Captain Reserve, Araimile, Dakopgiri",Meghalaya,geonames-pin
IND136128AAA,Pehowa_WdN14DPP_D (Haryana),Pehowa,Haryana,136128,30.02846428571429,76.6116,"Bakhli, Ishaq, Pehowa, Malikpur, Murtzapur, Saraswati Mandir Pehowa, Sandholi, Saina Saida, Bhorakh, Urnai, Diwana, Sarsa, Karah, Bodhni",Haryana,geonames-pin
IND603203AAA,Chennai_Potheri (Tamil Nadu),Chennai,Tamil Nadu,603203,12.9962,80.0751,"Ninnakarai, Kattankolathur, Kavanur",Tamil Nadu,geonames-pin
IND505184AAC,Manthani_Chaitnya_D (Telangana),Manthani,Telangana,505184,18.263419047619045,79.29010476190476,"Eklaspur, Puttapaka, Venkatapur, Kannal, Manthani, Siripuram, Adavisoman Palli, Adavi Srirampur, Dharmaram, Khammampalli, Nagaram, Mutharam, Peddathundla, Arenda, Gunjapadugu, Jallaram, Tadicherla, Gujulapalli, Odedu, Mallaram, Gopalpur",Telangana,geonames-pin
IND587103AAB,Bagalkot_Sector4_D (Karnataka),Bagalkot,Karnataka,587103,15.9374,76.1284,"Bagalkot Navanagar, Gandhinagar, Bagalkot DC Complex, Haveli",Karnataka,geonames-pin
IND123001AAA,Narnaul_DC (Haryana),Narnaul,Haryana,123001,28.07990714285714,76.06120714285714,"Narnaul Kty., Narnaul H.O, Dhor Kalan, Mini Sectt.Narnaul, Nizampur R.S., Neerpur, Hamidpur, Dharson, Mandi, Dochana, Raghunathpura, Azamabad Mukhota, Kultazpur, Narnaul City, Hudina, Barkoda, Bashirpur, Kamania, Dublana, Dhanota, Chillro, Bhushan Kalan, Nangal Katha, Madhana Kalan, Krishan Nagar, Koriawas, Karota, Kanwi",Haryana,geonames-pin
IND441904AAB,Bhandara_RjnaiDPP_D (Maharashtra),Bhandara,Maharashtra,441904,21.1603,79.9272,"Bhandara H.O, Bhandara Town",Maharashtra,geonames-pin
IND515761AAA,Kalyandurg_Shankrpa_D (Andhra Pradesh),Kalyandurg,Andhra Pradesh,515761,14.520115,77.525615,"Konapuram, Chapiri, Gangavaram, Virupapalli, Kalvapalli, Ontimiddi, Palavoyi, Papampalli, Kurabanahalli, K Garudapuram, Kalyandurg Bazar, Yatakal, Yerrampalli, Bavarampalli, Dodagatta, Mudigal, Chinnampalli, Golla, Narayanapuram, Kalyandurg",Andhra Pradesh,geonames-pin
IND577501AAA,Chitradurga_DC (Karnataka),Chitradurga,Karnataka,577501,14.204166666666666,76.21438333333333,"Chitradurga Chickpet, Kanaka Circle Chitradurga, Chitradurga H.O, Chitradurga  Fort, Chitradurga  Collegeroad, Chitradurga  Dist Office",Karnataka,geonames-pin
IND793001AAA,Shillong (Meghalaya),,Meghalaya,793001,25.5675,91.8645,"Shillong G.P.O., Oakland, Meghalaya Secretariat",Meghalaya,geonames-pin
IND333031AAA,Pilani (Rajasthan),,Rajasthan,333031,28.406105,75.62751499999999,"Ladunda, Khudania, Dulaniya, Kaji, Pantharia, Peepli, Sujdola, Likhawa, Ceeri Pilani, Chhapara, Dhandhar Ka Bas, Dobara, Haminpur, Morwa, V.V. Pilani, Doodawa, Beri, Jherli, Pilani, Bangothari",Rajasthan,geonames-pin
IND814112AAA,Deoghar_Barmasia_D (Jharkhand),Deoghar,Jharkhand,814112,24.328,86.7411,"B. MANDIR, Deoghar Court, Jhaunsagarhi, B.Deoghar H.O",Jharkhand,geonames-pin
IND521185AAA,Nandigama_Chndrlpd_D (Andhra Pradesh),Nandigama,Andhra Pradesh,521185,16.665384,80.48408,"Rudravaram, Cheruvukommupalem, Raghavapuram, Keesara, Kethaveerunipadu, Vemulapalli, Ithavaram, Gandepalli, Sanagapadu, Magallu, Kanchala, Munagacherla, Pallagiri, Somavaram, Chandapuram, Konduru, Jonnalagadda, Kammavaripalem, Nandigama, Torragudipadu, Pendyala, Lingalapadu, Gollamudi, Nawabpet, Ramireddipalli",Andhra Pradesh,geonames-pin
IND845455AAB,Narktiganj_Central_DPP_2 (Bihar),Narktiganj,Bihar,845455,27.052794444444444,84.4569,"Saidpur, Belsandi, Goithahi, Jamunia, Bhitiharwa Ashram, Mahuawa, Amolwa, Narkaiaganj, Serwa Masjidwa, Manwa Parsi, Rajpur Madan, Bhikhana Thori, Taulaha Champaran, Belwa Bahuari, Musharwa, Lachhnauta, Anjua, Sugauli",Bihar,geonames-pin
IND733202AAC,Islampure_Central_DPP_2 (West Bengal),Islampure,West Bengal,733202,26.2654,88.1898,"Sonapur Hat, Amaljhari, Gunjaria Bazar, Islampur (North Dinajpur), Kodaldaha, Larukhoa Gobindapur, Burhijagir, Dhantala, Dimrulla, Dulalibhita, Haptiagachh, Islampur Court, Jagtagaon, Kalanagin, Khunti, State Farm Colony, Srikrishnapur Colony, Panchdimthi, Matikundahat",West Bengal,geonames-pin
IND804420AAA,Jehanabad_Madarpur_D (Bihar),Jehanabad,Bihar,804420,25.165900000000004,85.04468333333334,"Hati, Tej Bigha, Nagma Erazi, Mohiudinpur, Golakpur Dehuri, Kazisarai",Bihar,geonames-pin
IND421502AAA,Mumbai_Ambernath_Dc (Maharashtra),Mumbai,Maharashtra,421502,19.36,73.3279,O.E.Ambernath,Maharashtra,geonames-pin
IND262122AAB,Puranpur_MdothdRD_D (Uttar Pradesh),Puranpur,Uttar Pradesh,262122,28.521625925925925,79.97201851851851,"Kasganja, Karnapur, Sabalpur, Ghungchai, Sherpur, Rampura Fakire, Pachpeda Taluk Maharajpur, Shivnagar, Piperia Dulai, Ghatampur, Abhaipur, Bhairo Kalan, Shahgarh, Chandia Hazara, Pooranpur, Dhuria Palia, Gobhia Sarai, Dudhia Khurd, Gulabtanda, Kadherchaura, Ramnagra Colony, Udaikaranpur, Madhotanda, Naujalia Nakatia, Rudrapur, Bhagwantapur, Jatpura",Uttar Pradesh,geonames-pin
IND395009AAA,Surat_Central_D_12 (Gujarat),Surat,Gujarat,395009,21.2623,73.0694,"Ramnagar (Surat), Navyug College, Anand Mahal Road, Palanpur Nd, Adajan Dn",Gujarat,geonames-pin
IND321408AAB,Weir_BsstdDPP_D (Rajasthan),Weir,Rajasthan,321408,27.20487142857143,77.30777142857143,"Bajhera Kalan, Weir Town, Siras, Suhans, Samraya, Umrend, Hishamada, Rahimgarh, Muhari, Jeewad, Jagjiwanpur, Bansi, Lakhanpur, Weir",Rajasthan,geonames-pin
IND852201AAA,Saharsa_Gangjala_D (Bihar),Saharsa,Bihar,852201,25.9194,86.4649,"Saharsa Dist.Board, Saharsa Bazar, Saharsa H.O",Bihar,geonames-pin
IND606803AAA,Polur_StationRD_D (Tamil Nadu),Polur,Tamil Nadu,606803,12.49859375,79.12450625,"Sanikkavadi, Periagaram, Athimoor Tindivanam, Kangeyanur, Karapundi, Murugapadi, Polur Town, Potharai, R.Kunnathur, Thumbakkadu, Sengunam, Vasur, Tirusur, Pelasur, Polur (Tiruvannamalai), Mambattu",Tamil Nadu,geonames-pin
IND203135AAA,Jewar_SJRoad_D (Uttar Pradesh),Jewar,Uttar Pradesh,203135,28.185414285714284,77.55514285714285,"Dayanatpur, Faleda, Sabouta  Jafrabad, Mangrouly, Kanigarhi, Kureb, Jewar",Uttar Pradesh,geonames-pin
IND246701AAA,Bijnor_NaginaRd_D (Uttar Pradesh),Bijnor,Uttar Pradesh,246701,29.369535714285718,78.3428,"Saidabad, Fatehpur Kalan, Nasiri, Prithvipur, Agri, Qaziwala, Faridpur Bhogi, Bakherpur Garhi, Daranagar Ganj, Mo. Pur Mandawali, Suwheri, B I Estate, Naya Gaon, Nai Basti, District Board, Gajraula Shiv, Khatriyan, Mangolpura Roopchand, Jatan, Civil Line, Sabdalpur Rehra, Sardhani, Bijnor H.O, Kharak Jeetpur, Uledha, Vidur Kuti, Bharaira, Dharm Nagri",Uttar Pradesh,geonames-pin
IND396232AAA,Silvassa_Samrvrni_D (Dadra and Nagar Haveli),Silvassa,Dadra and Nagar Haveli,396232,,,,,
IND177101AAA,DehraGopipur_Central_D_1 (Himachal Pradesh),DehraGopipur,Himachal Pradesh,177101,31.8558,76.2205,Dehra H.O,Himachal Pradesh,geonames-pin
IND742121AAA,Nowda_AmtlaDPP_D (West Bengal),Nowda,West Bengal,742121,24.237693333333333,88.06441333333333,"Jitpur, Chandpur, Amtala, Madhupur, Gangadhari, Pardiar, Nowda, Jagaipur, Goghata, Bhalanagar, Raipur-mirpur, Patikabari, Kanainagar, Garibpur, Mohammadpur",West Bengal,geonames-pin
IND458001AAB,Mandsaur_YashDPP_D (Madhya Pradesh),Mandsaur,Madhya Pradesh,458001,24.211300000000005,75.4055,"Mandsaur H.O, Mandsaur Nai Abadi, Shri Ramtekri Mandsaur",Madhya Pradesh,geonames-pin
IND332404AAA,Reengus_Shop2DPP_D (Rajasthan),Reengus,Rajasthan,332404,27.6093,75.31559,"Lampuwa, Dadia Rampura, Jetusar, Lakhani, Ringas Town, Kotri Dhayalan, Sargoth, Tapiplya, Bhopatpura, Ringas",Rajasthan,geonames-pin
IND247554AAA,Deoband_Ramvlg_D (Uttar Pradesh),Deoband,Uttar Pradesh,247554,29.670114285714284,77.70894642857142,"Banhera Khas, Amboli, Saraswati Nagar, Talheri Buzurg, Gunarsa, Ghaloli, Chandena Koli, B. Majbatta, Kulsath, Deoband, Ambehta Shekhan, Kuri, Babupur, Sarsina, Sakhan Khurd, Kenduki, Gangdaspur, Bastam, Diwalheri, Sanpla Khatri, Rankhandi, Gopali, Bhaila Kalan, Miragpur, Bus Stand Deoband, Jaroda Jatt, Industrial Estate Deoband, Darul Uloom Deoband",Uttar Pradesh,geonames-pin
IND688524AAA,Cherthala_Mulapali_D (Kerala),Cherthala,Kerala,688524,9.4236,76.4496,"Cherthala Cutcherry, Cherthala H.O",Kerala,geonames-pin
IND500039AAB,Hyd_Uppal_Dc (Telangana),Hyd,Telangana,500039,17.27435,78.4442,"Peerzadiguda, Uppal (K.V.Rangareddy)",Telangana,geonames-pin
IND516360AAB,Proddatur_Central_D_2 (Andhra Pradesh),Proddatur,Andhra Pradesh,516360,14.8127,78.9643,"Korrapadu Road, Proddatur H.O, YMR Colony, Modameedipalle, College Road, Gandhi Road (Cuddapah), Proddatur Bazaar, Proddatur Fort",Andhra Pradesh,geonames-pin
IND535591AAA,Salur_ward9_D (Andhra Pradesh),Salur,Andhra Pradesh,535591,18.47586842105263,83.19075263157895,"Panukuvalasa, Viswanadhapuram, Salur Fort, Guruvunaidupeta, Nelliparthi, Kothavalasa, Pedapadam, Pedaborabanda, Purohitunivalasa, Panchali, Matumuru, Mosuru, Narlavalasa, Bangarampeta, Parannavalasa, Sivarampuram, Kharasavalasa, Salur, Taduru",Andhra Pradesh,geonames-pin
IND732103AAB,Malda_Central_I_3 (West Bengal),Malda,West Bengal,732103,25.1367,88.0923,"Kanchantar, Rajbati Ramnagar, Kamalabari, Kajigram Chandipur, Mukdumpur, Gour, Fulbari",West Bengal,geonames-pin
IND845418AAB,Dhaka_PchpkrRD_D (Bihar),Dhaka,Bihar,845418,26.611044444444445,84.9409,"Haraj, Ruphara, Raghopur Gangapipar, Madhubani Kala, Kathmalia, Jamua, Karsahiya, Harnaraina, Sagardina, Kapur Pakari, Laukhan, Bahlolpur, Bara Jaipam, Barharwa Lakhansen, Barharwa Siwan, Sirauna, Dhaka, Harnath",Bihar,geonames-pin
IND791109AAA,Nirjuli_BageDPP_D (Arunachal Pradesh),Nirjuli,Arunachal Pradesh,791109,27.1329,93.7465,Nirjuli,Arunachal Pradesh,geonames-pin
IND68004AAA,Thrissur_Poothole_D (Kerala),Thrissur,Kerala,,,,,,
IND504208AAB,Mancherial_Hitech_D (Telangana),Mancherial,Telangana,504208,19.5158,78.574,"Mancherial H.O, Patha Mancherial, Mancherial Bazar, Grain Market (Adilabad)",Telangana,geonames-pin
IND244301AAA,Sambhal_Khwssrai_D (Uttar Pradesh),Sambhal,Uttar Pradesh,244301,28.69569333333333,78.73126,"Baripur Bhamrowa, Fatehpur Malakpur, Hajaratnagar Garhi, Sirsi (Moradabad), Bharthal Madapur, Mahmoodpur, Azamnagar Chopra, Nayamatpur, Rehtaul, Umedpur, Qasimpur, Dingarpur, Mainather, Barahi, Gurer",Uttar Pradesh,geonames-pin
IND731224AAA,Rampurhat_SrifoDPP_D (West Bengal),Rampurhat,West Bengal,731224,24.1767,87.7743,"Rampurhat H.O, Mahajanpatty, Railpar (Birbhum), Nischintapur",West Bengal,geonames-pin
IND642126AAA,Udumalpet_Artclgrd_D (Tamil Nadu),Udumalpet,Tamil Nadu,642126,10.7456,77.1038,"Udamalpet H.O, Eripalayam, Udamalpet South, Udamalpet East, Udamalpet Bazaar",Tamil Nadu,geonames-pin
IND518501AAA,Nandyal_SrnvsNgr_D (Andhra Pradesh),Nandyal,Andhra Pradesh,518501,15.456099999999998,78.5372,"Nandyal H.O, Nandyal Bazar, Sanjeeva Nagar, Srinivasa Nagar, Tekke",Andhra Pradesh,geonames-pin
IND584128AAA,Sindhanur_VasaviNg_D (Karnataka),Sindhanur,Karnataka,584128,16.0487,76.89111111111112,"Gorebal, Sindhanur, Mallapur, Amarapur, Roudkunda, Sindhanur Camp, Hanchinal Camp, Tidigol, Uppaldoddi, Valaballary, Badarli, Virupapur, Somalapur, Yeddaldoddi, Hediginahal, Jalihal Camp, Kurkunda, Jalihal, Channahalli, Kolbal, Pagadadinni, Harapur, Arlihalli, Sasalmari Camp, Alabanur, Madsirwar, Sidrampur",Karnataka,geonames-pin
IND843320AAA,Pupri_SngihiRD_D (Bihar),Pupri,Bihar,843320,26.569465217391304,85.56525217391304,"Basotra, B. Dharmapur, Janakpur Road, Piprarhi, Pokharbhinda, Bedaul, Chinachak, Narayanpur, Jhajhihat, Ratan Lasmi, Pupari Bazar, Dumharpatti, B.Bajitpur, B. Maksudan, Garha, Hardiya, Bachharpur, Gangati, B. Rasalpur, K.B.P. Pupri, Chaipura, Bhantabari, H. Chandei",Bihar,geonames-pin
IND641664AAA,Tirpur_Palladam_DC (Tamil Nadu),Tirpur,Tamil Nadu,641664,10.895753846153848,76.98177692307692,"Vengitapuram, Annupapatti, V.Vadamalaipalayam, P.Vadugapalayam, Madapur, Elavanthi, Ngr Road, Palladam, Panickampatti, Nathagoundenpalayam, Chittambalam, Naranapuram, V.Kallipalayam",Tamil Nadu,geonames-pin
IND813102AAA,Banka_Wardno6_D (Bihar),Banka,Bihar,813102,24.85231428571428,86.85089642857143,"Samukhia More, Baliamehra, Chutia, Malbathan, Danra, Dudhari, Haripur, Jajdiha, Rajpur, Laxmipur, Banka H.O, Dhakamore, Jethorjamua, Maheshadih, Makduma, Manjira Gouripur, Medha, Paraia Chakdih, Kunonira, Samukhia, Pararia Chakadih, Ranghatta, Ramchandrapur Ithari, Bijaynagar, Kunouni, Jamdaha, Domohan, Jogdiha",Bihar,geonames-pin
IND125051AAA,Ratia_SchdvDPP_D (Haryana),Ratia,Haryana,125051,29.598142857142857,75.53583714285715,"Laduwas, Hassanga, Bahmanwala, Khunan, Badalgarh, Sheikhpur Sotter, Pilchhian, Phullan, Ganda, Chandoh Kalan, Nathwan, Kamana, Hamzapur, Bora, Baliala, Rattia, Mehmra, Mohmadpur Sotter, M S Rattia, Chimmon, Biranbadi, Lali, Ayalki, Alika, Mirana, Aharwan, Hanspur, Nangal, Ratta Khera, Gurusar, Jallopur, Haroli, Nagpur, Marh, Palsar",Haryana,geonames-pin
IND410501AAF,Talegaon_Central_DPP_4 (Maharashtra),Talegaon,Maharashtra,410501,18.582717647058825,74.05785294117646,"Nighoje, Koyali, Kuruli, Ambethan, Rase, Bhose, Bahul, Shive, Vasuli, Gadad, Kalus, Khalumbre, Vadgaon Ghenanad, Mahalunge Ingale, Pimpalgaon Tarfe Chakan, Chakan, Waki BK",Maharashtra,geonames-pin
IND713128AAB,Guskhara_Itachnda_D (West Bengal),Guskhara,West Bengal,713128,23.43096363636364,87.76236363636365,"Paligram, Shar, Shibda, Somaipur, Uniatatarpur, Sarulia, Rai Ramchandrapur, Pichkuri, Orgram, Keleti, Jaypurr, Digha, Jadabganj, Hatkirtinagar, Gushkara New Town, Gonpur, Gennya Deriapur, Deasa Aligram, Dauradanga, Mahata, Gushkara, Dignagar",West Bengal,geonames-pin
IND415409AAB,Islampur_Shantanu_D (Maharashtra),Islampur,Maharashtra,415409,17.05,74.2667,"Kapuskhed, Yedemachindra, Shirte, Aitawade Khurd, Bahe, Urun Islampur, Narsinhpur",Maharashtra,geonames-pin
IND443201AAA,Chikhli_KKndrDPP_D (Maharashtra),Chikhli,Maharashtra,443201,20.516541379310343,76.39138620689656,"Sakegaon, Godri, Kolara, Mendgaon, Mera BK, Ancharwadi, Andhera, Antri Khedekar, Bharosa, Borgaon Kakde, Cotton Market Chikhli, Deulgaon Dhangar, Gangalgaon, Isrul, Kawhala, Khandala Makardhwaj, Mera Khurd, Palaskhed Daulat, Satgaon Bhusari, Savkhed Nagare, Sawana, Sawargaon Dukare, Shelgaon Atol, Hatni, Eklara, Chikhli (Buldhana), Ambashi, Dahigaon, Peth",Maharashtra,geonames-pin
IND486661AAA,Sidhi_Padra_D (Madhya Pradesh),Sidhi,Madhya Pradesh,486661,24.23209545454545,81.79641363636364,"Panwar, Padainia, Khoh Gandhi Gram, Sidhi Collectorate, Padkhuri, Hadbado, Sidhi H.O, Naudhiya, Kochila, Kukrijhar, Madwa, Chaufal, Upni, Gadababan Singh, Deogawan, Piprohar, Bamhani, Amarwah, Mahrajpur, Barambaba, Baghwari, Banjari",Madhya Pradesh,geonames-pin
IND144040AAA,Nakodar_ChowkDPP_D (Punjab),Nakodar,Punjab,144040,31.156864285714285,75.40045714285715,"Bhodipur, Bara Sidhpur, Nurpur, Pandori Khas, Nawanpind Jattan, Malri, Nakoder, Lidhran, D.G.Nakoder, Billi Chuharmi, Tut Kalan, New Judicial Court Complex Nakodar, Gandhran, Bhullar",Punjab,geonames-pin
IND302020AAA,Jaipur_VarunCly_DC (Rajasthan),Jaipur,Rajasthan,302020,26.8626,75.7633,"S.F.S.Mansarovar, Mansarovar",Rajasthan,geonames-pin
IND621704AAA,Ariyalur_Kmrajngr_D (Tamil Nadu),Ariyalur,Tamil Nadu,621704,11.12238,79.14688666666667,"Varanavasi, Siruvalur, Vilangudi, Telur, Thavuthaikulam, Inamattur, Periyanagalur, Reddipalayam, Valajanagaram, Hasthinapuram, Ariyalur (Ariyalur), Subbarayapuram, Ariyalur Bazaar, Periyavenmani, Kavanur",Tamil Nadu,geonames-pin
IND110085AAB,Delhi_Rohini_DPC (Delhi),Delhi,Delhi,110085,28.71798888888889,77.12687777777778,"Rohini sec-11, Rohini Sector 5, Rohini Sector-7, Naharpur, Rohini Courts, Prashant Vihar, Rithala, Rohini Sector-16, Avantika",Delhi,geonames-pin
IND208006AAA,Kanpur_GovndNgr_DC (Uttar Pradesh),Kanpur,Uttar Pradesh,208006,26.5989,80.2289,"Govind Nagar West, Govind Nagar (Kanpur Nagar)",Uttar Pradesh,geonames-pin
IND630002AAA,Karaikudi_Sbrmnprm_D (Tamil Nadu),Karaikudi,Tamil Nadu,630002,10.0801,78.7782,"Sekkalai, Karaikudi Southstreet",Tamil Nadu,geonames-pin
IND635802AAB,Ambur_Central_D_2 (Tamil Nadu),Ambur,Tamil Nadu,635802,12.7718,78.923475,"Somalapuram, Thennambattu, Ambur Bazaar, Ambur, Devalapuram, Gangapuram, Naickaneri, Kumaramangalam",Tamil Nadu,geonames-pin
IND591123AAC,Ramdurg_GndhiNGR_D (Karnataka),Ramdurg,Karnataka,591123,16.07526111111111,75.00252777777777,"Mudkavi, Nandihal, Batakurki, Channapur, Mudenur, Nekarpeth Ramdurg, Oblapur, Ramdurg H.O, Salapur, Haletorgal, Sunnal, Halagatti, Umtar, M Timmapur, Kalmad, Idgal, Ghataknur, Ramdurg Town",Karnataka,geonames-pin
IND207302AAA,Jalesar_ChngiDPP_D (Uttar Pradesh),Jalesar,Uttar Pradesh,207302,27.49510833333333,78.39029166666667,"Rejua, Chirgawan, Nagla Anni, Neem Khera, Ganehspur, Jamon, Sarai Neem, Maksud Pur, Rajwali, Badhawali, Gudaun, Berni, Shahnagar Timarua, Shakrauli, Naukhera, Simrau, Pilkhatra, Jainpura, Jalesar, Takhawan, Narau, Punhera, Misauli, Isauli",Uttar Pradesh,geonames-pin
IND581325AAA,Dandeli_RKComplx_D (Karnataka),Dandeli,Karnataka,581325,15.15307,74.92608,"Alur, Dandeli, Gund, Channammacircle, Barchi, Ambewadi (Uttara Kannada), Dandeli Paper Mills, Dandeli Bazar, Pradhani, Plywood Colony",Karnataka,geonames-pin
IND312605AAB,Pratapgarh_Nimachrd_D (Rajasthan),Pratapgarh,Rajasthan,312605,24.835726,74.77241400000001,"Jhansri, Jolar, Kachotiya, Kherot, Jamli, Kulthana, Kutchery Partabgarh, Veerpur, Luharia, Mandkalan, Parliya, Mota Dhamaniya, Motikhedi, Nakor, Basera, Suhagpura, Selarpura Kalan, Devgarh, Richawara, Gandher, Pratap garh (Chittorgarh), Mandawara, Pal, Amlawad, Angona, Anwleshwar, Asawata, Pateliya, Bajranggarh, Barilank, Barotha, Bilesari, Dewad, Gotarsi, Varmandal, Anoppura, Kalyanpura, Basad, Chiklad, Dabda, Gyaspur, Kotwal, Pandawa, Kuni, Ratanpuria, Achalpur, Manohar Garh, Kerwas, Akhepur, Rampuria",Rajasthan,geonames-pin
IND246174AAA,SrinagarUK_Srikot_D (Uttarakhand),SrinagarUK,Uttarakhand,246174,30.21388,78.80409,"Jaletha, Kamleshwar, Sumari, Kaliyasaur, Ufalda, Masoor, Langwalyun Bagar, Sweet, Srinagar (Pauri Garhwal), Dungripanth",Uttarakhand,geonames-pin
IND742303AAB,Domkal_Central_D_2 (West Bengal),Domkal,West Bengal,742303,24.19101333333333,88.21545333333333,"Khairamari, Garaimari, Gangadaspara, Dumkal, Boxipur, Lakshminathpur, Kupila, Par Raghunathpur, P.T.Rasulpur, Sadi Khan Diar, Raipur, Mominpur, Kuchiamora, Bilaspur, Faridpur",West Bengal,geonames-pin
IND415605AAA,Chiplun_LxmiNiws_D (Maharashtra),Chiplun,Maharashtra,415605,17.2734,73.4573,"Ambdas, Teru, Markandi, Walope, Chiplun H.O, Dhamandevi, Bhelsai, Kadavali, Bhile, Kalambaste, Kalvande, Kaluste, Kamathe, Kapsal, Kolvande, Pedhe, Kelne, Chirni, Musad, Parshuram, Pali(CPN)",Maharashtra,geonames-pin
IND335803AAA,Pilibanga_BsstdDPP_D (Rajasthan),Pilibanga,Rajasthan,335803,29.267864705882356,74.53298823529413,"Lakhasar, Amarpura Rathan, Chohilanwali, Sanger, Likhmisar, Jakharanwali, Prempura, Dhaba, Kalibanga, Dulmana, Longwala, Salochanwala, Pilibanga Village, Panditanwali, Chak 34 Stg, Ahmedpura, Pilibangan",Rajasthan,geonames-pin
IND181152AAB,Jammu_Central_I_1 (Jammu & Kashmir),Jammu,Jammu & Kashmir,181152,32.6562,74.8391,Bathindi,Jammu & Kashmir,geonames-pin
IND203396AAB,Pahasu_Kanongyn_D (Uttar Pradesh),Pahasu,Uttar Pradesh,203396,28.166,78.057,"Kunwarpur, Soi, Pahasu, Ganga  Garh, Lalner, Fazalpur, Dighi, Banail",Uttar Pradesh,geonames-pin
IND125005AAA,Hisar_IndstlAr_I (Haryana),Hisar,Haryana,125005,29.07381,75.80874,"Badya Brahamana, Kheri Barki, Iacbp Hisar, Behbalpur, Modle Town Hisar, Juglan, Singhran, Talwandi Rukka, Mangali, Talwandi Rana, Dabra, Dhansu, Niyana, Mirzapur, Shaharwa, Urban Estate  2 Hhisar, Kaimri, Harita, Vidut Nagar Hisar, Daya",Haryana,geonames-pin
IND390020AAA,Vadodara (Gujarat),,Gujarat,390020,22.4024,73.0806,"Sayajiganj, Akota",Gujarat,geonames-pin
IND521201AAA,Nuzvid_Ward17_D (Andhra Pradesh),Nuzvid,Andhra Pradesh,521201,16.8151,80.9308,"Gandhinagaram (Gudivada), Vidyanagar (Krishna), Dum Dum Gardens, Nuzvid Bazar, Nuzvid H.O",Andhra Pradesh,geonames-pin
IND623503AAA,Ramnthpurm_TnhbBlkC_D (Tamil Nadu),Ramnthpurm,Tamil Nadu,623503,9.4401,78.6733,"Pattanamkathan, Ramanathapuram Collectorate",Tamil Nadu,geonames-pin
IND784125AAA,Mangaldoi_LNBRoad_D (Assam),Mangaldoi,Assam,784125,26.4493,92.0374,Mangaldoi H.O,Assam,geonames-pin
IND852118AAA,Forbesganj_JhumanCk_D (Bihar),Forbesganj,Bihar,852118,,,,,
IND505209AAA,Ramagundam_Pdmavati_D (Telangana),Ramagundam,Telangana,505209,18.376,79.2449,"Godavarikhani, Sundilla, Scab, Maredupaka, Maidpalli, Janagaon",Telangana,geonames-pin
IND322230AAA,Hindaun_MndwrRod_D (Rajasthan),Hindaun,Rajasthan,322230,26.893254545454543,76.88899545454545,"Hindaun H.O, Sikroda Meena, Singhania, Lapawali, Vajna Kalan, Kyarda Khurd, Lahchoda, Bhopar, Dahra, Nagala Meena, Jhareda, Kanchroli, Karsoli, Katara Ajij, Station Road Hindaun, Mandawara, Salempur, Khareta, Hindaun Mandi, Hindaun City, Kanjoli, Bargama",Rajasthan,geonames-pin
IND586101AAB,Bijapur_Central_D_2 (Karnataka),Bijapur,Karnataka,586101,16.6854,76.0927,"Bijapur Tajbavadi, Bijapur Kutchery, Bijapur Market Yard, Bijapur Jorapur Peth, Bijapur Bazar, Bijapur Basava Nagar, Bijapur H.O",Karnataka,geonames-pin
IND363330AAB,Halvad_CrossRD_D (Gujarat),Halvad,Gujarat,363330,22.772,71.592,"Malaniyad, Koparani, Halvad, Vegadvav, Enjar, Merupar, Sundari, Ratabhe, Ranmalpur, Dhavana, Navaghanshyamgadh, Ranakpur, Devaliya, Koyba, Mathak, Kavadiya, Kadiyana, Charadva, Ghanshyampur, Sapakda, Ajitgadh, Tikar (Ran)",Gujarat,geonames-pin
IND363641AAA,Morbi_DC (Gujarat),Morbi,Gujarat,363641,22.032551515151518,70.73742727272727,"Kherda, Shri Sardanagar, Shakat Sanala, Sajanpar, Thorala, Khevaliya, Chachapar, Rajpar, Vankada, Virpar (M), Rangpar, Morbi MDG, Lilapar, Morbi Nani Bazar, Lajai, Unchi Mandal, Nani Vavdi, Nasitpar, Khakhrala, Ghuntu, Manekwada, Nesda (K), Khanpar, Nichimandal, Barvala, Bagathala, Zinkiyali, Ghunda Khanpar, Panchasar, Hadmatiya, Biliya, Rangpar (Bela), Ghunda (S)",Gujarat,geonames-pin
IND736135AAA,Dinhata_WrdN4DPP_D (West Bengal),Dinhata,West Bengal,736135,26.135300000000004,89.4613,"Dinhata, Karala, Gitaldaha Atiabari, Baravita, Dinhata Bazar, Jamadarerbash, Jarabari, Koalidaha, Putimari, Kawrai, Gobrasara., Gitaldaha, Matalhat, Singimari Madnakura, Ratinandan Konamukta Payesthi, Petla, Bhagni Part-I., Bhalka Putimari, Bara Atiabari, Natkobarihat, Bhutkura, Subachanirpath, Balakandi, Balairhat, Chhoto Atiabari, Baranachina",West Bengal,geonames-pin
IND174307AAA,Bangana_Bhaleti_D (Himachal Pradesh),Bangana,Himachal Pradesh,174307,31.58401,76.22484999999999,"Jassana, Dohgi Upperli, Nari Devi Singh, Jatehri, Charara, Hatli, Harot, Arlu, Thathoon, Bangana",Himachal Pradesh,geonames-pin
IND515201AAA,Hindupur_Parigi_D (Andhra Pradesh),Hindupur,Andhra Pradesh,515201,13.8197,77.5428,"Hindupur Extns, Hindupur H.O",Andhra Pradesh,geonames-pin
IND796009AAA,Aizawl_HunthrVg_I (Mizoram),Aizawl,Mizoram,796009,23.498,92.7292,"Vaivakawn, Chawlhhmun, Dinthar, Tanhril, Sakawrtuichhun, Rangvamual, Luangmual, Govt. Complex",Mizoram,geonames-pin
IND517644AAA,Sriklahsti_SDKNgr_D (Andhra Pradesh),Sriklahsti,Andhra Pradesh,517644,13.6365,79.572,"Kothapet (Srikalahasti), Srikalahasti North, G.S.T.Centre, Srikalahasti H.O",Andhra Pradesh,geonames-pin
IND577598AAC,Hiriyur_TahurDPP_D (Karnataka),Hiriyur,Karnataka,577598,13.837315384615383,76.5820076923077,"Halmadenahalli, Peelali, Yelladakere, Gowdanahally, Kasavanahally, Uduvally, Yalanadu, Dindavara, Alur, Huvinahole, Babbur Farm, Hiriyur, Doddaghatta",Karnataka,geonames-pin
IND285205AAB,Konch_Central_D_2 (Uttar Pradesh),Konch,Uttar Pradesh,285205,26.03662258064516,79.18983870967742,"Kainth, Guraoti, Toomra, Konch Bazariya, Konch (Jalaun), Salaiyya Buzurg, Bhend, Chamend, Baroda Kalan, Kailiya, Anda, Pachipuri, Sunaya, Chhani, Deogaon, Khutaila, Bhadari, Khanua, Khairi, Kishunpura, Paniyara, Navin Mandi Konch, Aknewa, Jaitpura, Sadupura, Diraoti, Sami, Kanasi, Titra Khalilpur, Jaganpura, Lohagarh",Uttar Pradesh,geonames-pin
IND000000ADM,Cochin_Kdvantra_D (Kerala),Cochin,Kerala,000000,,,,,
IND313324AAA,Rajsamand_kankroli_D (Rajasthan),Rajsamand,Rajasthan,313324,25.119522727272727,73.87231818181819,"Gajpur, Koyal, Masatiyon Ki Madri, Sanghat Kalan, Piparda, Punawali, Sayon Ka Khera, Kankroli H.O, Mahalon Ki Pipli, Sakroda, Kalinjar, Badrada, Rajsamand, Sundarcha, Pasund, Bhawa, Piplantri, Mundol, Bhana, Mohi, Boraj, Pharara",Rajasthan,geonames-pin
IND583101AAA,Bellary_Dc (Karnataka),Bellary,Karnataka,583101,15.1368,76.9275,"Bellary Patel Nagar, Bellary Satyanarayanapet, Bellary District Court, Bellary H.O, Bellary Herialukadam, Bellary City, Bellary Brucepettah",Karnataka,geonames-pin
IND389151AAA,Dahod_DC (Gujarat),Dahod,Gujarat,389151,22.7617,74.3041,"Dahod R.S, Dahod H.O",Gujarat,geonames-pin
IND395006AAA,Surat_Varachha_DC (Gujarat),Surat,Gujarat,395006,21.2623,73.0694,Varachha Road,Gujarat,geonames-pin
IND126116AAA,,,Haryana,126116,29.64790322580645,76.09880967741935,"Kalwan, Garhi, Kharal, Ujhana, Pharain Kalan, Dhanori, Bhana Brahmana, Dhabitek Singh, Belarkhan, Khrindwal, Lowan, Narwana City, Phullian Kalan, Pipaltha, Rajgarh Gurthali, Rasidan, Sudkain Khurd, Jheel, Hamir Garh, Ghason Kalan, Dumarkhan Kalan, Dharodi, Dhamtan Sahib, Sulhera, Dablain Kalan, Singhwal, Dhakal, Narwana, Sinsar, Karamgarh, Amargarh",Haryana,geonames-pin
IND209101AAA,Akbarpur_NehruNGR_D (Uttar Pradesh),Akbarpur,Uttar Pradesh,209101,26.44349285714286,79.88880714285713,"Gauriyapur, Akbarpur, Barapur, Lalpur, Rurwahar, Sariyapur, Kumbhi, Bhuganiyapur, Lalpur R.S., Bewain, Gujraai, Jhindaura, Karosa, Bewan",Uttar Pradesh,geonames-pin
IND303338AAB,Phulera_NarenaRD_D (Rajasthan),Phulera,Rajasthan,303338,26.69049230769231,75.78646153846154,"Akoda, Hirnoda, Bobas, Phulera Bazar, Kachroda, Teja Ka Bas, Ugariwas, Shardulpura, Rojdi, Gudha Bersal, Malyawas, Phulera, Boraj",Rajasthan,geonames-pin
IND321606AAA,Kherli_GodamDPP_D (Rajasthan),Kherli,Rajasthan,321606,27.29338,76.7897,"Natoj, Dantia, Samuchi, Sonkher, Daroda, Kalwari, Sonkheri, Kherli, Garu, Doroli",Rajasthan,geonames-pin
IND360490AAA,Upleta_AdrshSt_DC (Gujarat),Upleta,Gujarat,360490,21.96101739130435,70.6148,"Bhimora, Upleta ND T.S.O, Khakhijaliya, Bhankh, Pransla, Varjang Jalia, Vadala, Ishra, Talagana, Mojira, Upleta Lati Plot, Nagvadar, Lath, Nilakha, Amrapar, Kalariya, Samadhiyala, Mervadar, Tanasva, Ganod, Paradva, Malanka, Vadasada",Gujarat,geonames-pin
IND502110AAA,Medak_Dwaraka_D (Telangana),Medak,Telangana,502110,17.9554,78.2569,"Medak H.O, Medak Town, Medak Buss stand",Telangana,geonames-pin
IND509124AAA,JoguGadwal_ColctrOf_D (Telangana),JoguGadwal,Telangana,509124,,,,,
IND524132AAA,Venktagiri_TirupthiRd_D (Andhra Pradesh),Venktagiri,Andhra Pradesh,524132,14.12718823529412,79.6637705882353,"Palemkota, Chintagunta, Chinnapareddypalli, Periavaram, Lalapeta, Manulalpeta, Yathalur, Chillamanur, Chilakampadu, Althurupadu, Vallivedu, Telugugangaproject, Peturu, Amuduru, Venkatagiri Bazar, Paravolu, Venkatagiri Town",Andhra Pradesh,geonames-pin
IND562125AAA,Bengaluru_Sarjapur_D (Karnataka),Bengaluru,Karnataka,562125,13.2257,77.575,"Sarjapura, Neriga, Dommasandra, Kugur, Handenahalli",Karnataka,geonames-pin
IND591237AAB,Nipani_AkkolRD_D (Karnataka),Nipani,Karnataka,591237,16.1195,74.823,"Shirguppi, Chikalwal, Arjunnagar, Kodni, Rampur, Nipani Bazar, Pangire (B), Shendur, Nipani, Gondikuppi, Jatrat, Nipani Nehru Chowk, Nipani Malbag, Tavandi",Karnataka,geonames-pin
IND731237AAB,Morgram_Kntgorya_D (West Bengal),Morgram,West Bengal,731237,24.197883333333333,87.91834999999999,"Krishnapur, Gopalchak, Bandhkhola, Bara, Sitalgram, Bhadrapur, Lohapur, Ujirpur, Noapara, Jesthabhabanipur, Kantagoria, Salisanda",West Bengal,geonames-pin
IND415709AAA,Khed_Mahad_D (Maharashtra),Khed,Maharashtra,415709,17.2734,73.4573,"Mani, Ashti, Saveni, Chinchghar, Khed City, Sakhroli, Tala Mandva, Morvande, Dhamani, Susheri, Murde, Kondivali, Shingri, Ambaye, Tise, Koregaon, Tisangi, Khed (RTG), Alsure, Shiv Budruk, Sanglat, Hedali, Shivtar, Nandgaon (Khed), Boraj, Mandva, Jamage",Maharashtra,geonames-pin
IND389001AAA,Godhra_DC (Gujarat),Godhra,Gujarat,389001,22.7204,73.6293,"Godhra Civil Lines, Godhra Vorwad, Godhra H.O, Godhra Shroff Bazar, Godhra City",Gujarat,geonames-pin
IND784168AAB,Gohpur_Central_D_1 (Assam),Gohpur,Assam,784168,26.792340000000003,93.00693,"Sonapur, Rajabari, Milanpur, Kakila Chariali, Poken No.1, Gobinda Elengisatra, Magoni, Ghogra Basti, Gohpur, Simuluguri",Assam,geonames-pin
IND636016AAA,Salem (Tamil Nadu),,Tamil Nadu,636016,11.7527,78.2899,Fairlands,Tamil Nadu,geonames-pin
IND832109AAB,Jamshedpur_Central_I_3 (Jharkhand),Jamshedpur,Jharkhand,832109,22.8449,85.9516,Adityapur Industrial Area,Jharkhand,geonames-pin
IND754202AAA,Cuttack_SliprDPP_DC (Orissa),Cuttack,Orissa,754202,20.42703333333333,85.73719999999999,"Manoharpur, Salipur MDG, Bodamundai, Sunakhandi, Chhanipur, Jignipur, Salipur College, Patapur, Sisua",Odisha,geonames-pin
IND233001AAA,Ghazipur_Kaithwal_D (Uttar Pradesh),Ghazipur,Uttar Pradesh,233001,25.7007,83.4551,"Ghazipur RS, Degree College (Ghazipur), Ghazipur City, Ghazipur H.O, Subhashnagar (Ghazipur), Markeenganj",Uttar Pradesh,geonames-pin
IND574202AAA,Puttur_Darbe_DC (Karnataka),Puttur,Karnataka,574202,12.737445454545451,75.55521818181818,"Kaimana, Mundur, Punchappady, Savanur(Puttur), Sarve, Kemminje, Shanthigodu, Darbe(Puttur), Narimogru, Mottethadka, Kudmar",Karnataka,geonames-pin
IND341505AAA,Makrana_Mwalibad_D (Rajasthan),Makrana,Rajasthan,341505,27.06687692307692,74.26976153846154,"Barwala, Manglana, Barwali, Kukrod, Makrana Rs, Makrana H.O, Bharnai, Dildhani, Jusari, Gunawati, Bursu, Makrana S.B., Jusariya",Rajasthan,geonames-pin
IND135001AAA,YamunaNagar_DC (Haryana),YamunaNagar,Haryana,135001,30.0075,77.2266,"Bhatia Nagar, Sugar Mill, Yamuna Nagar Railway Station, Model Town (Yamuna Nagar), Ram Pura Olony, Yamunanagar H.O, Mud Hut Colony",Haryana,geonames-pin
IND360510AAB,Bhanvad_Mainroad_D (Gujarat),Bhanvad,Gujarat,360510,22.257475,70.155325,"Bhenakvad, Jampar, Fot, Devalia, Chokhanda, Bharatpur, Dhebar, Mevasa, Timbadi, Sai Devalia, Rupamora, Rozivada, Rentala Kalavad, Morzar, Bhanvad, Pachhtar, Gunda, Navagam, Bhomiyavadar, Simar",Gujarat,geonames-pin
IND815353AAA,Madhupur_Sitarmrd_D (Jharkhand),Madhupur,Jharkhand,815353,24.3946652173913,86.7749,"Jagdishpur, Dhamni, Upper Bahiyar, Madhupur Bazar, Haripur Kolwa, Pathrol, Patharda, Kushmaha, Margomunda, Hussainabad, Karanjo, Kasathi, Bara Chapra, Bamangama, Bagjora, Saptar, Barawan, Burhai, Ramchandrapur, Madhupur, Charpa, Sirsa, Ojhadih",Jharkhand,geonames-pin
IND465669AAB,Narsinghgarh_Central_D_1 (Madhya Pradesh),Narsinghgarh,Madhya Pradesh,465669,23.83907142857143,76.80975,"Sawasijageer, Narmalschool, Mawasa, Chhota Bairasia, Bagwaaj, Aandalheda, Lakhanvaas, Ganiyari, Lashkarpur, Aagar, Sonkatch, Narsinghgarh, Kotra, Gangahoni",Madhya Pradesh,geonames-pin
IND605601AAA,Villupuram_Thirumtr_IP (Tamil Nadu),Villupuram,Tamil Nadu,605601,11.9843875,79.5195875,"Mundiyambakkam, Chinthamani, Orathur, Panayapuram, Thoravi, T.Mettupalayam, Ayyur Agaram, Kappiyampuliyur",Tamil Nadu,geonames-pin
IND508213AAB,Suryapet_Krishna_D (Telangana),Suryapet,Telangana,508213,17.1993,79.5185,"Bank Street (Nalgonda), K.K.Road, Suryapet H.O",Telangana,geonames-pin
IND754103AAA,Jagatsghpr_Markndpr_D (Orissa),Jagatsghpr,Orissa,754103,20.2218,86.3437,"Jagatsinghpur H.O, Svm College, Gadama",Odisha,geonames-pin
IND121102AAA,Palwal (Haryana),,Haryana,121102,28.3221875,77.35564166666667,"Baroli, Aharwan, Baghola, Alawalpur, Prithla, Siaroli, Jaindapur, Phulwari, Palwal, Asaota, Amroli, Alika, New Township Palwal, Ghori, Teekri Brahman, Jawahar Nagar Palwal, Janauli, Chirwari, Chhajju Nagar, Sihol, Dhatir, Chant, Asaoti, Rasulpur",Haryana,geonames-pin
IND515301AAA,Madakasira_RTCStand_D (Andhra Pradesh),Madakasira,Andhra Pradesh,515301,13.9521,77.2948,"Aswartharayaniroppam, Amidalagondi, Haresamudram, Madakasira, Chandakacherla, Madakasira Bazaar, Gowdanahalli, Melavoy, Zilladakunta, Yerrabommanahalli, Byagarlapalli",Andhra Pradesh,geonames-pin
IND211011AAA,Allahabad_Central_D_5 (Uttar Pradesh),Allahabad,Uttar Pradesh,211011,25.5495,81.6928,"Begumsarai, Rajrooppur, Dhoomanganj, Sulem Sarai, Umarpur Neewan",Uttar Pradesh,geonames-pin
IND600076AAB,Chennai_Madhavaram_DPC (Tamil Nadu),Chennai,Tamil Nadu,600076,13.2431,79.94,Korattur RS,Tamil Nadu,geonames-pin
IND607801AAA,Neyveli_NJVNgr_D (Tamil Nadu),Neyveli,Tamil Nadu,607801,11.6048,79.521,"Block 10,neyveli, Block 24,Neyveli, Block 1,Neyveli, Neyveli 1",Tamil Nadu,geonames-pin
IND623701AAA,Paramakudi_VagaiNgr_D (Tamil Nadu),Paramakudi,Tamil Nadu,623701,9.633718181818182,78.61003636363635,"Konnapanendal, Kumarakurichi, Munaivendri, Emaneswaram, Thelichathanallur, Regunathamadai, Vendhoni, Urapuli, T.Pudukottai, Ariyanendal, Alimadurai",Tamil Nadu,geonames-pin
IND284403AAA,Lalitpur_RjghatRd_D (Uttar Pradesh),Lalitpur,Uttar Pradesh,284403,24.690305555555558,78.5013888888889,"Dhaurra, Silgan, Birdha, Patauwa, Pali, Kalyanpura, Bant, Tera, Lalitpur Railway Station, Piprai, Jakhlaun, Bamhori Kalan, Lalitpur H.O, Jamuniya, Masaura Khurd, Baarod, Baroda-bijlaun, Burhwar, Dailwara, Jeeron, Jijyawan, Kachnadakala, Katra Bazar Lalitpur, Khiriya Chhatara, Kuantala, Niwai Nibaho, Padhna, Serwans Khurd, Siddhisagar, Ghatwar, Daoni, Satarwans, Rajwara, Mirchwara, Ronda, Chadhraoo",Uttar Pradesh,geonames-pin
IND305901AAA,Beawar_DC (Rajasthan),Beawar,Rajasthan,305901,26.16305,74.64342500000001,"Sedaria, Shahpura Mohalla( Beawar ), Sendra Road (Beawar), Nehru Nagar (Beawar), Roopnagar, Bayala, Noondri-Mendratan, Noondri-Maldev, Narbad Khera, Beawar Khas, Delwara, Jalia-i, Andheri Deori, Beawar [Raj] H.O, Malpura, Beawar R.S., Suhawa, Balad, Sarmalia, Borwa",Rajasthan,geonames-pin
IND643001AAA,Ooty_Davisdle_D (Tamil Nadu),Ooty,Tamil Nadu,643001,11.4167,76.6863,"Udagamandalam Race Course, Udagamandalam Market, St Marys Hill, Charing Cross, Udagamandalam H.O",Tamil Nadu,geonames-pin
IND535001AAA,Vizianagaram_NcsRd_DC (Andhra Pradesh),Vizianagaram,Andhra Pradesh,535001,18.1169,83.4115,"Vizianagaram Market, Vizianagaram City",Andhra Pradesh,geonames-pin
IND781003AAA,Guwahati_Chandmari (Assam),Guwahati,Assam,781003,26.2528,91.5362,"Silpukhuri, Assam Tribune",Assam,geonames-pin
IND000000AFF,Darjeeling_Hillcard_DC (West Bengal),Darjeeling,West Bengal,000000,,,,,
IND341512AAA,Parbatsar_AjmhwDPP_D (Rajasthan),Parbatsar,Rajasthan,341512,26.959404761904764,74.32158571428572,"Bassi, Mayapur, Khakharki, Bhadasiya, Banwal, Bagot, Bansed, Parbatsar, Bhakhari, Gangawa, Khanpur, Jhalara, Chitai, Dhadhota, Taparwara, Rohindi, Rabariyad, Peeplad, Neniya, Kinsariya, Khokhar",Rajasthan,geonames-pin
IND733140AAA,Gangarampr_FulbaDPP_D (West Bengal),Gangarampr,West Bengal,733140,22.27858888888889,88.3206888888889,"Pransagar, Fulbari, Mahanaj, Bandighi, Rampur (South Dinajpur), Janchi, Ramkrishnapur, Deor, Panchagram",West Bengal,geonames-pin
IND000000AET,Barpeta_ShivBari_D (Assam),Barpeta,Assam,000000,,,,,
IND785682AAA,Sivasagar_Babupaty_D (Assam),Sivasagar,Assam,785682,27.0073,94.82,"Jelengi Top, Khonamukh, Dagaon, Amtoll Chintamoni, Bhitarual, Mori Jhanji, Bhogamukh, Lahowal, Napam Bekajan, Chintamoni, Tamulichiga",Assam,geonames-pin
IND454001AAA,Dhar_Trimurti_D (Madhya Pradesh),Dhar,Madhya Pradesh,454001,22.51758823529412,75.13812647058823,"Padlia, Jetpura, Sadalpur, Kesur, Teesgaon, Anarad, Kachorada, Ahu, Nalcha, Mohanpura, Bijur, Tirla, Bagdi, Nagda, Utawad, Kherod, Tornod, Dedla, Salkanpur, Sultanpur, Palwada, Biloda, Labrawda, Kotbidhota, Chikhliya, Chilur, Dhar Collectorate, Dhar H.O, Gunawad, Gulwa, Nagora, Manasa, Kalsada, Gardawad",Madhya Pradesh,geonames-pin
IND303702AAB,Chomu_ShsmlDPP_D (Rajasthan),Chomu,Rajasthan,303702,27.16508,75.69194,"Chomu, Hadota, Khadi Bagh, Sirsali, Tankarda",Rajasthan,geonames-pin
IND500032AAA,Hyd_Chandanagar_Dc (Telangana),Hyd,Telangana,500032,17.1316,78.4112,"Manuu, Gachibowli",Telangana,geonames-pin
IND518401AAA,Nandikotkr_UmarDPP_D (Andhra Pradesh),Nandikotkr,Andhra Pradesh,518401,15.696306666666668,78.17189333333333,"Bannuru, Parumanchala, Nandikotkur, Malyala, P.Lingapuram, Tummalur, Tarturu, Tarigopula, Tangadancha, Sathanikota, N.S.C.Farm, Nandikotkur-bazar, Jutur, Ganapuram, Mandlem",Andhra Pradesh,geonames-pin
IND756032AAA,Jaleswar_NaturDPP_D (Orissa),Jaleswar,Orissa,756032,21.4898,86.917,"Nayabazar Jaleswar, Jaleswar H.O",Odisha,geonames-pin
IND600008AAC,Chennai_Egmore_DPC (Tamil Nadu),Chennai,Tamil Nadu,600008,13.0717,80.2556,"Ethiraj Salai, Egmore ND, Egmore",Tamil Nadu,geonames-pin
IND442001AAA,Wardha_RamaNgr_D (Maharashtra),Wardha,Maharashtra,442001,20.76823103448276,78.6770551724138,"Mandwa, Gopuri, Waigaon Nipani, Seloo Kate, Sukali Bai, Nalwadi, Paloti, Dahegaon Gawande, Waifad, Yelakeli, Dahegaon Miskin, MGIHU, Manas Mandir-Wardha, Wardha H.O, Sawangi Meghe, Pipri Meghe, Wardha Market, Borgaon Meghe, Paunoor, YAC Wardha, Dattapur, Indira Market-Wardha, Zadgaon Gosavi, Dahegaon Gosavi, Akoli, Anji, Talegaon Talatule, Salod Hirapur, Ramnagar-Wardha",Maharashtra,geonames-pin
IND623315AAB,Oriyur_Vllyaprm_D (Tamil Nadu),Oriyur,Tamil Nadu,623315,9.8661,78.936,"Pananchayal, Nilamalagiamangalam, Vellayapuram",Tamil Nadu,geonames-pin
IND244901AAC,Rampur_ThanaDPP_D (Uttar Pradesh),Rampur,Uttar Pradesh,244901,28.78577894736842,79.10396842105263,"Aghapur, Rampur City, Koila, Purana Ganj, Daniapur, Benazir, Patwai, Nankar, Juthia, Rampur Secretariate, Madhauli, Narkhera, Nipania, Kira, Mahu Nagar, Ajit Pur, Bakania, Bara Khas, Chamroa, Chikti Ramnagar, C.R.P. Hq, Jwala Nagar, Kakrawa, Mathuraour, M.B.Rampur, Meston Ganj, Punjab Nagar, Rampur H.O, Rawari Kalan, Roshan Bag Road, C & M Store, Khusro Bagh, Rampur Chowk, Rampur Distilliry, Tehsil Rampur, Bhot, Ialam Ganj, Civil Line Rampur",Uttar Pradesh,geonames-pin
IND261201AAB,Biswan_PatelNGR_D (Uttar Pradesh),Biswan,Uttar Pradesh,261201,27.51661923076923,80.89999230769232,"Bakahuan, Ramabhari, Sadarpur, Razakarnai, Maharaj Nagar, Bhurkunda Bazar, Shivthana, Pokhra Kalan, Bilauli Nankari, Deokaliya, Dhoukalganj, Kaimahara Kalan, Kauwa Khera, Keoty Badullah, Kotra, Manikapur, Bhinaini, Bhusna, Lashkarpur, Hasnapur, Tikra, Biswan, Gurera, Ahmedabad, Sarain, Madnapur",Uttar Pradesh,geonames-pin
IND506001AAC,Warangal_Central_D_2 (Telangana),Warangal,Telangana,506001,17.9218,79.7582,"Hanamkonda H.O, Lashkar Bazar, Subedari",Telangana,geonames-pin
IND791110AAA,Naharlagun_JmpuCntr_D (Arunachal Pradesh),Naharlagun,Arunachal Pradesh,791110,27.1257,93.7072,"Naharlagun, Model Village, Yupia",Arunachal Pradesh,geonames-pin
IND852111AAA,Simrahi_Bazar_D (Bihar),Simrahi,Bihar,852111,26.2477,86.8001,"Jhila Dumari, Phulkahi, Hulas, Haripur, Finglas, Simrahi Bazar, Sahpur Prithbi Patti, Ram Bishanpur, Radha Nagar, Jia Ram Raghopur, Narainpur",Bihar,geonames-pin
IND583201AAA,Hospet (Karnataka),,Karnataka,583201,15.1096,76.5334,"Hospet H.O, Hospet Ranipet, Ananthashayanagudi, Hospet J P Nagar, Hospet Patel Nagar",Karnataka,geonames-pin
IND365560AAB,Amreli_Rajula_DC (Gujarat),Amreli,Gujarat,365560,21.009438888888887,71.43813333333333,"Shiyalbet, Mandardi, Khakhbai, Mota-agariya, Dhareshwar, Uchaiya, Kadiyali, Barbtana, Vadli, Babriyadhar, Kherali-moti, Vavera, Rajula, Bherai, Katar, Barpatoli, Kotadi, Rampara",Gujarat,geonames-pin
IND508206AAA,Kodad_VidyaNgr_D (Telangana),Kodad,Telangana,508206,16.876,79.2009,"Chilkur, Balajinagar, Chimiryala, Shantinagar, Dwarakunta, Kodad, Gondriyala, Chanupally, Ananthagiri, Ameenabad, X Roads,Kodad, Venkatramapuram, Nallabandagudem, Thammara, Ramapuram, Redlakunta, Palavaram, Mogalaikota, Komarabanda, Singavaram",Telangana,geonames-pin
IND388121AAA,Anand_VUNagar_DC (Gujarat),Anand,Gujarat,388121,22.5333,72.9,Vithal Udyognagar,Gujarat,geonames-pin
IND465333A1B,,,Madhya Pradesh,465333,23.39751,76.6791,"Shujalpur  City, Mayapur  Mangrola, Arniya  Kalan, Rolakhedi, Bhilkhedi, Tilawadmena, Alisiriya, Raipur, Shujalpur  Mandi, Dehandi",Madhya Pradesh,geonames-pin
IND689503AAB,Manthuka_Central_D_1 (Kerala),Manthuka,Kerala,689503,9.2787,76.89237142857144,"Panangad, Kaipuzha North, Manthuka, Ulanad, Ullannur, Chenneerkara, Kulanada",Kerala,geonames-pin
IND506167AAB,Jangaon_Hanmkond_D (Telangana),Jangaon,Telangana,506167,17.9218,79.7582,Jangaon H.O,Telangana,geonames-pin
IND402107AAA,Pen_BljiMrkt_D (Maharashtra),Pen,Maharashtra,402107,18.837496153846157,73.2549923076923,"Kamarli, Kandale, Washi, Kharpale, Balavali, Tarankhop, Koproli, Vadkhal, Varsai, Ransai, Rave, Sawarsai, Shirki, Dolvi, Gadab, Sonkhar, Hamrapur, Jite, Johe, Gagode Budruk, Ambeghar, Pabal, Vadhav, Dadar, Pen, Kasu",Maharashtra,geonames-pin
IND743513AAA,Fatepur_NH117_D (West Bengal),Fatepur,West Bengal,743513,22.3024,88.2334,"Fatehpur (South 24 Parganas), Sitalatala Rajarampur, Aushberia, Banganagar, Serakole, Hasimnagar, Iyarpur, Chaluary, Pikhira, Sherpur, Jafarpur",West Bengal,geonames-pin
IND209721AAB,Chhibramau_Bhainpura_D (Uttar Pradesh),Chhibramau,Uttar Pradesh,209721,27.121417647058824,79.57014705882354,"Akbarpur, Nigoh, K. P. Banwari, Merapur Garhiya, Naugai, Jafrabad, Mighauli, Bahbalpur, Khubariapur, Nandlalpur, Khojipur, Hathin, Kasawa, Galla Mandi CBR, Bazaria Chhibramau, Chhibramau, Prempur",Uttar Pradesh,geonames-pin
IND473001AAA,Guna_HnumnDPP_D (Madhya Pradesh),Guna,Madhya Pradesh,473001,24.471822222222222,77.42711111111112,"Khejra, Haripur, Mawan, Guna H.O, Guna Bazar, Pagara, Guna Cantt, Guna Collectorate, Guna City",Madhya Pradesh,geonames-pin
IND206122AAA,Auraiya_AryaNagr_D (Uttar Pradesh),Auraiya,Uttar Pradesh,206122,26.53222083333333,79.4659625,"Burhadana, Khanpur, Panhar, Ayana, Bharsen, Auraiya H.O, Kakhaotoo, Badharipur, Narainpur (Auraiya), Sahabda, Bhaupur, Ikaurapur, Bamuripur, Sherpur Saraiya, Kudarkot, Keontra, Haidarpur, Luhiapur, Jaitapur, Kharka, Chirhuli, Sanphar, Tilak Nagar, Daulatpur",Uttar Pradesh,geonames-pin
IND676509AAA,Malappuram_Munduprm_D (Kerala),Malappuram,Kerala,676509,11.078525,76.1184,"Anakkayam, Munduparmba, Irumbuzhi, Perimbalam",Kerala,geonames-pin
IND282001AAA,Agra_Idgah_P (Uttar Pradesh),Agra,Uttar Pradesh,282001,27.062847368421057,78.07986315789474,"Taj, Tajganj, Rakabganj, Balu Ganj, Namner, P.R.R, G. L. Emporiaumi, Sarai Khawaja, 509 Command, Deori Road, Indrapuram, Idgha Colony, Hotal Clarkshiraj, Sultan Pura, Agra H.O, Agra Barrcks, Sadar Bazar (Agra), 15 Btn PAC Agra, Seola Jat",Uttar Pradesh,geonames-pin
IND580002AAA,Dharwad_Dc (Karnataka),Dharwad,Karnataka,580002,15.4287,75.0705,"Dharwad S D M E college, Dharwad Tejaswi Nagar, Dharwad Saraswatpur",Karnataka,geonames-pin
IND691305AAA,Punalur_PostofJN_D (Kerala),Punalur,Kerala,691305,8.916,76.8769,Punalur H.O,Kerala,geonames-pin
IND573116AAA,Channaraya_patna_D (Karnataka),Channaraya,Karnataka,573116,12.906370588235294,76.39774117647059,"Dindagur, Bindenahalli, Gowdagere, Adagur, Agrahara, Channarayapatna, Mattanavile, Srinivaspura, Halebelagola, Sagathavalli, Gulsinda, Gollarahosahalli, Janivara, Anekere, Nallur, Kalkere, Kumbenahalli",Karnataka,geonames-pin
IND532421AAA,Narasnpeta_HudcoDPP_D (Andhra Pradesh),Narasnpeta,Andhra Pradesh,532421,18.36808333333333,83.86065833333333,"Piruvada, Narasannapeta Market, Mabagam, Komarti, Kambakaya, Jaduru, Idulavalasa, Madapam, Narasannapeta, Makivalasa, Devadi, Satyavaram",Andhra Pradesh,geonames-pin
IND516115AAA,Rajampet_RSRoad_D (Andhra Pradesh),Rajampet,Andhra Pradesh,516115,14.2071,79.2854,"Rajampet H.O, Rajampet Rs",Andhra Pradesh,geonames-pin
IND175001AAA,Mandi_PlaceCol_D (Himachal Pradesh),Mandi,Himachal Pradesh,175001,31.703824,76.936288,"Randhara, Khaliar, Dudar, Tilli, Alathu, Pali, Nanawan, Tandu, Talyahar, Jail Road (Mandi), Mandi H.O, Mangwain Mohalla, Paddal, Purani Mandi, Sadyana, Tand Galu, Rehardhar, Padhiun, Majhwar, Kotmorse, Bijni, Tarnoh, Bari Gumanu, Bir, Drang",Himachal Pradesh,geonames-pin
IND507111AAA,Bhadrachalam_ITDARd_D (Telangana),Bhadrachalam,Telangana,507111,17.2094,80.3654,"Bhadrachalam H.O, B.R.Colony, Ramalayam",Telangana,geonames-pin
IND125033AAA,Hansi_DelRdDPP_D (Haryana),Hansi,Haryana,125033,29.10906896551724,75.9753448275862,"Kumbha, Ghirai, Kharkari, Hazampur, Puthimangal Khan, Dhani Peeranwali, Hansi City, Mehanda, Jamauri, Sindher, Mini Secretariat Hansi, Petwar, Chanot, Khokha, Garhi, Shaikhpura, Hansi, Bhatla, Kulana, Thurana, Umra, Dhana Kalan, Sultanpur, Dhana Khurd, Sorkhi, Dhanderi, Anaj Mandi Hansi, Barwala Road Hansi, T C Hansi",Haryana,geonames-pin
IND262001AAA,Pilibhit_ViksClny_D (Uttar Pradesh),Pilibhit,Uttar Pradesh,262001,28.557514285714287,79.90453714285715,"Lalauri Khera, Suhas, Station Road Pilibhit, Roopur Kamaloo, Richhaula, Piparia Agroo, Pilibhit City, Mala Colony, Baratbhoj, Sardar Nagar, Pilibhit Chowk Ndedso, Khundara, Khakra, Kanakore, Kalyanpur Khas, Gehluiya, Ganesh Ganj (Pilibhit), Gajraula Kalan, Bithora Kalan, Sarauri, Shahi, Nizamdandi, Chandoi, Jahanabad, Bhikaripur, Dalelganj, Sakhaula, Jaitpur, Maktul, Lalpur, Dang, Bahanpur, Pilibhit H.O, Pilibhit Kutchery, Khamaria Pull",Uttar Pradesh,geonames-pin
IND742202AAA,Dhulian_RatanDPP_D (West Bengal),Dhulian,West Bengal,742202,24.587455,87.95514,"Bhabanipur, Kankuria, Bahagalpur, Lalpur, Dogachi, Mahadebnagar, Ratanpur, Nayansukh, Malancha, Bhasai Paikar, Kuli, Dhuliyan, Deonapur, Momrejpur, Amtala (Mobile), Arjunpur (MurshidabB.O, Jafraganj, Chakshyapur, Tinpukuria, Anantapur",West Bengal,geonames-pin
IND203131AAA,Khurja_Pnjbiyon_D (Uttar Pradesh),Khurja,Uttar Pradesh,203131,28.302732142857145,77.99709642857144,"Bhatwara, Kalena, Raniaoli, Arniya, Bada Gaon, Bagrai  Khurd, Bichoula, Dharpa Chuhar Pur, Dinoul, Dushehra Kherli, G T Road  Khurja, Kehroula, Khurja  Chowk, Meerpur, Nagla Mahiuddinpur, Roop  Wash Pachgain, Seekri, Senda  Faridpur, Agaura  Hameerpur, Shahbaz Pur, Subhash  Road  Khurja, Surjawaly, Kirra, Jarara, Muni, Khurja H.O, Munda  Khera, Jawal",Uttar Pradesh,geonames-pin
IND561207AAB,Bagepalli_TBCross_D (Karnataka),Bagepalli,Karnataka,561207,13.509125,77.85386249999999,"Gulur, Chendur, Bagepalli, Thimmampalli, Hosahudya, Paragodu, Mallasandra, Mittemari, Nallappareddipalli, Naravalapalli, Kothakote, Yallampalli, Maraganakunte, Neerantipalli, Chenchurayanapalli, Gorthapalli",Karnataka,geonames-pin
IND712103AAA,Hoogly_Bandel_D (West Bengal),Hoogly,West Bengal,712103,22.9088,88.3967,"Pipulpati, BIKRAMNAGORE BALI, Tamlipara, Kapasdanga Roybazarcolony, Rabindranagar, Hooghly",West Bengal,geonames-pin
IND209111AAA,Pukhrayan_Arulimod_D (Uttar Pradesh),Pukhrayan,Uttar Pradesh,209111,26.35033333333333,79.84047777777778,"Pukhrayan, Gauri Karan, Akauri, Bhognipur, Haramau, Hansemau, Kachhigaon, Chowki, Saray",Uttar Pradesh,geonames-pin
IND621802AAA,Jayamkondan_Chithbrm_D (Tamil Nadu),Jayamkondan,Tamil Nadu,621802,11.1878,79.34713333333333,"Jayamkondacholapuram, Kaluvanthondi, Angarayanallur, JC Puram West, Periyavalayam, Sengunthapuram, Chinnavalayam, Kilakudiyiruppu, Karadikulam",Tamil Nadu,geonames-pin
IND123401AAB,Rewari_YuktiDPP_D (Haryana),Rewari,Haryana,123401,28.252023333333334,76.60522666666667,"Bharawas, Majra Sheoraj, Sangwari, Musepur, Bithwana, Mastapur, Jatusa R.S., Mohidinpur, Gokal Bazar Rewari, Budhpur, Dehlawas Gulabpur, Garhi Bolni, Model Town  Rewari, B B Ashram, Bikaner, Boria Kamalpur, Tehsil Road Rewari, New Anaz Mandi Rewari, Khandora, Gokalgarh, Sulkha, Karnawas, Saharanwas, Nangal Pathani, Nangli Godha, Rewari, Mohanpur, Rohrai, Majra Gurdas, Kankarwali Rewari",Haryana,geonames-pin
IND147001AAD,Patiala_GainMrkt_L (Punjab),Patiala,Punjab,147001,30.3793,76.1644,"Bahera Road Patiala, Sheran Wala Gate Patiala, Patiala H.O, Dukhniwaran Sahib, NSNIS Patiala, Civil Lines Patiala, Ragho Majra Patiala, Patiala City, Jaurian Bhattian, Medical College (Patiala), Law Court",Punjab,geonames-pin
IND247667AAA,Roorkee_Dc (Uttarakhand),Roorkee,Uttarakhand,247667,29.914396,77.92909600000002,"Sapper Bazar, Manu Bas, Marghoobpur, Training Battalian, Sohelpur Sikroda, Shanti Nagar, Saliyar, Salempur Rajputana, Roorkee Kutchery, Bharapur Bhori, Dandera Khwaspur, Ganesh Vatika, Roorkee Cantt, Ramnagar (Haridwar), I.I.T Roorkee, Kota Muradnagar, Dhanauri, Ganeshpur, Belra, Mewar Kalan, Roorkee H.O, Piran Kaliyar, Paniyala, Imalikhera, Roorkee City",Uttarakhand,geonames-pin
IND251309AAB,Budhana_Busstand_D (Uttar Pradesh),Budhana,Uttar Pradesh,251309,29.256008,77.495944,"Nagwa, Dabheri Rasulpur, Grahi Noabad, Itawa, Raipur Aterna, Budhana, Barkata, Luhsana, Hussainpur Kalan, Kamruddin Nagar, Tanda Majara, Bitawada, Reoli Nagla, Nai Abadi Budhana, Hussainabad Bhanwara, Kuralsi, Kurthal, Alipur Aterna, Garhi Sakhawatpur, Jaula, Kurawa, Toda, Loi Sarai, Mohmand Pur Rai Singh, Baroda",Uttar Pradesh,geonames-pin
IND515671AAA,Dharmavram_SaiNgr_D (Andhra Pradesh),Dharmavram,Andhra Pradesh,515671,14.46,77.9602,"Dharmavaram H.O, Dharmavaram Bazar",Andhra Pradesh,geonames-pin
IND147105AAA,Patran_MheshNGR_D (Punjab),Patran,Punjab,147105,30.0203,76.1857,"Gulhar, Taipur, Shutrana, Khanewal, Jogewal, Gurlzarpur, Duttal, Duggal, Arno, Beharjach, Daftari Wala, Kartarpur, Harayu Khurd, Patran, Shergarh, Nial",Punjab,geonames-pin
IND624101AAA,Kodaikanal_Athithnr_DC (Tamil Nadu),Kodaikanal,Tamil Nadu,624101,10.335435294117646,77.6861588235294,"Adukkam, Perumalmalai, Attuvampatti, Srinivasapuram, Prakasapuram, Vellagavi, Shenbaganur, Machur, Naidupuram, Vilpatti, Kumburvayal, Vadagounji, Melpallam, Pallangi, Palamalai, Perumpallam, Kodaikanal",Tamil Nadu,geonames-pin
IND533242AAA,Razole_Shanthi_D (Andhra Pradesh),Razole,Andhra Pradesh,533242,17.1885,82.0118,Razole H.O,Andhra Pradesh,geonames-pin
IND581320AAA,Bhatkal_KmkshBul_D (Karnataka),Bhatkal,Karnataka,581320,14.021213333333332,74.55461333333332,"Mavinkurve, Bhatkal, Bhatkal Bazar, Konar, Jali, Navayat Colony, Yelvadikavur, Marukeri, Gorte, Hadavalli, Heble, Muttolli, Hadil, Mundalli, Belke",Karnataka,geonames-pin
IND679303AAA,Sankaramangalam_Central_D_1 (Kerala),Sankaramangalam,Kerala,679303,10.8129,76.21586666666667,"Pattambi, Nhangattiri, Kolikkottusseri, Muduthala, Perumudiyur, Kodumunda, Kizhayur, Amayur, Sankaramangalam",Kerala,geonames-pin
IND803213AAA,Barh_Malahi_D (Bihar),Barh,Bihar,803213,25.42878888888889,85.62449444444445,"Tajnipur, Saksohra, Achuara, Mobarakpur, Ekdanga, Mahammadpur, Andauli, Bhatgaon, Khajurar, Barh (Patna), Chaknawada, Atnama, Barh Court, Berhana, Darveshpur, Hazipur Belaur, Masathu, Nadama Tola",Bihar,geonames-pin
IND413307AAB,Sangola_Central_DPP_2 (Maharashtra),Sangola,Maharashtra,413307,17.572635294117646,75.40788823529411,"Waki(Sangola), Junoni, Yelmarmangewadi, Akola Wasud, Watambre, Wadhegaon, Udanwadi, Shivane, Medshingi, Ekhatpur, Sangola Town (Sangola), Rajuri, Chincholi, Kamalapur, Pachegaon, Hatid, Sangola",Maharashtra,geonames-pin
IND600016AAA,Airport (Tamil Nadu),,Tamil Nadu,600016,12.9846,80.1747,"Meenambakkam, Chennai Airport, St.Thomas Mount H.O, Alandur(Reopened W.E.F.6.6.05)",Tamil Nadu,geonames-pin
IND783370AAB,Kokrajhar_HplrdDPP_D (Assam),Kokrajhar,Assam,783370,26.4567,90.2525,"Ultapani, Haloadal, Simbargaon, Shantinagar (Kokrajhar), Titaguri, Rangalikhata, Rainadabri, Kokrajhar H.O, Khargaon, Magurmari, Kashipara Bhotgaon, Bishmuri, Boro Gendrabil, Chandrapara, Daloabari, Kokrajhar Bagicha, Haltugaon",Assam,geonames-pin
IND341001AAC,Nagaur_KisanCo_D (Rajasthan),Nagaur,Rajasthan,341001,27.117388372093025,73.7966534883721,"Chawandiya, Pabusar, Daru, Sukhwasi, Bher, Bhakrod, Singar, Bhadana, Nagaur H.O, Tantwas, Alai, Panchori, Rohini, Anwaliyasar, Chau, Kalri, Kharnal, Janewa, Nagaurcity, Balaya, Bansiwala Temple, Bhadwasi, Bhundel, Chenar, Chuntisara, Datina, Deu, Ganthilasar, Gogelao, Gudhabhagwandas, Jalaniyasar, Jharisara, Jodhiyasi, Karnu, Kharikaramsota, Phirod, Sadokan, Satheran, Shyamsar, Sinod, Tankala, Tausar, Unthwaliya",Rajasthan,geonames-pin
IND573134AAB,Sakleshpur_RgvdrDPP_D (Karnataka),Sakleshpur,Karnataka,573134,12.92021875,75.85050625,"Maranahalli, Malali, Donigal, Anemahal, Hebbasale, Halebelur, Matasagara, Nidigere, Kumbaradi, Byakaravalli, Shukravarasanthe, Kyanahalli, Arekere, Kadamane, Heggadde, Sakleshpur",Karnataka,geonames-pin
IND713130AAA,Katwa_BSarani_D (West Bengal),Katwa,West Bengal,713130,23.4278,87.7677,"Katwa Station Bazar, Katwa H.O, Katwa College, Katwa Bazar, Atuhatpara",West Bengal,geonames-pin
IND335001AAA,Ganga Nagar_DC (Rajasthan),Ganga Nagar,Rajasthan,335001,29.444884,73.585208,"Rohiranwali Rathan, 15 Z, 12z, Kalian, 11 Z, Block Area, Mohanpura, Sahuwala, 10 Z, Goushala Road, Sadhuwali, Rohirawali Suthran, Mukarjee Nagar, Mandi Sriganganagar, Khatlabana, Sriganganagar H.O, Fathui, Chakbhagsar, Chak 5 E Chhoti, Chak 20 GG, 3 Y, Purani Abadi, Maderan, Sriganganagar Rs, Chak 5 Ll",Rajasthan,geonames-pin
IND364290AAA,Bhavnagar_Mahuva_DC (Gujarat),Bhavnagar,Gujarat,364290,21.550325,71.89627916666667,"Belampur, Naip, Khared, Talgajarda, Konjli, Lusdi, Madhiya, Mahuva Bazar, Rajavadar, Mahuva (Bhavnagar), Ratol, Sathra, Mota Zadra, Vaghnagar, Nana Jadra, Nesvad, Dudheri, Kumbhan, Bhadra, Gundarni, Tared, Dundas, Katpar, Mahuva Gandhibaug",Gujarat,geonames-pin
IND423105AAA,Malegaon_Rawlgaon_D (Maharashtra),Malegaon,Maharashtra,423105,20.52479411764706,74.50722352941177,"Sayne BK, Dahiwal, Vajirkheda, Ronzane, Vadgaon, Sherul, Malegaon Camp, Deoghat, Karanjgavan, Padalde, Soygaon, Khadki, Kukane, Kalwadi, Tehare, Chinchgavan, Tokade",Maharashtra,geonames-pin
IND506343AAA,Mulugu_LaxmiNGR_D (Telangana),Mulugu,Telangana,506343,17.9218,79.7582,"Bandarupalli, Inchencherupalli, Keshavapur, Madanpalli, Jakaram, Jaggannapet, Abbapur, Narsapur, Mulug",Telangana,geonames-pin
IND531163AAA,Bheemunipatnam_SaiTempl_D (Andhra Pradesh),Bheemunipatnam,Andhra Pradesh,531163,17.905691666666666,83.16409166666666,"Boyapalem, Kothaparadesipalem, Rayapalem, Boddapalem, Chepaluppada, J.V.Agraharam, Kapuluppada, INS Kalinga, Vellanki, Nerellavalasa, Peddipalem, Bheemunipatnam",Andhra Pradesh,geonames-pin
IND577432AAA,Thirthahalli_NadthiCx_D (Karnataka),Thirthahalli,Karnataka,577432,13.727099999999998,75.19500000000001,"Heggodu, Basavani, Dooravasapura, Bharathipura, Untoorkatte, Thirthahalli Town, Kuruvalli Ndt, Sankadahole, Ramakrishnapura, Seebinakere, Kadathur, Chakkodabylu, Malalur, Thirthahalli",Karnataka,geonames-pin
IND603001AAA,Chennai_Chnglptu_DC (Tamil Nadu),Chennai,Tamil Nadu,603001,12.6868,79.9648,"Chengalpattu Cutcherry, Chengalpattu Med.College, Chengalpattu H.O",Tamil Nadu,geonames-pin
IND625516AAA,Cumbum_LFRoad_D (Tamil Nadu),Cumbum,Tamil Nadu,625516,9.7365,77.2847,"Surulipatti, Kullappagoundanpatti, Karunagamuthanpatti, Gandhinagar (Cumbum), Cumbum (Theni)",Tamil Nadu,geonames-pin
IND680587AAA,Pazhayannur_AlathurRD_D (Kerala),Pazhayannur,Kerala,680587,10.665283333333331,76.42360000000001,"Kallepadam, Kumbalacode, Vadakkethara, Pazhayannur, Chelakode, Vennur",Kerala,geonames-pin
IND607001AAA,Cuddalore_KtsiGrsm_D (Tamil Nadu),Cuddalore,Tamil Nadu,607001,11.757933333333334,79.76548333333334,"Cuddalore Court Buildings, Cuddalore H.O, Manjakkuppam, Semmandalam, Fort St.David, Cuddalore Public Offices",Tamil Nadu,geonames-pin
IND202001AAB,Aligarh_KhirByps_I (Uttar Pradesh),Aligarh,Uttar Pradesh,202001,27.9165,78.06455555555556,"Industrial Area Aligarh, Aligarh H.O, Sarai Kutub, Naurangabad, Kutchery (Aligarh), Aligarh City, Bannadevi, Civil Court (Aligarh), Delhi Gate (Aligarh), D S College, Form Press, Gandhi Eye Hospital, I T I Road, Jaiganj, Madar Darwaja, Mahavir Ganj, Manik Chowk, Ramghat Road, Rasal Ganj, Sarai Khirni, Sarai Labaria, Sasni Gate, Subhash Road (Aligarh), T R M M Aligarh, Upperkot, Vishnupuri, Dodhpur",Uttar Pradesh,geonames-pin
IND483501AAA,Katni_Bargawan_DC (Madhya Pradesh),Katni,Madhya Pradesh,483501,23.82253023255814,80.33703720930232,"Kanti, Hardua, Deodongra, Ganeshpur, Majhgawan, Hathkuri, Bhadora, Kuthla, Katni H.O, Katni Collectorate, Chapna, Katni Bhatta Mohalla, Badkhera, Katni Rubber, Katni Purani Basti, Katni New Yard, Katni Bazar, Kanhwara Kalan, Basadi, Deori Hatai, Hirapur Kaudia, Jhinjhari, Juhla, Kailwara Kala, Bhainswahi, Ghughara, Bilhari, Tilgawan, Dithwara, Science College, Chaka, Katangi Kala, Nanhwara Sejha, Nigehra, Badera, Sugwan, Kailwara Khurd, Deogaon, Katni R.S., Kanhwara, Gulwara, Nitarra, Mohas",Madhya Pradesh,geonames-pin
IND388620AAB,Khambhat_MotvdDPP_D (Gujarat),Khambhat,Gujarat,388620,22.43887692307692,72.76639230769231,"Khambhat, Budhej, Metpur, Rangpur, Laxmipura, Daheda, Chitari Bazar, Lunej, Malu, Jinaj, Pith Baza- Khambhat, Shakarpur, Nagra",Gujarat,geonames-pin
IND521105AAA,HanumanJNC_VijywdRD_D (Andhra Pradesh),HanumanJNC,Andhra Pradesh,521105,16.603355555555556,80.86391111111112,"Bapulapadu, Koyyuru, Sitaramapuram, Bommuluru, Serinarasannapalem, Medicherla, Hanuman Junction, Pallerlamudi, Perikeedu Bridge",Andhra Pradesh,geonames-pin
IND574227AAA,Moodbidri_MrdiVlge_D (Karnataka),Moodbidri,Karnataka,574227,13.02107142857143,75.12217142857142,"Hosabettu, Sampige, Alangar, Vidyagiri (Moodbidri), Moodbidri, Thodar, Ashwathapura",Karnataka,geonames-pin
IND610001AAA,Thiruvarur_Bypasrd_D (Tamil Nadu),Thiruvarur,Tamil Nadu,610001,10.6797,79.53599999999999,"Tiruvarur North, Madapuram, Tiruvarur H.O, Dakshinamurthi Mutt, Meiporul Nagar, Kodikalpalayam, New Street",Tamil Nadu,geonames-pin
IND741165AAB,Nazirpur_Central_D_1 (West Bengal),Nazirpur,West Bengal,741165,23.1253,88.5469,"Goas, Gopalpur, Tarakganj, Mrigi, Rahamatpur, Topla, Amiya Narayanpur, Barbakpur, Fajil Nagar, Kishorepur, Nandanpur, Nazirpur (Nadia)",West Bengal,geonames-pin
IND422103AAC,Sinnar_Central_D_1 (Maharashtra),Sinnar,Maharashtra,422103,20.141526315789477,74.08588421052632,"Vadangli, Devpur, Konambe, Somthane, Sonambe, Pimpale, Panchale, Manegaon, Baragaonpimpri, Nimgaon (Sinnar), Lonarwadi, Tamaswadi, Mhalsakore, Madhmeshwar, Dhondbhar, Dubera, Patole, Sinnar, Thangaon",Maharashtra,geonames-pin
IND261001AAA,Sitapur_Chowk_D (Uttar Pradesh),Sitapur,Uttar Pradesh,261001,27.501938095238096,80.67697857142858,"Belgawan, Daranagar, Nai Basti (Sitapur), Ramkot, Keshavpur, 27 Bn. P.A.C., Indrauli, Tareenpur, Jar, Banzariya, Kasimpur, Imaliya Sultanpur, Humaunpur, R.P.V., Old Town (Sitapur), Naveen Mandi, Jail Road (Sitapur), Dhouremau, Vijay Laxmi Nagar, Baseti, Sitapur City, Xi Bn. P.A.C., Angarasi, Second Bn. P.A.C., Padrakha, Mainasi Saraiyan, Reseura Form, Sitapur H.O, Lilsi, Koriya Udaipur, Khagesiamau, Lohar Bagh, Avas Vikas Colony (Sitapur), Bus Stand, Eye Hospital, Neri Kalan, Mirzapur, Sahsapur, Alamnagar, Ailiya, Sitapur Kutchehry, Chinhara",Uttar Pradesh,geonames-pin
IND792103AAB,Namsai_HelipadRD_D (Arunachal Pradesh),Namsai,Arunachal Pradesh,792103,27.721858333333333,96.14414166666668,"Innao, Udaipur, Lathao, Namsai, Jaipur, Nanam, Manmao, Nampong, Kumsai, Diyun, Wingko, Piyong",Arunachal Pradesh,geonames-pin
IND515401AAB,Gooty_StatonRd_D (Andhra Pradesh),Gooty,Andhra Pradesh,515401,14.64219375,77.62478125,"Kothapeta(Gooty), Pedoddi, Isurallapalli, Gootyanantapur, Thondapadu, Pathakothacheruvu, Konganapalli, Kojjepalli, Gooty Bazaar, Jakkalacheruvu, Gollaladoddi, Gooty, Y.T.Cheruvu, Nagasamudram, Brahmanapalli, Rajapuram",Andhra Pradesh,geonames-pin
IND572201AAB,Tiptur_YTRd_D (Karnataka),Tiptur,Karnataka,572201,13.31699,76.632845,"Rangapura, HLV road, Kalkere, Halkurike, Tiptur H.O, Ramachandrapura, Halepalya, Madenur, Mathihally, Dasarighatta, Bhyranayakanahalli, Belagarahali, Echanur, Gurugadahalli, Kallegowdanapalya, Kotanayakanahalli, K R Extn Tiptur, Sarthvally, Tadasur, Tiptur Bazar",Karnataka,geonames-pin
IND505467AAA,Husnabad_Greenmkt_D (Telangana),Husnabad,Telangana,505467,18.27622142857143,79.2755142857143,"Sriramulapalli, Kachapur, Regonda, Sunderagiri, Potharam, Parveda, Pandilla, Chigurumamidi, Gouravelli, Kuchanapalli, Husnabad (Karim Nagar), Samudrala, Potlapalli, Nawabpet",Telangana,geonames-pin
IND721139AAC,Panskura_Central_D_3 (West Bengal),Panskura,West Bengal,721139,22.4042,87.7175,"Panskura, Shyam Sundar Patna, Naranda, Kishorepur, Keshapat, Jotenarayan, Gopalnagar Hat, Goleghat, Dehati, Balidangri, Bakulda, Arisanda, Dalpara, Ratulia, Uttarmechogram, Sijgeria, Patanda",West Bengal,geonames-pin
IND732103AAA,Malda_krshnPly_DC (West Bengal),Malda,West Bengal,732103,25.1367,88.0923,"Kanchantar, Rajbati Ramnagar, Kamalabari, Kajigram Chandipur, Mukdumpur, Gour, Fulbari",West Bengal,geonames-pin
IND209801AAA,Unnao_VikasRam_D (Uttar Pradesh),Unnao,Uttar Pradesh,209801,26.60736363636364,80.75013636363637,"Ahesha, Kanta Guljarpur, Shadipur, Thana, Makoor, Jawaher Nager, Collectorate Unnao, Rainapur, Parenda, Unnao H.O, Raipur Garhi (M), Sonic, Csa Colony, Chandpur Jhalaei, Ugoo, Tikargadi, Takianigohi, S.N.C., Karowan, Nawai, Jaitipur, Chamrauli, Qila, Patari, Bhauli, Tikra, Sainta, Makhi, Sarosi, Kodara Sandana, Patiyara, Aterdhani, Singrosi, Jamuka, Gauraiya Kalan, Dipwal, Deeh, Sikandarpur Sihura, Rupau, Raukarna, Poora N Pansari, Pidna, Kursath, Kesar Ganj",Uttar Pradesh,geonames-pin
IND210001AAA,Banda_GayatriN_D (Uttar Pradesh),Banda,Uttar Pradesh,210001,25.493654347826087,80.48322173913043,"Khaptiha Kalan, Jaria, Lama, Kanwara, Chhoti Bazar, Bilgaon, Paprenda, Jamalpur, Mataundh, Bansi, Mawai, Basahari, Achharaund, Badokhar Khurd, Mahokhar, Alona, Parsaunda, Gureh, Durendi, Tindwara, Pachnehi, Hathaura, Masuri, Padui, Lucktara, Goeramugli, Ganchchha, Chhenahra Lalpur, Atarahat, Badokhar Bujurg, Banda Aliganj, Banda City, Banda D.C., Banda H.O, Banda Katra, Banda Kutchery, Banda R.S., Baraimanpur, Trivedi, Chhehraon, Ajeetpur, Mohanpurwa, Paigambarpur, Jaurahi, Girwan, Manipur",Uttar Pradesh,geonames-pin
IND121004AAC,Faridabad_MohnVRTL_D (Haryana),Faridabad,Haryana,121004,28.31958695652174,77.34871739130435,"Machhgar, Dayalpur, Dhauj, Panhera Khurd, Sagarpur, Mohna, Pali, Atali, Fatehpur Billoch, Gadpuri, Faridabad Sector 3, Baroli, Chawla Colony Ballabgarh, Chhainsa, Seekri, Deeg, N.T.P.C./sector-10 Faridabad, Neemka, Jawan, Gonchhi, Fatehpur Tagga, Ballabgarh, Amarpur",Haryana,geonames-pin
IND231205AAA,Chopan_PreetDPP_D (Uttar Pradesh),Chopan,Uttar Pradesh,231205,24.483,83.02263076923077,"Newari, Chopan, Sinduria, Kargara, Bharahari, Badgaon, Kanachh, Jugail, Chatarvar, Kharhara, Kudari, Adalganj, Salkhan",Uttar Pradesh,geonames-pin
IND501401AAC,Medchal_MROoffce_D (Telangana),Medchal,Telangana,501401,17.3029,78.45079999999999,"Rajbolaram, Nutankal, Ravalkol, Dabirpur, Gowdavalli, Girmapur, Athveli, Pudur, CMR College (Kandlakoya), Medchal",Telangana,geonames-pin
IND639104AAB,Kulithalai_AnnaNGR_D (Tamil Nadu),Kulithalai,Tamil Nadu,639104,10.9482,78.3769,"Kulittalai Periyapalam, Manathattai, Kulittalai Bazaar, Kulittalai H.O",Tamil Nadu,geonames-pin
IND826001AAC,Dhanbad_Central_D_4 (Jharkhand),Dhanbad,Jharkhand,826001,23.8293,86.4719,"Dhanbad Bazar, D.S.E., Dhanbad Hirapur, Cmrs, Housing Colony, Dhanbad H.O, Manaitand, Cmpf, Naya Bazar Wasseypur",Jharkhand,geonames-pin
IND854105AAA,Katihar_Shyndco_D (Bihar),Katihar,Bihar,854105,25.5259,87.5041,"Durgapur, Katihar H.O, Katihar Rs, Katihar Bara Bazar, Katihar Colony",Bihar,geonames-pin
IND263002AAA,Nainital_Sookhtal_D (Uttarakhand),Nainital,Uttarakhand,263002,,,,,
IND531036AAA,Chodavaram_BaljiDPP_D (Andhra Pradesh),Chodavaram,Andhra Pradesh,531036,17.7963375,82.84799583333334,"Bennavolu, Damunapalle, Timmannapalem, Chettupalle, Varahapuram, Mallam, Chodavaram, Rajam, Chakipalle, Chukkapalle, Adavi Agraharam, Kandipudi, Kannapalem, Jannavaram, Gogada Kothapalle, Turuvolu, R.Sivarampuram, Pakeersahebpeta, Kandepalli, Gowripatnam, Arjunagiri, Laxmipuram, Neelakantapuram, Pedagogada",Andhra Pradesh,geonames-pin
IND516101AAA,Koduru_MGRoad_D (Andhra Pradesh),Koduru,Andhra Pradesh,516101,14.132835294117646,79.2673294117647,"Reddivaripalli, Chiyyavaram, Kodur, Upparapalli, Kodur Rs, Srinivasa Nagar, Surapurajupalli, Venkatapathiraju Kandrika, Venkata Reddy Palli, Koneti Raju Kandrika, Lakshmigari Palli, Obanapalli, Barytes Factory, Vellavari Kandrika, Buduguntapalli, Kukkala Doddi, Settigunta",Andhra Pradesh,geonames-pin
IND523105AAA,Kandukur_LICOffce_D (Andhra Pradesh),Kandukur,Andhra Pradesh,523105,15.2096,79.7173,"Kandukur South, Kandukur Cutchery, Kandukur H.O",Andhra Pradesh,geonames-pin
IND741123AAB,Chapra_NagarDPP_D (West Bengal),Chapra,West Bengal,741123,23.4827,88.52149999999999,"Bangaljhi, Hridaypur, Mahakhola, Talukhuda, Ranabanda, Pipragachhi, Padmamala, Kalyandaha, Bagberia, Dompukuria, Dakshin Bahirgachhi, Charuitipi, Charatala, Lakshmipur",West Bengal,geonames-pin
IND383001AAA,Himmatnagar_DC (Gujarat),Himmatnagar,Gujarat,383001,23.68070869565217,73.06009565217391,"Hadiol, Berna, Gadhoda, Khed, Savgadh, Vishwamangalam, Viravada, Himatnagar H.O, Jambudi, Hapa, Kankrol, Katwad, Hajipura, Himatnagar Station Road, Navalpur, Bavsar, Parabada, Agiol, Sahebapura, Pural, Chandarni, Nava, Tajpuri",Gujarat,geonames-pin
IND562117AAA,Kanakapura_VaniThtr_D (Karnataka),Kanakapura,Karnataka,562117,12.598376190476191,77.28704761904763,"Kallahalli, Kanakapura, Chikkamuduvadi, Ganalu, Horalagallu, Tungani, Yadamaranahalli, Marlebekuppe, Marale, Kottagalu, Kanakapura Bazar, H.Kothanuru, Helagahalli, Kurupet, Torebekuppe, Alahalli, Achalu, Shivanahalli, Narayanapura, Venkatarayanadoddi, Malgal",Karnataka,geonames-pin
IND122001AAJ,Mahbubabad_Yellanda_D (Telangana),Mahbubabad,Telangana,122001,28.418000000000003,76.9839,"Gurgaon Kty., Khandsa Road, Urban Estate (Gurgaon), Arjun Nagar, Gurgaon H.O, Gurgaon South City I, New Colony (Gurgaon), Gurgaon Sector 17, Mini Sectt., Basai Road, Shivaji Nagar (Gurgaon)",Haryana,geonames-pin
IND624202AAA,Batlagundu_RTOofice_D (Tamil Nadu),Batlagundu,Tamil Nadu,624202,10.322,77.85800625,"Mallanampatti, Viralipatti, Yeluvanampatti, Venkatasrikottai, Kumbaraiyur, Kanavoipatti, Nuthalapuram, G.Thummalapatti, Kattakamanpatti, Kuzhipatti, Batlagundu, Pulathur, Reddiapatti, Poosaripatti, Batlagundu Bazar, Old Batlagundu",Tamil Nadu,geonames-pin
IND784001AAA,Tezpur_Mhbhirab_D (Assam),Tezpur,Assam,784001,26.78233333333333,92.8576,"Tezpur H.O, Hazarapar, Sonitpur, Mahabhairab, Kacharigaon, Tezpur Bazar",Assam,geonames-pin
IND305601AAC,Nasirabad_Central_DPP_2 (Rajasthan),Nasirabad,Rajasthan,305601,26.25969333333333,74.81559999999999,"Nasirabad H.O, Goyla, Shokalia, Bhagawant Pura, Derathu, Asha Pura, Bhatiyani, Arwar, Sanod, Dhal, Sarana, Lawera, Dilwara, Loharwara, Motipura",Rajasthan,geonames-pin
IND345021AAA,Pokhran_SttinDPP_D (Rajasthan),Pokhran,Rajasthan,345021,27.00675,71.19330555555557,"Modardi, Chowk, Dadhu, Jhabra, Gomat, Baghthal, Bamnu, Barath Ka Gaon, Pokaran City, Padroda, Jhalaria, Mandla, Nathusar, Pokaran, Ujlan, Kelawa, Lawan, Ratariya",Rajasthan,geonames-pin
IND277211AAA,Sahatwar_PnchmDPP_D (Uttar Pradesh),Sahatwar,Uttar Pradesh,277211,25.82721111111111,84.2953888888889,"Dumariya, Chnd Pur, Rohuan, Sahatwar, Kusaura, Puras, Bigahi, Binaha, Bisauli",Uttar Pradesh,geonames-pin
IND723101AAA,Purulia_GariDPP_D (West Bengal),Purulia,West Bengal,723101,23.2774,86.4183,"Purulia H.O, Purulia R.S., Chowkbazar (Puruliya), Jubli Compound, Alangidanga",West Bengal,geonames-pin
IND814133AAA,Godda_PushPlza_D (Jharkhand),Godda,Jharkhand,814133,24.82818888888889,87.23841111111112,"Lohbandha, Simarda, Hilaway, Amlo, Fasia, Gumma, Ghatkusmani, Gandhigram, Sarba, Saidapur, Ramla Dikwani, Nepura, Motiya Dumariya, Malrampur, Ghatdumariya, Deobandha, Malini, Makhni, Latauna, Lukluki, Kouribahiar, Khatnai, Jaminipaharpur, Haripur Gorbana, Gangtaklan, Chapri, Motia, Dubrajpur, Mohanpur, Godda College, Baksara, Pathra, Godda, Basantpur, Korkaghat, Maheshpur",Jharkhand,geonames-pin
IND425201AAA,Bhusawal_Samarth_D (Maharashtra),Bhusawal,Maharashtra,425201,21.0429,75.7393,"Sakegaon, Bhusawal Kutchery, Bhusawal Shivaji Nagar, Bhusawal H.O, Bhusawal Athawade Bazar",Maharashtra,geonames-pin
IND571430AAA,Malavalli_SulthnRd_D (Karnataka),Malavalli,Karnataka,571430,12.567764705882354,76.87591176470588,"Settihalli, Dugganahalli, Chottanahalli, Kundur, Malavalli, Madahalli, Nidaghatta, Sivasamudram, Hebbani, Gajanur, Ragibommanahalli, Malavalli Extn, Kandegala, Netkallu, Nelamakanahalli, Dasanadoddi, Talagavadi",Karnataka,geonames-pin
IND176110AAB,Sujanpur_SainkSCL_D (Himachal Pradesh),Sujanpur,Himachal Pradesh,176110,31.860683333333338,76.4903,"Sujanpur Tira, Charot, Kanerar, Bir Bagehra, Tira, Thana",Himachal Pradesh,geonames-pin
IND621010AAA,Thuraiyur_Mthrapuri_D (Tamil Nadu),Thuraiyur,Tamil Nadu,621010,11.2554,78.4921,"Turaiyur H.O, Turaiyur Bus Stand, Turaiyur Extension",Tamil Nadu,geonames-pin
IND764020AAC,Koraput_GhtimDPP_D (Orissa),Koraput,Orissa,764020,18.9973,83.0688,"Koraput H.O, Koraput Collectorate",Odisha,geonames-pin
IND305624AAA,Bijainagar_Central_DPP_1 (Rajasthan),Bijainagar,Rajasthan,305624,25.9799,74.70980909090909,"Bijainagar, Sathana, Singhawal, Barali, Ekal Singha, Baral, Shikhrani, Doulatpura, Badi, Nimera, Ratakot",Rajasthan,geonames-pin
IND000000ABG,Hyderabad_Bownplly_C (Telangana),Hyderabad,Telangana,000000,,,,,
IND781335AAA,Nalbari_Bhgtpura_D (Assam),Nalbari,Assam,781335,26.3796,91.2951,"Bidyapur, Khatabari, Nalbari H.O",Assam,geonames-pin
IND395001AAA,Surat_Central_D_9 (Gujarat),Surat,Gujarat,395001,21.2623,73.0694,"Athwalines, Gopipura, Govt. Medical College, Nanpura H.O",Gujarat,geonames-pin
IND401209AAA,Mumbai_Virar_DC (Maharashtra),Mumbai,Maharashtra,401209,19.36,73.3279,Nallosapare E,Maharashtra,geonames-pin
IND712410AAC,Tarkeshwar_Naraynpr_D (West Bengal),Tarkeshwar,West Bengal,712410,22.91775,88.05384230769232,"Gotan, Amarpur, Jamdara, Ketera, Talpur, Muidipur, Bishnupur, Sainta, Samserpur, Shyampur, Teghari, Kashipur, Chaulpatty, Madpur, Rasulpur, Bhata, Bhangamora, Baligori, Baidyapur Shibtala, Kumrul, Tarakeswar Math, Soaluk, Duttapur, Tarakeswar, Keshabchak, Ramnagar",West Bengal,geonames-pin
IND504293AAA,Asifabad_PaikjNGR_D (Telangana),Asifabad,Telangana,504293,19.529715384615383,78.57668461538461,"Kannergaon, Kerameri, Burguda, Babapur, Modi, Movad, Asifabad, Goyagaon, Gundi, Yellaram, Surdapur, Ada, Devapur",Telangana,geonames-pin
IND758001AAA,Kendujhar_Sirjudin_D (Orissa),Kendujhar,Orissa,758001,21.5371,85.7051,"Keonjhargarh H.O, Madhapur, Keonjhar Court, Keonjhar Mining School, Keonjhar Science College, Keonjhar New Markt",Odisha,geonames-pin
IND502220AAC,Zahirabad_Mohim_D (Telangana),Zahirabad,Telangana,502220,17.9554,78.2569,Zaheerabad H.O,Telangana,geonames-pin
IND793150AAA,Jowai_Ldthlabh_D (Meghalaya),Jowai,Meghalaya,793150,25.458704166666667,92.2843875,"Nongryngkoh, Yalang BO, Mawkaiaw, Nongbah, Sohmynting, Mupyut, Mihmyntdu, Mustem, Iawthymmai, Yooksi, Raliang, Trangblang, Kyndong Tuber, Mawkyndeng, Thangrain, Thadmuthlong, Sahsniang, Pdengshakap, Barato, Jarain, Mynso, Laskein, Shangpung, Jowai",Meghalaya,geonames-pin
IND576201AAA,Kundapura_DC (Karnataka),Kundapura,Karnataka,576201,13.6738,74.792,"Kundapura H.O, Gandhi-maidan, Kundapura Market",Karnataka,geonames-pin
IND785690AAB,Sonari_Central_DPP_1 (Assam),Sonari,Assam,785690,27.024600000000003,95.0163,"Aideopukhuri, Bekadolong, Bengenabari, Namtola, Teokghat, Sonari (Sibsagar)",Assam,geonames-pin
IND152024AAA,Jalalabad_Muktsar_D (Punjab),Jalalabad,Punjab,152024,30.9492,74.7637,"Ghubaya, Dhandi Qadim, Jalalabad (T), Bagge Ke Uttar, Pakka Kale Wala, Panje Ke Uttar, Ladhuwala Uttar, Chak Gulam Rasool Wala, Amir Khas, Jiwan Araian, Bahamni Wala, Lamochar Kalan, Jalalabad (W), Bsf Campus Chak Araian, Chak Saidoke",Punjab,geonames-pin
IND221401AAA,Bhadohi_Rajpura_D (Uttar Pradesh),Bhadohi,Uttar Pradesh,221401,25.391875,82.59885,"Katra Bazar (Varanasi), Bhadohi, Pipris, Sarroi, Uchetha, Asanao Bazar, Munsiladpur, Raya",Uttar Pradesh,geonames-pin
IND321001AAA,Bharatpur_DC (Rajasthan),Bharatpur,Rajasthan,321001,27.174988888888887,77.59110370370371,"Anahgatebharatpur, Undra, Chiksana, Bharatpur Agency, Sunari, Aghapur, Khemra, Bharatpur H.O, Tuhiya, Sogar, Ghusiyari, Malah, Bachhamdi Noh, Behnera, Forest Lodge, Ikran, Chichana, Barso, Gopalgarh BTP, Kotwalibharatpur, Ranjeet Nagar BTP, Mathura Gate BTP, Bharatpur City, Kumhergate BTP, Krishna Colony BTP, New Mandi BTP, Collectorate BTP",Rajasthan,geonames-pin
IND342601AAA,Piparcity_BsstdDPP_D (Rajasthan),Piparcity,Rajasthan,342601,26.664125,73.001995,"Hariyadhana, Siyara, Sindhipura, Khawaspura, Madaliya, Bhagasani, Buchakallan, Chirdani, Chodhan, Chokari Kallan, Nanan, Pipar Chopra Bazar, Ramaniyana, Ransi Gaon, Riyan, Sambhariya, Kosana, Khejarla, Pipar, Sathin",Rajasthan,geonames-pin
IND571438AAB,Srirangapatna_Bburynkpl_D (Karnataka),Srirangapatna,Karnataka,571438,12.6397,76.7928,Srirangapatna H.O,Karnataka,geonames-pin
IND628204AAA,Tirchchndr_Shnmgprm_D (Tamil Nadu),Tirchchndr,Tamil Nadu,628204,8.5714,78.1199,"Kayalpatnam Bazaar, Kayalpatnam",Tamil Nadu,geonames-pin
IND733129AAB,Kaliyaganj_Central_DPP_1 (West Bengal),Kaliyaganj,West Bengal,733129,25.86979090909091,88.16595,"Mudafat, Baghan, Kaliyaganj Collegepara, Raghunathpur, Radhikapur, Faridpur, Manoharpur, Malgaon, Tamchari Mathbari, Tarangapur, Tungail Bilpara, Puria, Madhabpur, Bhelai, Bhanail, Krishnabati, Dhankoil Hat, Kunor, Dalimgaon, Mahendraganj (North Dinajpur), Kaliyaganj, Akhanagar",West Bengal,geonames-pin
IND792001AAA,Tezu_Farmnala_D (Arunachal Pradesh),Tezu,Arunachal Pradesh,792001,27.9126,96.1288,"Tezu, Tindolong, Gohaingaon, Danglat, Changliang, Lohitpur, Loiliang, Tafragam, Tezu Govt. College",Arunachal Pradesh,geonames-pin
IND803116AAA,Rajgir_PnditNGR_D (Bihar),Rajgir,Bihar,803116,25.170394736842105,85.43605789473685,"Molanadih, Sirhari, Laranpur, Lahuar, Rajgir, Sithaura, Pathraura, Nahub, Veerayatan, Goror, Nimthu, Suhawanpur, Rajgir Kund, Barnausha, Nekpur, Karubigha, Meyar, Molanachak, Mukhtarganj",Bihar,geonames-pin
IND282001AAC,Agra_Idgah_L (Uttar Pradesh),Agra,Uttar Pradesh,282001,27.062847368421057,78.07986315789474,"Taj, Tajganj, Rakabganj, Balu Ganj, Namner, P.R.R, G. L. Emporiaumi, Sarai Khawaja, 509 Command, Deori Road, Indrapuram, Idgha Colony, Hotal Clarkshiraj, Sultan Pura, Agra H.O, Agra Barrcks, Sadar Bazar (Agra), 15 Btn PAC Agra, Seola Jat",Uttar Pradesh,geonames-pin
IND305404AAA,Kekri_LxmntDPP_D (Rajasthan),Kekri,Rajasthan,305404,25.931315384615385,75.07937692307692,"Sarsari, Ajgara, Kerot, Mevada Kalan, MEWADAKHURD, Sunpa, Pharkia, Bharai, Jetpura, Pranhera, Rampali, Kekri, Sanpla",Rajasthan,geonames-pin
IND250611AAA,Baraut_SrnprHwy_D (Uttar Pradesh),Baraut,Uttar Pradesh,250611,29.10714814814815,77.30052222222223,"Jaunmana, Audhapur, Baraut H.O, Chaubli, Dohja, Kotana, Nai Mandi Baraut, Nehru Rd. Baraut, Rajpur Khampur, Sadiqpur Sinoli, Shahpur Banoli, Teodhi, Alwalpur, Malakpur, Dhanaura Silver Nagar, Budhera, Dhikana, Shikohpur, Hilwari, Barawad, Khwaja Nagla, Lohadda, Gandhi Chowk Baraut, Gurana, Bazidpur, Luhari, Barka",Uttar Pradesh,geonames-pin
IND493118AAC,Bhatpara_TrengaRD_D (Chhattisgarh),Bhatpara,Chhattisgarh,493118,21.294694736842104,81.82373157894737,"Gurra, Kodwa, Bijradih, Karhi Bazar, Bhatapara Sadar Bazar, Sikari Kesli, Borsi, Dhaneli, Mopka, Koliha, Tarenga, Singarpur, Bitkuli, Datrengi, Jaraud, Nipania R.S, Bhatapara, Rohra, Deori",Chhattisgarh,geonames-pin
IND577535AAC,Molakalmuru_KnsgraRD_D (Karnataka),Molakalmuru,Karnataka,577535,14.40975,76.60733,"Rayapura, Byrapura, Molakalmuru, Hangal, Tumkurlahalli, Chikkobanahally, Chikkerahally, Hirekerehally, Nagasamudra, Siddapura",Karnataka,geonames-pin
IND362220AAA,Junagadh_keshod_DC (Gujarat),Junagadh,Gujarat,362220,21.338142857142856,70.18511904761904,"Keshod, Panchala, Osa, Simrolibava, Keshod Aerodrome, Balagam, Motighansari, Akhodad So, Padodar, Movana, Sandha, Khamidana, Char, Divrana, Fulrama, Nanighansari, Khirsara Ghed, Bhatsimroli, Chandigadh, Pipli, Nunarda",Gujarat,geonames-pin
IND410401AAA,Lonavala_NngrgnRd_D (Maharashtra),Lonavala,Maharashtra,410401,18.7528,73.4057,"Lonavala Bazar, Ambavane, Kusgaon BK, Lonavala",Maharashtra,geonames-pin
IND670643AAA,Kuthuparamba_IdstrlAr_D (Kerala),Kuthuparamba,Kerala,670643,11.8408,75.6093,"Kuthuparamba, Kottayam Malabar, Sankaranellur, Mangattidam, Mooriyad, Pachapoika, Manantheri, Ayithara Mambram",Kerala,geonames-pin
IND244221AAA,Amroha_SamitiRd_D (Uttar Pradesh),Amroha,Uttar Pradesh,244221,28.89875333333333,78.47911333333333,"Gajana, Kailsa, Papsara, Gularia, Jalajpur Dhana, Mundha Khera, Nanhera Aliarpur, Qazi Sarai Urf Kankar Sarai, Amroha Shahi Chabutra, Bahadur Pur Khurd, Hajarpur Jamania, Amroha H.O, Amroha Bazar, Telipurmali, Buderna",Uttar Pradesh,geonames-pin
IND363421AAB,Limbdi_Busstand_D (Gujarat),Limbdi,Gujarat,363421,22.552604761904764,71.8666,"Limbdi, Bhoika, Gedi, Jambu, Vanala, Raska, Untadi, Tuva, Tokrala, Sauka, Motatimbla, Choki, Chachana, Bhathan, Bhalgamda, Ankevaliya, Katariya, Vadod, Baldana, Borna, Samla",Gujarat,geonames-pin
IND385320AAA,Bhabhar_TirupDPP_D (Gujarat),Bhabhar,Gujarat,385320,24.0716,71.5974,"Barwala, Garambadi, Jasanwada, Soneth, Madhpura, Suthar Nesdi, Dhrechana, Balodhan, Chembuva, Eta, Kuvala, Mitha, Morwada, Radka, Ruvel, Tanvad, Uchosan, Ujjanwada, Undai, Vajapur Juna, Varasada, Terwada, Runi, Chatra, Katav, Bhabhar",Gujarat,geonames-pin
IND518124AAA,Bngnpalle_Enkndla_D (Andhra Pradesh),Bngnpalle,Andhra Pradesh,518124,15.330228571428572,78.30460476190476,"Krishnagiri, Mittapalle, Venkatapuram, Tellapuri, Yerragudi, Kypa, Meerapuram, Lingambodu, Banaganapalle, G.Singavaram, Yanakandla, Gollagutta, Katikavanikunta, Appalapuram, Banaganapalle South, Pathapadu, Tangatur, Tamballapalle, Yagantipalle, Mangampeta, Nandavaram",Andhra Pradesh,geonames-pin
IND423106AAA,Manmad_Malegaon_D (Maharashtra),Manmad,Maharashtra,423106,20.31019523809524,74.33762857142857,"Borale, Bhalur, Vadali BK, Dheku KH, Girnadam, Mohegaon, Jamdhari, Wakhari, Mandwad, Pokhari, Hiswal BK, Savargaon, Bangaon, Bolthan, Jategaon, Kasari, Vehelgaon, Sakore, Kalamdari, Hiswal KH, Nandgaon",Maharashtra,geonames-pin
IND312403AAA,BariSadri_BhmprDPP_D (Rajasthan),BariSadri,Rajasthan,312403,24.947433333333333,74.698175,"Satola, Kiratpura, Parsoli, Laxmipura, Manpura Jagir, Munjwa, Ratichandjikakhera, Bhatoli Brahmnan, Jarkhana, Barisadari, Khardeola, Karju",Rajasthan,geonames-pin
IND124001AAB,Rohtak (Haryana),,Haryana,124001,28.8917,76.6118,"Medical College (Rohtak), M.D. University Rohtak, Rohtak Sector I, DLF Colony Rohtak, Model Town (Rohtak), Rohtak Town, Gandhi Camp, Bus Stand, Hissar Road Rohtak, Janta Colony Rohtak, Jhajjar Road Rohtak, Shivaji Colony, Rohtak H.O, Gohana Road (Rohtak)",Haryana,geonames-pin
IND322201AAA,Gangapur_Ward6DPP_D (Rajasthan),Gangapur,Rajasthan,322201,26.4588,76.63959444444444,"Bucholai, Ahmadpur, Krishi Upaj Mandi Gangapur, Sumel, Lalpur Umri, Udaikalan, Khoontala, Talawada, Nogaon, Gangapur H.O, Amargarh Chaur, Baman Baroda, Gangapur Bazar, Railway Colony Gangapur, New Mandi Gangapur, Koyla, Kunkata Kalan, Badhkalan",Rajasthan,geonames-pin
IND222125AAB,Badlapur_Bhaluahi_D (Uttar Pradesh),Badlapur,Uttar Pradesh,222125,25.87219444444445,82.46433888888889,"Pyareypur Bijhawat, Badlapur, Jamaupatti, Rajabazar, Newada Mukhalispur, Mirsahdpur, Medha, Tiara, Sarai Durgadas, Dhema, Udpur Ghelhawa, Umari, Muradpur, Bangaonpatti, Gaddopur, Shahpur, Kuhi Kalan, Meerapur Kewal",Uttar Pradesh,geonames-pin
IND733102AAA,Balurghat_AkhirDPP_D (West Bengal),Balurghat,West Bengal,733102,24.7066,87.8967,"Gofanagar, Jalghar, Kuaran, Barakashipur, Bharila, Dakra, Rajua, Chakvrigu, Bhatra, Radhanagar, Khaspur",West Bengal,geonames-pin
IND785112AAC,Teok_Wardno3_D (Assam),Teok,Assam,785112,26.832,94.4165,"Mudoijan Tiniali, Jogduar, Bejorchiga, Jakharia, Ouguri Missing, Teok Rajabari, Jhanjimukh, Koliapani, Bormathauri, Majkuri, Teok, Boloma, Jogduar Sonari, Dulakhoria, Uttar Dulia",Assam,geonames-pin
IND360575AAA,Porbandar_DC (Gujarat),Porbandar,Gujarat,360575,21.61,69.6824,"Porbandar Manek Chowk, Porbandar H.O, Porbandar Mill Pura, Porbandar Hanuman Gufa, Porbandar Bhojeshwar, Porbandar M G Road, Porbandar Chhaya Plot",Gujarat,geonames-pin
IND577201AAA,Shimoga_DC (Karnataka),Shimoga,Karnataka,577201,14.0147,75.4016,"Shimoga Railway Station, Shimoga H.O, Shimoga District Office, Ravindranagr-shimoga, Shimoga Ambedkarnagar",Karnataka,geonames-pin
IND673592AAA,SultnBthry_Kollgpra_D (Kerala),SultnBthry,Kerala,673592,11.679994736842104,76.2618,"Chedalath, Thovari Mala, Beenachi, Kidanganad, Moodakolli, Moolan Kavu, Sulthan Bathery East, Valluvadi, Poomulla, Pazhupathur, Sulthan Bathery, Muthanga, Pambra, Kuppadi, Naiketty, Nenmeni, Nulpuzha, Vakeri, Chulliote",Kerala,geonames-pin
IND621306AAA,Manapparai_BypassRd_D (Tamil Nadu),Manapparai,Tamil Nadu,621306,10.64202,78.39698999999999,"Padiripatti, Alipatti, Manaparai, Poigaipatti, Pothamettupatti, Muthapudayanpatti, K.Periyapatti, Pannankombu, Sevalur, Andavarkovil",Tamil Nadu,geonames-pin
IND134109AAA,Chandigarh_Panchkula (Chandigarh),Chandigarh,Chandigarh,134109,30.7987,76.9182,"Panchkula Sector 8, Suketri, Devi Nagar, Railly",Haryana,geonames-pin
IND148028AAA,Sunam_DC (Punjab),Sunam,Punjab,148028,30.15062,75.83155000000001,"Bakshiwala, Sunam City, Khadial, Jakhepal, Nilowal, Kanakwal Bhanguan, Kotra Amru, Chathe Roti Ram, Dharamgarh, Sunam",Punjab,geonames-pin
IND471001AAA,Chhatarpur_Busstand_D (Madhya Pradesh),Chhatarpur,Madhya Pradesh,471001,24.840777777777777,79.65737777777778,"Chhatarpur H.O, Niwari, Kalani, Pannanaka Chhatarpur, Chhatarpur CB, Bagouta, Gatheora, Dhadari, Saura",Madhya Pradesh,geonames-pin
IND431107AAB,Paithan_SantaNGR_D (Maharashtra),Paithan,Maharashtra,431107,19.95985,75.2946,"Dawarwadi, Changatpuri, Nander, Rahatgaon, Harshi, Wadwali, Apegaon, Paithan",Maharashtra,geonames-pin
IND625106AAA,Melur_MduraiRD_D (Tamil Nadu),Melur,Tamil Nadu,625106,10.0188,78.33468181818182,"Navinipatti, Pudusukkampatti, Arittapatti, Kallampatti, Kilaiyur, Pathinettangudi, Suragundu, Melur East, Karuthapuliyanpatti, Kottagudi, Melur (Madurai)",Tamil Nadu,geonames-pin
IND458664AAA,Neemuch_KarjuDPP_D (Madhya Pradesh),Neemuch,Madhya Pradesh,458664,24.279484615384614,75.61371538461539,"Balaguda, Bahi Parshwanath, Soni, Kachria Chandrawat, Semali, Devari, Kanghatti, Lunaheda, Botalganj, Munderi, Lasudia Rathor, Piplia, Barkheda Panth",Madhya Pradesh,geonames-pin
IND626123AAA,Sivakasi_Msstreet_DC (Tamil Nadu),Sivakasi,Tamil Nadu,626123,9.4867,77.8778,"Sivakasi H.O, Sivakasi Bazzar, Sivakasi Bus Stand, Sivakasi R S",Tamil Nadu,geonames-pin
IND841424AAA,Chhapra_Prbhunth_D (Bihar),Chhapra,Bihar,841424,25.93123333333333,84.84894444444444,"Rajdhani, Pokhrera, Bhagwatpur, Lauwa, Dumri, Bhorha, Ardewa, Pachbhinda, Taraiya, Gawandri, Ushri Chandrapura, Bhatgai, Parauna, Moreya, Rampur Rudra, Bhalua Bhikhari, Pachraur, Belhari",Bihar,geonames-pin
IND532440AAA,Palakonda_VadaiDPP_D (Andhra Pradesh),Palakonda,Andhra Pradesh,532440,18.58839375,83.742025,"Adavaram, Sankili, Palakonda, Vatapagu, Devudala, Aradali, Bhasuru, Kondapuram, Voni, Bukkuru, Regidi, Komiri, Purli, Pedakotipalli, Gottamangalapuram, Tampatapalli",Andhra Pradesh,geonames-pin
IND583119AAA,Sandur_WrdN1DPP_D (Karnataka),Sandur,Karnataka,583119,15.0426875,76.3979125,"Nandihalli, Dawlatpur, Taranagar, Lakshmipura Sandur, Bhujanganagar, Krishna Nagar, Sushilanagar, Sandur",Karnataka,geonames-pin
IND532222AAA,Palasa_Central_DPP_1 (Andhra Pradesh),Palasa,Andhra Pradesh,532222,18.6518,84.24938,"Kasibugga (Srikakulam), Dokulapadu, Vajrapukotturu, Laxmidevipeta, Nagarampalli, Garudabhadra, Pallisaradhi, Chinabadam, Anthrakudda, Boddapadu",Andhra Pradesh,geonames-pin
IND584123AAA,Manvi_APMCYard_D (Karnataka),Manvi,Karnataka,584123,16.07405625,76.9017,"Aldhal, Janekal, Harvi, Manvi, Kardigudda, Gudadinni, Rabbanakal, Mustoor, Byagawat, Chickalparvi, Hirekottanakal, Konapur Pet, Korvi, Madlapur, Malladagudda, Nakkunda",Karnataka,geonames-pin
IND333001AAA,Jhunjhunu_DC (Rajasthan),Jhunjhunu,Rajasthan,333001,28.03200769230769,75.31696923076923,"Khatehpura, Indali, Abusar, Bhurasar, Hamiri, Nand, Udas, Nayasar, Bakara, Lootu, Shinshiya, Churella, Footla Bazar, Gandhi Chowk Jhunjhunu, Jhunjhunu Bazar, Kolinda, Paratappura, Purohitonki Dhani, Samsapur, Shekhasar, Jhunjhunu City, Jhunjhunu H.O, Jhunjhunu Court, Patusari, Hansasar, Bhimsar",Rajasthan,geonames-pin
IND221010AAB,Varanasi_MahmurGj_IP (Uttar Pradesh),Varanasi,Uttar Pradesh,221010,25.3076,82.9933,"Gdk, H.P.S., Nagar Maha Palika, Mahmoorganj, Khojwa Bazar, Belpco, Luxa, Kamachha, Aurangabad (Varanasi), Sigra, Bhelupura",Uttar Pradesh,geonames-pin
IND486889AAA,Singrauli_Ward8DPP_D (Madhya Pradesh),Singrauli,Madhya Pradesh,486889,24.208475,82.48689999999999,"Churkee, Singrauli Colliery, Jhingurdah, Singrauli R.S.",Madhya Pradesh,geonames-pin
IND732139AAA,Samsi_RatuaDPP_D (West Bengal),Samsi,West Bengal,732139,25.324906666666667,87.95240666666668,"Jitarpur, Kandaran, Sripur, Sonarai, Gangadevi, Samsi, Kashimpur, Amarsinghi, Baldiapukur, Batna, Bhado, Chandmoni, Chorolmoni, Damaipur, Karbona",West Bengal,geonames-pin
IND382721AAA,Gandhinagar_Kalol_DC (Gujarat),Gandhinagar,Gujarat,382721,23.2529,72.6986,"Santej, Khatraj I E, Kalol Society Area, Jethlaj, Bhoyan  Moti, Vadsar, Borisana, Vadsar Air Force, Kalol Gandhi Road, Serisa, Piyaj, Ramnagar, Kalol H.O, Balva, Hajipur",Gujarat,geonames-pin
IND723133AAA,Rghunthpur_barkarRd_D (West Bengal),Rghunthpur,West Bengal,723133,23.4704,86.49880555555556,"Santuri, Nutandih, Raghunathpur (Puruliya), Gorsika, Marbedia, Madhutati, Upansankra, Tarabari, Rakshatpur, Raibandh, Nildih, Naragoria, Mangalda, Gunera, Godibera, Bhurkundabari, Babugram, Agaibari",West Bengal,geonames-pin
IND518102AAA,Srisailam_Sishumdr_D (Andhra Pradesh),Srisailam,Andhra Pradesh,518102,16.0722,78.8682,S.S.Dam East,Andhra Pradesh,geonames-pin
IND741121AAA,Badkulla_Central_DPP_1 (West Bengal),Badkulla,West Bengal,741121,23.46228888888889,88.52284444444444,"Bhaduri, Boalia, Chandra, Arbandi, Mamjaon, Bapukinagar, Khamarshumulia, Chandandaha, Badkulla",West Bengal,geonames-pin
IND854335AAA,Narpatganj_Central_DPP_1 (Bihar),Narpatganj,Bihar,854335,26.087681818181817,87.29322727272728,"Rajganj, Narpatganj, Madhura, Khagra, Mirdaul, Barhara, Gokhlapur, Bhagwa Deviganj, Pithotra, Nathpur, Fatehpur",Bihar,geonames-pin
IND574104AAA,Karkala_MarketRd_D (Karnataka),Karkala,Karnataka,574104,13.3342,75.0417,"Karkala Bazar, Karkala West, Hiriangady, Karkala H.O",Karnataka,geonames-pin
IND343001AAA,Jalore_RoopNgr_D (Rajasthan),Jalore,Rajasthan,343001,25.2918,72.8598,"Samtipura, Jalore V.D.C., Unn, Rewatra, Veerana, Bhagli Sindhlan, Chawarcha, Jalore H.O, Keshwana, Alasan, Leta, Meda Uparla, Safada, Sankarna, Thawla, Harji",Rajasthan,geonames-pin
IND624601AAA,Palani_RjndraRd_D (Tamil Nadu),Palani,Tamil Nadu,624601,10.4656,77.7684,"Palani R.S, Palani East, Palani H.O, Palani Bazaar, Palani Devastanam, Palani West",Tamil Nadu,geonames-pin
IND125050AAA,Fatehabad_SirsaDPP_D (Haryana),Fatehabad,Haryana,125050,29.497416,75.452832,"Kukranwali, Dhani Majra, Bighar, Bhuthan Kalan, Khairati Khera, Munawali, Karnoli, Ahlisadar, Ratta Tibba, Thori, Jhalnia, Hajrawan Khurd, Banwali, Hajrawan Kalan, Gillan Khera, Fatehabad (Fatehabad), Bhodia Bishnoian, Bangaon, Daryapur, Nakhatia, Bhirrana, Fatehabd Kty, Nai Mandi Fatehabad, Bhodia Khera, Dhand",Haryana,geonames-pin
IND416404AAA,Jath_Shivprsad_D (Maharashtra),Jath,Maharashtra,416404,17.084363636363637,75.22830454545455,"Sanmadi, Sindur, Shinganhalli, Umarani, Vajrawad, Antral, Avandhi, Basargi, Bevnur, Billur, Gugwad, Kunikonnur, Mendhigiri, Muchandi, Nigdi Khurd, Revnal, Walekhindi, Yelvi, Shegaon, Valsang, Jath, Banali",Maharashtra,geonames-pin
IND508377AAB,Haliya_PeroorRD_D (Telangana),Haliya,Telangana,508377,16.86753,79.19664,"Alwal, Rajavaram, Marepally, Kompally, Halia, Rangundala, Tirumalagiri, Yacharam, Anumula, Perur",Telangana,geonames-pin
IND787001AAA,LakhimpurN_SashPhkn_D (Assam),LakhimpurN,Assam,787001,27.169,94.1258,North Lakhimpur H.O,Assam,geonames-pin
IND401602AAA,Dahanu_KetyDPP_D (Maharashtra),Dahanu,Maharashtra,401602,19.36,73.3279,"Urse, Waki, Chikhale, Ganjad, Jamshet, Kainad, Nikane, Saiwan, Dahanu Road, Ranshet, Sawata, Agawan, Ashagad, Charoti, Bapugaon, Karaj Gaon",Maharashtra,geonames-pin
IND124112AAA,Meham_GModDPP_D (Haryana),Meham,Haryana,124112,28.9295,76.50922222222223,"Bhaini Chanderpal, Bhaini Surjan, Mehem, Bhanimaharajpur, Bhaini Bharon, Behlba, Sisarkhas, Saman, Farmana",Haryana,geonames-pin
IND635001AAA,Krishnagiri_BnglorRd_D (Tamil Nadu),Krishnagiri,Tamil Nadu,635001,12.5758,78.2512,"Dowlatabad, Krishnagiri H.O, Krishnagiri Courts, Kattinayanapalli",Tamil Nadu,geonames-pin
IND815301AAA,Giridih_Shivalya_D (Jharkhand),Giridih,Jharkhand,815301,24.1929,86.3046,"Makatpur, Giridih H.O, Barganda, Giridih Bazar",Jharkhand,geonames-pin
IND742401AAA,Ghanashyampur_NditaDPP_D (West Bengal),Ghanashyampur,West Bengal,742401,23.7708,88.1021,"Salar, Sunuti, Prosadpur, Raigram, Dechapra, Dutta Barutia, Gidgram, Gulhatia, Kagram, Kharera, Makhaltore, Malihati, Salinda, Ujunia, Salu",West Bengal,geonames-pin
IND614620AAA,Manamelkudi_TmpleSrt_D (Tamil Nadu),Manamelkudi,Tamil Nadu,614620,10.3586,78.8812,"Manalur, Manamelkudii, Edayathimangalam, Vellore",Tamil Nadu,geonames-pin
IND246763AAA,Najibabad_KotdwrRD_D (Uttar Pradesh),Najibabad,Uttar Pradesh,246763,29.57579583333333,78.31070416666667,"Fazalpur, Raipur Sadat, Najibabad Tehsil, Gajraula Paimar, Dhansini, Chandanpura, Jalalabad (Bijnor), Najibabad, Jogirampuri, Lal Dhang, Kotkader, Kishanpur Amvla, I A Najibabad, Guniapur, Mahawatpur Billoch, Kallooganj, Mithi Beri, Najibabad RS, Sikanderpur Basi, Jhakaki, Talipada, Tanda Maidas, Jahanabad Khovra, Gaindi Khata",Uttar Pradesh,geonames-pin
IND627401AAA,Ambasamdrm_Solaiprm_D (Tamil Nadu),Ambasamdrm,Tamil Nadu,627401,8.8359,77.5981,"Ambasamudram Angadi, Ambasamudram H.O, Ambasamudram East",Tamil Nadu,geonames-pin
IND581402AAA,Sirsi_Vidygiri_D (Karnataka),Sirsi,Karnataka,581402,14.64871,74.792255,"Hemmadi, Bommanalli, Kundargi, Husri, Hulgol, Salkani, Arsapur, Bhirumbe, Melinonikeri, Sirsi Market, Manjavalli, Koligar, Dodnalli, Bachagaon, Chipgeri, Puttanmane, Chipgi, Targod, Kadbal, Kalve",Karnataka,geonames-pin
IND603301AAA,Malemruvathur_Achipkam_D (Tamil Nadu),Malemruvathur,Tamil Nadu,603301,12.396785714285716,79.8244,"Acharapakkam, Indalur, Kattugudalur, Parukkal, Irumbuli, Seethapuram, Kayapakkam",Tamil Nadu,geonames-pin
IND362720AAA,Kodinar_NCplxDPP_D (Gujarat),Kodinar,Gujarat,362720,21.3729,70.4136,"Jamanvada, Kotda, Morvada, Moti Fafdi, Sarkhadi, Panadar, Pedhavada, Kodinar, Velva, Velan, Mitiyaj, Aalidar, Devli, Harmadiya, Kaj, Vithalpur, Dolasa, Chhara",Gujarat,geonames-pin
IND331701AAA,Sidhmukh_MnbzrDPP_D (Rajasthan),Sidhmukh,Rajasthan,331701,28.874,75.30968,"Galar, Kanjan, Bhimsana, Malwas, Ramsara Tal, Dhanoti Chhoti, Dhani Bari, Birami Khalsa, Dhanoti Kalan, Sidhmukh",Rajasthan,geonames-pin
IND814133AAB,Godda_Central_D_2 (Jharkhand),Godda,Jharkhand,814133,24.82818888888889,87.23841111111112,"Lohbandha, Simarda, Hilaway, Amlo, Fasia, Gumma, Ghatkusmani, Gandhigram, Sarba, Saidapur, Ramla Dikwani, Nepura, Motiya Dumariya, Malrampur, Ghatdumariya, Deobandha, Malini, Makhni, Latauna, Lukluki, Kouribahiar, Khatnai, Jaminipaharpur, Haripur Gorbana, Gangtaklan, Chapri, Motia, Dubrajpur, Mohanpur, Godda College, Baksara, Pathra, Godda, Basantpur, Korkaghat, Maheshpur",Jharkhand,geonames-pin
IND591201AAA,Chikodi_IndraNgr_D (Karnataka),Chikodi,Karnataka,591201,15.9599,75.3404,"Chikodi College Road, Chikodi H.O, Chikodi Bazar, Chikodi Extension",Karnataka,geonames-pin
IND247667AAB,Roorkee_IOTCEncl_L (Uttarakhand),Roorkee,Uttarakhand,247667,29.914396,77.92909600000002,"Sapper Bazar, Manu Bas, Marghoobpur, Training Battalian, Sohelpur Sikroda, Shanti Nagar, Saliyar, Salempur Rajputana, Roorkee Kutchery, Bharapur Bhori, Dandera Khwaspur, Ganesh Vatika, Roorkee Cantt, Ramnagar (Haridwar), I.I.T Roorkee, Kota Muradnagar, Dhanauri, Ganeshpur, Belra, Mewar Kalan, Roorkee H.O, Piran Kaliyar, Paniyala, Imalikhera, Roorkee City",Uttarakhand,geonames-pin
IND533401AAA,Tuni_Eaglvari_D (Andhra Pradesh),Tuni,Andhra Pradesh,533401,17.28587222222222,82.37088333333332,"Nandivampu, Tuni Old Bazar, Rekhavanipalem, Addaripeta, Nadigatla Vari Savaram, Hamsavarm, K Mallavaram, Paltheru, Pydi Konda, S Annavaram, Tuni, Velamakothuru, Boddavaram, Talluru, Chamavaram, Ammajipeta, D Polavaram, Vemavaram",Andhra Pradesh,geonames-pin
IND140118AAA,AnandprShb_PnjPiara_D (Punjab),AnandprShb,Punjab,140118,31.0624,76.4894,"Anand Pur Sahib, Agampur",Punjab,geonames-pin
IND754142AAA,Paradip_Udyabata_D (Orissa),Paradip,Orissa,754142,20.3164,86.6085,"Paradip, Madhuban (Jagatsinghapur), Barakolikhala",Odisha,geonames-pin
IND609602AAA,Karaikal_Thalthru_DC (Pondicherry),Karaikal,Pondicherry,609602,10.9174,79.8258,"Dharmapuram, Karaikal, Karaikal South, Madagadi, Karaikal Bazaar",Pondicherry,geonames-pin
IND685514AAA,Kattappana_Palikval_D (Kerala),Kattappana,Kerala,685514,9.6906,76.9977,"Idinjamala, Chempakapara, Erattayar North, Santhigram, Ettithope, Kochuthovala, Bethel, Melekuppachampady, Erattayar, Valiyathovala, Uppukandam",Kerala,geonames-pin
IND263645AAA,Ranikhet_Subhash_D (Uttarakhand),Ranikhet,Uttarakhand,263645,29.7287,79.37286153846154,"Ranikhet Kutchery, Ranikhet Sadar Bazar, Masar, Mirai Malli, Ranikhet H.O, Uprari ED, Amyari, Pantkotuli, Khirkhet, Chilianaula, Kalika Estate, Ganiadeoli, Kafara ED, Bamsyun, Pilkholi ED, Almiankande, Silor Mahadev, Sinora, Mangdoli, Manela, Chaukuni, Bhujan, Darmar, Haldiyani, Chhana, Pandekota",Uttarakhand,geonames-pin
IND262802AAA,Gola_BkgnRoad_D (Uttar Pradesh),Gola,Uttar Pradesh,262802,28.064283333333336,80.63459444444443,"Banshi, Rasulpanah, Sansarpur, Roshan Nagar, Jalalpur, Gola Town, Aliganj, Rampur Grant, Parsehra, Raipur, Jamunabad Form, Sisnaur, Saukhiya, Rampur Dotpur, Muda Sawaran, Bhaithia, Haiderabad, Bhallia Bujurg, Bokhari, Mohammdabad, Ahemad Nagar, Chhitaunia, Gharthania, Gola Gokaran Nath, Grant No.-11, Ram Nagar Khurd, Maheshpur, Kanchanpur, Kotwora Raj, Londonpur Grant, Azan, Khargapur, Suhela, Pareli, Alipur, Kaparaha",Uttar Pradesh,geonames-pin
IND815351AAA,Jamtara_D (Jharkhand),Jamtara,Jharkhand,815351,24.04006333333333,86.80980666666666,"Harirakha, Noni, Bagdaha, Pabia, Kanki, Sonbad, Jamtara Court, Ladhna, Guhiyazori, Kasitar, Manghladih, Koiri Jamua, Tilaki, Pattajori Kajra, Panjania, Dhandra, Dakhin Bahal, Chirudih Bakudih, Chapuria, Chalna Dhobna, Bewa, Bena, Asanchua, Gundali Pahari, Mejhia, Mohana Bank, Chitra, Geria, Jamtara, Bindapathar",Jharkhand,geonames-pin
IND505503AAA,Mahadevpur_Kataram_D (Telangana),Mahadevpur,Telangana,505503,18.37838571428572,79.24424285714285,"Borlagudem, Annaram, Yedlapalli, Chintakani, Gangaram, Vilasagar, Kataram, Vallamkunta, Mutharam, Bayyaram, Rudraram, Damerakunta, Vadupulavancha, Dhanwada",Telangana,geonames-pin
IND431708AAA,Loha_SivjiCWK_D (Maharashtra),Loha,Maharashtra,431708,18.94091052631579,77.09972105263158,"Sonkhed, Malakoli, Dagadgaon, Sawargaon, Adgaon, Berli, Shewadi, Penoor, Lohrala, Betsangavi, Raiwadi, Ashtoor, Sunegaon, Dongargaon, Malegaon, Dhanora, Karegaon, Loha, Risangaon",Maharashtra,geonames-pin
IND609001AAA,Mylduthuri_Thiruviz_D (Tamil Nadu),Mylduthuri,Tamil Nadu,609001,10.91968,79.70209,"Dharmapuram, Mayiladuthurai North, Mayiladuthurai H.O, Mayiladuthurai South, Tiruvilandur, Mayiladuthurai Cutchery, Koranad, Nallathukudi, Mayiladuthurai Bazaar, Pattamangalam",Tamil Nadu,geonames-pin
IND742147AAA,Khargram_BoiDPP_D (West Bengal),Khargram,West Bengal,742147,24.161425,87.97584166666667,"Khargram Hospital, Margram, Gayespur, Eroali, Gurulia, Badua, Mahisar, Jasohari, Ayra, Khargram, Haripur, Kirtipur",West Bengal,geonames-pin
IND110092AAC,Delhi_Patparganj_DPC (Delhi),Delhi,Delhi,110092,28.6266,77.2794,"Yozna Vihar, Surajmal Vihar, Mandawali Fazalpur, IP Extension, Laxmi Nagar (East Delhi), Shakarpur, Nirman Vihar, Anand Vihar",Delhi,geonames-pin
IND622407AAA,Ponnamaravathi_Puduvalvu_D (Tamil Nadu),Ponnamaravathi,Tamil Nadu,622407,10.2803,78.536,"Vegupatti, R,palakurichi, Pudupatti (Pudukkottai), Ponnamaravathy",Tamil Nadu,geonames-pin
IND495677AAA,Korba_Tilknagr_DC (Chhattisgarh),Korba,Chhattisgarh,495677,22.5318,82.6118,"Hasdeo Project Korba, Korba Town, Korba H.O, Korba Colliery",Chhattisgarh,geonames-pin
IND484001AAA,Shahdol_Sohagpur_D (Madhya Pradesh),Shahdol,Madhya Pradesh,484001,23.617508695652177,81.31912173913044,"Chhatwai, Salaiya, Bakeli, Chauri, Shahpur, Amiliha, Singhpur, Pachgaon, Padmaniakhurd, Mithori, Bhuibandh, Senduri, Dhurwar, Pongari, Jodhpur, Shahdol Bus Stand, Shahdol H.O, Bandhwabada, Nawalpur, Patasi, Sohagpur, Shahdol R.S., Shahdol Gharola",Madhya Pradesh,geonames-pin
IND515801AAA,Guntakal_Verpatem_D (Andhra Pradesh),Guntakal,Andhra Pradesh,515801,15.144899999999998,77.60800000000002,"Rajendra Nagar (Ananthapur), Guntakal H.O, Guntakal Market, Hanumesh Nagar, Modinabad, Railway Colony (Ananthapur), Timmanacharla",Andhra Pradesh,geonames-pin
IND581303AAA,Karwar_Central_D_1 (Karnataka),Karwar,Karnataka,581303,14.8347,74.133,Kodibag,Karnataka,geonames-pin
IND303002AAA,Achrol_BgwriDPP_D (Rajasthan),Achrol,Rajasthan,303002,27.136785714285715,75.9403,"Jaitpura Khinchi, Rajpurawas Tala, Kali Pahadi, Bhuranpura, Kant, Labana, Achrol",Rajasthan,geonames-pin
IND852131AAA,Supaul_SadrHsptl_D (Bihar),Supaul,Bihar,852131,26.11994230769231,86.60968846153847,"Bina, Thumha, Laurh, Ghuran, Kharail, Mangasihaul, Nirmali, Supaul Bazar, Kataiya Mahe, Gidrahi, Basaha, Dabhari, Supaul H.O, Mauzaha, Pipra Khura, Pathara, Jolhania, Khokhnaha, Bela Terha, Chansipatti, Karhio, Kadampura, Jobha, Babhni Bhelwa, Dighiya, Karnpur",Bihar,geonames-pin
IND486001AAA,Rewa_Dc (Madhya Pradesh),Rewa,Madhya Pradesh,486001,24.5288875,81.3006125,"Rewa Chirahula, Rewa Venkat Bhawan, Rewa Uprahaty, Rewa Medical College, Rewa Chauhatta, Rewa Ghoghar Mohalla, Rewa Bicchiya Road, Rewa H.O",Madhya Pradesh,geonames-pin
IND571440AAA,Kollegala_NarsipuraRd_D (Karnataka),Kollegala,Karnataka,571440,12.011864285714283,77.13688571428573,"Mudigundam, Tellanur, Kollegal Southern Extension, Palyam, Madhuvinahalli, Chikkamallapura, Kempanapalya, Kollegal Devangapet, Sargur Kollegal, Sathegala, Siddainapura, Kollegal H.O, Kothanur, Lokkanahalli",Karnataka,geonames-pin
IND334001AAB,Bikaner_DC (Rajasthan),Bikaner,Rajasthan,334001,28.145995,73.20329000000001,"Kolasar, Karmisar, Amarpura, Akasar, Sujandeser, Norangdesar, Khari Charnan, Kelan, Kawani, Gadhwala, Bholasar Budhan, M.G.Road, Jassusar Gate, Bikaner H.O, Lalgarh Road, Kotegate, Sadul Colony, Mohta Chowk, Rani Bazar, D.S.Office, Bikaner Kutchery, Lalkar, Dungar College, Sitla Gate, Pabubari, Bachasar, Bikaner City, Gajner Palace, Lakhusar, Gusainsar, Jaimalsar, Kalasar, Kanasar, Jalwali, Rajasar Bhatiyan, Surdhana Chauhanan, Surjara, Nal Bari, Shiv Bari, Makrasar",Rajasthan,geonames-pin
IND302026AAA,Jaipur_Bhankrot_DC (Rajasthan),Jaipur,Rajasthan,302026,26.830275,75.6335,"Jaisinghpura Bas, Bhankrota, Mahapura, Mukandpura",Rajasthan,geonames-pin
IND303301AAB,Bassi_DmodrNGR_D (Rajasthan),Bassi,Rajasthan,303301,26.95432142857143,75.73408571428571,"Palawalan Jatan, Chanwandia, Manoharpura, Doodhali, Kacholiya, Benada, Bassi Chak, Lalgarh, Deogaon, Toda Bhata, Mansar Khedi, Bassi (Jaipur), Khatipura, Mohanpura",Rajasthan,geonames-pin
IND224001AAA,Faizabad_TrnspNgr_D (Uttar Pradesh),Faizabad,Uttar Pradesh,224001,26.62670333333333,82.18445,"Gadopur Majhwa, Water Works, Sariyawan, Sahebganj (Faizabad), Niywan, Naka Muzzafra, Mumtaj Nagar, Motibagah, Mau Yaduwanshpur, Kandhari Bazar, Janpad Chikitsalaya, Haripur Jalalabad, Faizabad Cantt, Dharamarg, Chirra Mohammad Pur, Mandi Samiti, Lalbagh (Faizabad), Acharya Nagar, Ramnagar Colony, Gopalpur, Faizabad RS, Faizabad H.O, Faizabad City, Kot Sarai, Sahadatganj, Deokali, Manapur, Fatehganj (Faizabad), Faizabad Kutchery, Sadar Bazar (Faizabad)",Uttar Pradesh,geonames-pin
IND470004AAA,Sagar_Bahreya_I (Madhya Pradesh),Sagar,Madhya Pradesh,470004,23.8414,78.6908,"Pamakhedi, Gambhiriyia, Sidguya, Sagar Rajakhedi, Sagar Makronia Camp",Madhya Pradesh,geonames-pin
IND509103AAC,,,Telangana,509103,16.703,77.8097,Wanaparthy H.O,Telangana,geonames-pin
IND631102AAA,Sholinghur_ArkonmRD_D (Tamil Nadu),Sholinghur,Tamil Nadu,631102,13.036221428571428,79.40217142857144,"Perunkanchi, Kondapalayam, Sholingur Bazaar, Sholingur, Vangupattu, Pandianallore, Ayipedu, Kodakkal, Kesavanankuppam, Somasamudram, Talikkal, Jambukulam, Karikkal, Rendadi",Tamil Nadu,geonames-pin
IND636705AAB,Dharmapuri_Central_D_2 (Tamil Nadu),Dharmapuri,Tamil Nadu,636705,12.0969,78.1958,"Ungaranahalli, Vennampatti, Dharmapuri Collectorate, Venkatenahalli, Thokkampatti",Tamil Nadu,geonames-pin
IND396191AAB,Vapi_IndEstat_L (Gujarat),Vapi,Gujarat,396191,20.37908125,72.97254375,"Vapi, Ambheti, Morai, Chala, Koparli, Chhiri, Ozar, Karaya, Namdha, Vatar, Rata, Pandor, Mota Pondha, Salvav, Balitha, Chandor",Gujarat,geonames-pin
IND462042AAA,Bhopal_Kolar Mandakni (Madhya Pradesh),Bhopal,Madhya Pradesh,462042,23.478,77.3961,"Bairagarh Chichali, Kolar Road, Amarawat Kalan",Madhya Pradesh,geonames-pin
IND603102AAA,Kalpakkam_Sadras_D (Tamil Nadu),Kalpakkam,Tamil Nadu,603102,12.502891666666669,80.09549166666666,"Kalpakkam, Pudupattinam Colony, Melprumal Chery, Pattaraikalani, Vayalur, Vittalapuram, Vazhuvadur, Reactor Research Centre, Vengapakkam, Ayapakkam, Manamai, Suradimangalam",Tamil Nadu,geonames-pin
IND503122AAA,Yellareddy_JKRoad_D (Telangana),Yellareddy,Telangana,503122,18.696,78.2131,"Yellareddy, Lingareddy, Machapur, Gundiwait, Rudraram, Bhavanipet, Bollaram, Jalalpur, Mathumal, Masanipet, Jangamaipalli, Kalyani, Bikkanur, Atmakur, Yellutla, Adivilingal, Timmapur",Telangana,geonames-pin
IND821109AAA,Mohania_Bhabua_D (Bihar),Mohania,Bihar,821109,25.17654,83.685088,"Ratwar, Harnathpur, Muthani, Ruppur, Dadar, Bare, Mujan, Shahbajpur, Darhwa, Sukul Pipra, Katra Kala, Khnethi, Salathua, Nateya, Belondi, B. Khas, Badupur, Akorhi, Kaithi, Sondhi, Mohania, Panapur, Bhitti, Kathej, Dangri",Bihar,geonames-pin
IND422605AAA,Sangamner_JawanChk_D (Maharashtra),Sangamner,Maharashtra,422605,19.558426666666666,74.64826999999998,"Savargaon Tal, Pimparane, Pimpalgaon Matha, Nimgaon Tembhi, Nimgaon Bhojapur, Nimaj, Chandanapuri, Chikani, Ganeshnagar  (Sangamner), Kolhewadi, Ambhore, Malunja, Nilwande, Waghapur, Sukewadi, Samnapur, Hiwargaon Pawasa, Ganore, Jorve, Chikhali, Kuran, Vadgaon Pan, Sangamner, Jawale Kadlag, Pimpalgaon Nipani, Virgaon, Kanoli, Dongargaon, Rajapur, Khandgaon",Maharashtra,geonames-pin
IND226004AAA,Lucknow_Hub (Uttar Pradesh),Lucknow,Uttar Pradesh,226004,26.8346,80.9249,"Charbagh, Blunt Square, Pandariba, Arya Nagar (Lucknow), A N L Colony, Rajendranagar (Lucknow), Gurdwara, Mill Road, R A College, Aishbagh",Uttar Pradesh,geonames-pin
IND303901AAA,Chaksu_TonkRoad_D (Rajasthan),Chaksu,Rajasthan,303901,26.937441176470585,75.75399411764705,"Malpuria, Thoomli Ka Bas, Tamariya, Silki Doongari, Shaakar Khawda, Sawai Madhosinghpura, Sanwalia, Nimodiya, Mandlia Meda, Kothoon, Kareda Khurd, Garwasi, Akodiya, Kadera, Chaksu, Chhandel Kalan, Thali",Rajasthan,geonames-pin
IND582209AAA,Rona_GadagRD_D (Karnataka),Rona,Karnataka,582209,15.549858823529412,75.68511764705883,"Savadi, Hirehal, Mallapur, Jigalur, Madalgeri, Hullur, Ron, Honniganur, Mugali, Kurhatti, Hosalli, Hiremannur, Somanakatti, Arahunsi, Chikamannur, Kotbal, Ron Taluk Kut",Karnataka,geonames-pin
IND583227AAA,Gangavathi_PhrmPlza_D (Karnataka),Gangavathi,Karnataka,583227,15.507825,76.25293125,"Gangavati Bazar, Chickjanthkal, Kesarhatti, Gangavathi, Heroor, Sangapur, Gangavati Julynagar, Ayodhya, Hosahalli, Gangavati M V Circle, Basavanadurga, Mallapur, Anegundi, Gangavati Cbs Gunj, Gangavati Hireejankal, Gangavathi ARS",Karnataka,geonames-pin
IND602001AAB,Kumbakonam_Mettu_DC (Tamil Nadu),Kumbakonam,Tamil Nadu,602001,13.0553,79.906,"Tiruvallur Nethaji Road, Nggo Colony Tiruvallur, Tiruvallur H.O",Tamil Nadu,geonames-pin
IND641654AAA,Avinashi_Valluvar_D (Tamil Nadu),Avinashi,Tamil Nadu,641654,10.88376875,76.984425,"Ranganathapuram, Thulukkamuthur, Rakkiapalayam, Thomaspuram, Thekkalur, Kaikattipudur, Palangarai, Karukkampalayam, Pudupalayam, Periyayipalayam, Vadugapalayam, Sembianallur, Kuppandampalayam, Karukkankattupudur, Velayuthampalayam, Avanash",Tamil Nadu,geonames-pin
IND673121AAA,Kalpetta_Ward19_D (Kerala),Kalpetta,Kerala,673121,11.6304,76.0574,Kalpetta H.O,Kerala,geonames-pin
IND686513AAA,Mundakayam_Central_D_1 (Kerala),Mundakayam,Kerala,686513,9.636125,76.8914875,"Mundakayam East, Kuppakkayam, Mundakayam, Punchavayal, Koruthode, Rajendraprasad Colony, Karinilam, Madukka",Kerala,geonames-pin
IND764071AAB,Pappadahandi_Central_DPP_2 (Orissa),Pappadahandi,Orissa,764071,19.07761176470588,82.67201176470587,"Tumberla, Ushigaon, Nuakote, Jatabal, Papadahandi, Mokiya, Cherchata, Naktiguda, Pendikote, Maidalpur, Hirli, Patri, Majhiguda, Sirisi, Semla, Biriguda, Dengaguda",Odisha,geonames-pin
IND762001AAA,Phulbani_Krusphrma_D (Orissa),Phulbani,Orissa,762001,20.4666,84.2338,"Madikunda, Penjisahi (TPO-1135), Ollenbatch Nagar, Masterpada, Phulbani Bazar, Phulbani H.O",Odisha,geonames-pin
IND173025AAA,PaontSahib_Gurudwar_D (Himachal Pradesh),PaontSahib,Himachal Pradesh,173025,30.63027333333333,77.60148,"Bhagani, Bata Mandi, Paonta Sahib, Gorkhuwala, Manpur Devra, Khodri, Banaur, Bhudhana, Danda Anj, Ganguwala Jamniwala, Shivpur, SHIVA, Rajpur, Nihalgarh, Nagheta",Himachal Pradesh,geonames-pin
IND639001AAA,Karur (Tamil Nadu),,Tamil Nadu,639001,10.842999999999998,78.1331,"Karur H.O, Ramakrishnapuram, Karur West",Tamil Nadu,geonames-pin
IND303603AAB,Renwal_ChomuRD_D (Rajasthan),Renwal,Rajasthan,303603,26.965371428571427,75.66495714285715,"Surmalikpur, Lalasar, Mundiagaarh, Baseri Khurd, Bagawas, Kishangarh Renwal, Renwal",Rajasthan,geonames-pin
IND695609AAA,Pangodu_Central_D_1 (Kerala),Pangodu,Kerala,695609,8.7477,76.8535,"Bharathannur, Pangode, Kanchinada, Mylamoodu, Moonnumukku",Kerala,geonames-pin
IND301019AAA,Bhiwadi DC (Rajasthan),,Rajasthan,301019,27.4365,76.6535,"R.H.B. Bhiwari, Bhiwari Ind. Area. Alwar, Shahdod",Rajasthan,geonames-pin
IND208019AAA,Kanpur_Rawatpur_D (Uttar Pradesh),Kanpur,Uttar Pradesh,208019,26.4756,80.2763,"Syyed Nagar Post Office, Rawatpur",Uttar Pradesh,geonames-pin
IND609110AAA,Sirkazhi_Pngktgudi_D (Tamil Nadu),Sirkazhi,Tamil Nadu,609110,11.203,79.5887,Sirkali H.O,Tamil Nadu,geonames-pin
IND305802AAA,Kishangarh_Central_D_2 (Rajasthan),Kishangarh,Rajasthan,305802,26.47715,74.83961666666667,"Tikawara, Silora, Udaipur Kalan, Dhan Mandi - Kishan Garh, Sargoan, Kishangarh City",Rajasthan,geonames-pin
IND504251AAA,Bellmpalli_BasthDPP_D (Telangana),Bellmpalli,Telangana,504251,19.5158,78.574,"Aknepalli, Bellampalli, Perkapally, Budakalan, Police Colony, Wegaon, Budakurd, Gurjal, Bellampalli R.S., Janakapur, Metpally, Agm Colony, Jajjarvelli, Somagudem Coal Mines, Shanthi Khani",Telangana,geonames-pin
IND721401AAA,Contai_Kanakpur_D (West Bengal),Contai,West Bengal,721401,22.0208,87.7744,Contai H.O,West Bengal,geonames-pin
IND244501AAA,Kanth_Dayanand_D (Uttar Pradesh),Kanth,Uttar Pradesh,244501,28.970411111111112,78.51229444444444,"Chhajlet, Kanth, Mundha Kheri, Kuri Rawana, Madhpur, Pathangi, Jamna Khas, Bibra Khurd, Garhi Salempur, Lakarhat, Mohd.Pur Mafi, Jahangirpur Chakpheri, Matlabpur Sadarpur, Umari Kalan, Basera Taga, Kothi Khidmatpur, Kail Bakri, Akbarpur Sihali",Uttar Pradesh,geonames-pin
IND272207AAB,Naugarh_Central_D_1 (Uttar Pradesh),Naugarh,Uttar Pradesh,272207,27.24763333333333,82.891275,"Harraiya, Dhensanankar, Mahulani, Deora Bazar, Tetari Bazar, Madhuharpur, Bheemapar, Jogia Udaipur, Maharia, Patni Jungle, Kondragrant, Civil Line Siddharthnagar",Uttar Pradesh,geonames-pin
IND586101AAA,Bijapur_KirtiNgr_D (Karnataka),Bijapur,Karnataka,586101,16.6854,76.0927,"Bijapur Tajbavadi, Bijapur Kutchery, Bijapur Market Yard, Bijapur Jorapur Peth, Bijapur Bazar, Bijapur Basava Nagar, Bijapur H.O",Karnataka,geonames-pin
IND713148AAA,Panagarh_Central_D_1 (West Bengal),Panagarh,West Bengal,713148,23.4278,87.7677,"Kota, Bonkati, Shilampur, Kanksa, Trilokchandrapur, Aduria, Sonai, Birudiha, Chotoramchandrapur, Debsala, Panagar Bazara, Bharatpur",West Bengal,geonames-pin
IND402301AAA,Mahad_Govndsgr_D (Maharashtra),Mahad,Maharashtra,402301,18.3484,73.1603,"Sawad, Nagaon, Sav, Chochinde, Mahad, Karanjadi, Kemburli, Kalavali, Kurle, Kinjaloli Budruk, Gondale, Kotheri, Navipeth Mahad, Mumurshi, Salvadnaka Mahad No Dly., Revtale, Chandhave Budruk, Ambivali, Dharavali, Natondi, Wahoor, Underi",Maharashtra,geonames-pin
IND581119AAB,Ukkadagatri_Tuminkte_D (Karnataka),Ukkadagatri,Karnataka,581119,14.49541,75.61063,"Chikkabbar, Malanayakanhalli, Hirekabbar, Tumminakatti, Lingadahalli, Kotihal, Hallur, Kuppelur, Nittur, Ukkadagatri",Karnataka,geonames-pin
IND671315AAA,Kanhangad_Arangadi_D (Kerala),Kanhangad,Kerala,671315,12.2277,75.205,Kanhangad H.O,Kerala,geonames-pin
IND756100AAC,Bhadrak_Central_I_2 (Orissa),Bhadrak,Orissa,756100,20.9859,86.6254,"Bhadrak Banka Bazar, Bhadrak Naya Bazar, Bhadrak Puruna Bazar, Bhadrak H.O, Bhadrak Court, Bhadrak College, Uttarbahini, Salandi Colony, Kuans, Ghosrabazar, Nangamahalla",Odisha,geonames-pin
IND586128AAA,Sindagi_KalyanNg_D (Karnataka),Sindagi,Karnataka,586128,16.80695652173913,76.27615217391305,"Budihal Ph, Somjal, Balaganur, Bannihatti Pa, Chandkavathe, Othihal, Sasabal, Khainur, Byakod, Khanapur, Borgi, Malghan, Gubbewad, Chick Sindgi, Honnalli, Sungthan, Asantapur, Golgeri, Bandal, Yankanchi, Sindgi, Madbal, Ganihar",Karnataka,geonames-pin
IND673573AAA,Thamarassery_Chungam_D (Kerala),Thamarassery,Kerala,673573,11.5014,75.8855,"Thachampoyil, Chamal, Kudathai, Kudathai Bazar, Kattippara, Maikavu, Parappanpoyil, Tamaracheri",Kerala,geonames-pin
IND333042AAA,Nawalgarh_NavldiDPP_D (Rajasthan),Nawalgarh,Rajasthan,333042,28.070054545454543,75.52707272727274,"Nawalgarh, Bay, Nawalari, Chelasi, Khirod, Nansagate Nawalgarh, Monwari, Kolsia, Chobdaranki Dhani, Dhania, Barwasi",Rajasthan,geonames-pin
IND495334AAB,Mungeli_Panderia_D (Chhattisgarh),Mungeli,Chhattisgarh,495334,22.3669375,82.05102812499999,"Hathanikala, Terhadhaura, Khairwar, Deori, Fasterpur, Kanteli, Kosamtara, Karesara, Nawaspur, Banki, Manoharpur, Mungeli, Nawagaon, Pandarbhattha, Donda, Phandwani, Chirhula, Rajpur (S), Nirjam, Lalpur, Kodwa, Gidha, Puchheli, Bhalukhondhra, Chakrabhatha, Chhatan, Chhindbhog, Dharampura, Bhalapur, Puran, Bijatarai, Karhi",Chhattisgarh,geonames-pin
IND524101AAB,Gudur_Bngisheb_D (Andhra Pradesh),Gudur,Andhra Pradesh,524101,14.2053,79.77081666666666,"Malavyanagar, Narasingaraopeta, Gudur Bazar, Gudur H.O, Gudurpolytechnic, Gudur East",Andhra Pradesh,geonames-pin
IND530026AAA,Vizag_Gajuwaka (Andhra Pradesh),Vizag,Andhra Pradesh,530026,17.7,83.2167,Gajuwaka,Andhra Pradesh,geonames-pin
IND563131AAA,Mulbagal_Sunku_D (Karnataka),Mulbagal,Karnataka,563131,13.173707142857143,78.41019285714286,"Hebbani, Angondahalli, Mulbagal, Koladevi, Balla, H.Gollahalli, Veerupakshi, Kurudumale, Byrakur, Kappalamadagu, Mulbagal Bazar, Someshwarpalya, Matakannsandra, Gokunte",Karnataka,geonames-pin
IND176303AAA,Dalhousie_Banikhet_D (Himachal Pradesh),Dalhousie,Himachal Pradesh,176303,32.69516666666667,76.15345,"Garh, Bagdhar, Banikhet, Bailly, Sudli, Tritha",Himachal Pradesh,geonames-pin
IND571111AAB,Gundlupet_Swamylyt_D (Karnataka),Gundlupet,Karnataka,571111,11.9058875,76.664275,"Bettahalli, Shivapura, Hundipura, Kannegala, Kodasoge, Bheemanabeedu, Bnnithalapura, Chikkatuppur, Nenekatte, Kundakere, Alathur, Bachahalli, Maddur, Gundlupet, Baragi, Gundlupet Bazar, Berambadi, Bommalapura, Yeriyur, Sindanapura, Veeranapura, Hasaguli, Hongalli, Annurkeri",Karnataka,geonames-pin
IND362265AAA,Veraval_DC (Gujarat),Veraval,Gujarat,362265,21.3729,70.4136,Veraval,Gujarat,geonames-pin
IND332713AAA,NeemKaThana_War5DPP_D (Rajasthan),NeemKaThana,Rajasthan,332713,27.6366,75.2875,"Nimkathana Town, Napawali, Nimkathana, Mahawa, Puranabas, Khadra, Godawas, Mandholi, Kotra, Bhudoli, Nimod, Nayabas",Rajasthan,geonames-pin
IND431127AAA,Georai_Bazarrd_D (Maharashtra),Georai,Maharashtra,431127,19.000084615384612,75.81951538461539,"Bagpimpalgoan, Jategaon, Talwada, Talnewadi, Ruithal, Reoki, Raj Pimpri, Kekat Pangri, Daithan, Bhogalgaon, Antarwali BK, Gevrai, Dhondrai",Maharashtra,geonames-pin
IND783370AAC,Kokrajhar_PigonDPP_D (Assam),Kokrajhar,Assam,783370,26.4567,90.2525,"Ultapani, Haloadal, Simbargaon, Shantinagar (Kokrajhar), Titaguri, Rangalikhata, Rainadabri, Kokrajhar H.O, Khargaon, Magurmari, Kashipara Bhotgaon, Bishmuri, Boro Gendrabil, Chandrapara, Daloabari, Kokrajhar Bagicha, Haltugaon",Assam,geonames-pin
IND532127AAA,Rajam_SamathBv_D (Andhra Pradesh),Rajam,Andhra Pradesh,532127,18.459052380952382,83.59547619047619,"Rajam, Guravam, Gopalapuram, Anthakapalli, Vommi, Bomminaiduvalasa, G.M.R.Nagar, Agurukancharam, Dasariraminaiduvalasa, Gadimudidam, Aguru, Korallavalasa, Penubaka, Bodduru, Nagulavalasa, Maredubaka, Kagam, Perumali, Rachagumadam, Marrivalasa, Sathamvalasa",Andhra Pradesh,geonames-pin
IND752030AAA,Balugaon_Thikiri_D (Orissa),Balugaon,Orissa,752030,20.194844444444445,85.47458888888889,"Rahanbeli, Ghiakhala, Singheswar, Belapada, Balugaon Bazar, Ankulachati, Khanat, Badakul, Balugaon",Odisha,geonames-pin
IND786125AAA,Tinusukia_Chrwpaty_D (Assam),Tinusukia,Assam,786125,27.5786,95.6265,"Durgabari, Tinsukia H.O, Senairam Bazar, Parbotia, Prakash Bazar",Assam,geonames-pin
IND480001AAA,Chhindwara_NagpurRd_D (Madhya Pradesh),Chhindwara,Madhya Pradesh,480001,22.036515384615385,79.00918461538461,"Gangiwara, Paladone, Pindraikalan, Khazari, Imlikheda, Kundalikalan, Chitanvisganj, TB Senetorium, Bankanaganpur, Bisapur, Chhindwara H.O, Gualbra Chhindwara, Gurriya, Mankadehi, Nonia Karbal, Bohnakheri, Linga, Umaria Isra, Partala, Mothar, Markahandi, Sonakhar, Rohna, Jhilmili, Machagora, Boria",Madhya Pradesh,geonames-pin
IND122001AAD,Gurgaon_Kadipur (Haryana),Gurgaon,Haryana,122001,28.418000000000003,76.9839,"Gurgaon Kty., Khandsa Road, Urban Estate (Gurgaon), Arjun Nagar, Gurgaon H.O, Gurgaon South City I, New Colony (Gurgaon), Gurgaon Sector 17, Mini Sectt., Basai Road, Shivaji Nagar (Gurgaon)",Haryana,geonames-pin
IND571213AAA,Gonikoppal_Thomas_D (Karnataka),Gonikoppal,Karnataka,571213,12.179275,75.9421875,"Balaji, Aruvathoklu, Devarapura, Kaikeri, Gonikoppal, Dhanugala, Ponnappasanthe, Mayamudi",Karnataka,geonames-pin
IND174103AAA,Baddi_ByePass_D (Himachal Pradesh),Baddi,Himachal Pradesh,174103,30.9064,76.85996666666666,"Barotiwala, Mandhala, Surajpur",Himachal Pradesh,geonames-pin
IND508277AAB,Mothkur_Mainroad_D (Telangana),Mothkur,Telangana,508277,16.894215384615386,79.20721538461538,"Bijilapuram, Gundala, Ambala, Anjajipur, Veldevi, Dattappagudem, Suddala, Dharmaram, Addagudur, Gattusingaram, Mothcore, Kotamarthy, Kondagadapa, Chirragudur, Turkalshapuram, Cholla Ramaram, Kanchariapally, Bodduguda, Masampally, Ramamram, Govindapuram, Podichedu, Musipatla, Dacharam, Patimatla, Repakapatti",Telangana,geonames-pin
IND509358AAA,Kadthal_GndhiDPP_D (Telangana),Kadthal,Telangana,509358,16.78872,77.93,"Mucharla, Konapur, Karkalpahad, Ekvaipally, Kadthal",Telangana,geonames-pin
IND591304AAA,Athani_VikrmMah_D (Karnataka),Athani,Karnataka,591304,16.1448,75.15745238095238,"Tirth, Kodaganur, Hallihal, Abbihal, Parthanhalli, Ghatnatti, Awarkhod, Nandgaon, Sankonahatti, Murgundi, Shivayoginagar, Athani H.O, Athani Bazar, Katgeri, Ingalgaon, Saptasagar, Hulagbali, Gundewadi, Balwad, Darur, Shirhatti",Karnataka,geonames-pin
IND534260AAC,Palakollu_CroadDPP_D (Andhra Pradesh),Palakollu,Andhra Pradesh,534260,16.8946,81.4023,"Palakol Bazar, Lajapathiroya Peta, Palakol H.O",Andhra Pradesh,geonames-pin
IND344022AAB,Balotra_BsnoiHPL_D (Rajasthan),Balotra,Rajasthan,344022,25.735266666666668,72.13674444444445,"Tilwara, Balotra IA, Mungda, Asada, Balotra SB, Bhunka, Bithuja, Budiwara, Dakha, Janiyana, Kaludi, Kitnod, Sinli Jagir, Jagsa, Sarana, Asotra, Balotra, Tapra",Rajasthan,geonames-pin
IND614809AAA,Pushpavanam_Thmpulam_D (Tamil Nadu),Pushpavanam,Tamil Nadu,614809,10.4705,79.83251111111112,"Yadhavapuram, Topputhurai, Kallimodu, Sembodai, Pushpavanam, Periyakuthagai, Arkattuthurai, Thethakudi Therkusethi, Thethakudivadakkusethi",Tamil Nadu,geonames-pin
IND342902AAA,Gotan_DKLogDPP_D (Rajasthan),Gotan,Rajasthan,342902,26.6863,73.72299000000001,"Gotan, Diyawari, Harsolav, Talanpur, Dhanapa, Basni Sejan, Asawari, Senani, Nokhachandawatan, Toonkaliyan",Rajasthan,geonames-pin
IND335523AAB,Nohar_Central_DPP_2 (Rajasthan),Nohar,Rajasthan,335523,29.05464210526316,74.72998684210526,"Padampura, Sonari, Meghana, Dhansia, Nanau, Jasana, Pandusar, Gandheli, Thirana, Jabrasar, Mandarpura, Gorkhana, Durjana, Ratanpura, Bhukarka, Munsari, Sirangsar, Chak Sardarpura, Tidyasar, Lalania, Malwani, Aradhki, Daidas, Dalpatpura, Dhandhela, Dhani Lakhan, Gudia, Jhedasar, Khinania, Khuiuyan, Naulakhi, Neemla, Soorpura, Toparia, Nohar, Birkali, Phephana, Nohar Bazar",Rajasthan,geonames-pin
IND504296AAA,Kaghaznagar_Central_DPP_1 (Telangana),Kaghaznagar,Telangana,504296,19.5158,78.574,"Mosam, Raspalli, Vempalli, Sirpur Khagaznagar, Penchikalpet, Tungeda, Bareguda, Rp Colony, Sanjeevnagar, Chedwai, M.G. Road, Harnath Colony, Industrial Area (Adilabad), Andavelli, Easgaon - V, Easgaon Camp, Old Town, Chintaguda",Telangana,geonames-pin
IND423701AAB,Vaijiapur_YeolaRD_D (Maharashtra),Vaijiapur,Maharashtra,423701,20.04285714285714,75.2571238095238,"Jategaon, Akoli Wadgaon, Vaijapur Town, Sirasgaon, Bhaggaon, Hingoni, Ladgaon, Bhagur, Chandgon, Chinchadgaon, Chorwaghalgaon, Gadhepimpalgaon, Jambhargaon, Katepimpalgaon, Mahalgaon, Mali Ghogargaon, Nagamthan, Rotegaon R.S., Veergaon, Wanjargaon, Vaijapur",Maharashtra,geonames-pin
IND466116AAA,Ashta_ShantiNg_D (Madhya Pradesh),Ashta,Madhya Pradesh,466116,23.00213,76.76219499999999,"Bager, Mugli, Khachrod, Aipur Ashta, Bhoura, Lasudliya Vijaysinh, Harrajkhedi, Ashta Fort, Foodra, Dupadiya, Bamuliyabhati, Chhapar, Aroliya, Dabri, Kurawar, Barkheda, Hakimabad, Khadi, Kannod, Ashta",Madhya Pradesh,geonames-pin
IND508248AAB,Devarakonda_DindiRD_D (Telangana),Devarakonda,Telangana,508248,16.878795999999998,78.970208,"Kambalapally, Mudugonda, Tadikole, Shakavally, Gottimukkala, Seripally, Timmapur, Kondabheemanapally, Chitriyala, Tooruppally, Murpunuthala, Teldevarapally, Polepally, Pogilla, Mallareddypally, Pervail, Peddamunigal, Neredugum, Kothapally, Deverkonda, Kacharajupally, Iddampally, Padmatpally, Gagillapur, Gandhinagar (Nalgonda)",Telangana,geonames-pin
IND515865AAB,Rayadurgam_RailGate_D (Andhra Pradesh),Rayadurgam,Andhra Pradesh,515865,14.81184090909091,77.07671363636365,"Rayadurg  Bazar, Chadam, Pulicherla, Darga Kondaopuram, Rayadurg, T.Veerapuram, Kalyam, Muradi Hanumapuram, Veerapuram, Lakshmi Bazar, R.Kothapalli, R.B.Vanka, Rayadurg Fort, Pulakurthy, Pulakunta, Gramadatla, Pallepalli, Muradi, Obulapuram, Somalapuram, Kadalur, Gollapalli",Andhra Pradesh,geonames-pin
IND577116AAA,,,Karnataka,577116,13.6171875,75.951525,"Birur, Kudlur, Mundre, Kamanakere, Hogarehalli, Bislere, Basoor, Balliganur",Karnataka,geonames-pin
IND614715AAA,Thirthurpondi_Madaprum_D (Tamil Nadu),Thirthurpondi,Tamil Nadu,614715,10.65858,79.54917,"Divammapuram, Rayanallur, Mettupalayam, Vittukatti, Vilakudi, Ezhilur, Kadiacheri, Keerakalur, Vellur-ttp, Kothamangalam",Tamil Nadu,geonames-pin
IND621212AAA,Perambalur_goplpurm_D (Tamil Nadu),Perambalur,Tamil Nadu,621212,11.2733,78.893,"Perambalur H.O, Madanagopalapuram, Perambalur Collectorate",Tamil Nadu,geonames-pin
IND713303AAA,Asansol_DC (West Bengal),Asansol,West Bengal,713303,23.8561,87.4564,"Mohishila Colony, Ushagram, Rambandhutalaw, B.B.College, S.D.Hospita",West Bengal,geonames-pin
IND284001AAA,Jhansi_LVMColge_D (Uttar Pradesh),Jhansi,Uttar Pradesh,284001,25.4688,78.6335,"Jhansi H.O, Jhansi Sadar Bazar, Jhansi Kutchery, Chauraha Municipal Board, Jhansi Cantt.",Uttar Pradesh,geonames-pin
IND787059AAB,Silapathar_Hejunagr_D (Assam),Silapathar,Assam,787059,27.5944,94.724,"Silabaligaon, Akajan Bormuria, Silapathar, Majorbari Budhbaria Bazar, Cementmukh, Demow Chariali, Bhagwan, Betanipam, Madhuripathar, Namgharia",Assam,geonames-pin
IND814101AAB,Dumka_Dudhani_D (Jharkhand),Dumka,Jharkhand,814101,24.3197,87.2666,"Dumka Court, Bandarjori, S.P.College, Dumka H.O",Jharkhand,geonames-pin
IND370110AAA,Anjar_DC (Gujarat),Anjar,Gujarat,370110,23.14513125,70.0224625,"Anjar, Tappar, Satapar, Varsamedi, Sinugara, Lakhapar, Zaru, Bitta Valadia, Vira, Devalia, Khambhara, Meghpar Borichi, Modvadar, Nagalpar, Vidi, Kumbharia",Gujarat,geonames-pin
IND733129AAA,Kaliyaganj_FatprDPP_D (West Bengal),Kaliyaganj,West Bengal,733129,25.86979090909091,88.16595,"Mudafat, Baghan, Kaliyaganj Collegepara, Raghunathpur, Radhikapur, Faridpur, Manoharpur, Malgaon, Tamchari Mathbari, Tarangapur, Tungail Bilpara, Puria, Madhabpur, Bhelai, Bhanail, Krishnabati, Dhankoil Hat, Kunor, Dalimgaon, Mahendraganj (North Dinajpur), Kaliyaganj, Akhanagar",West Bengal,geonames-pin
IND641011AAA,Cjb_West_Dc (Tamil Nadu),Cjb,Tamil Nadu,641011,11.0179,76.9693,Saibaba Mission,Tamil Nadu,geonames-pin
IND486771AAA,Churhat_Central_DPP_1 (Madhya Pradesh),Churhat,Madhya Pradesh,486771,24.281333333333333,81.6829037037037,"Pachokhar, Dihuli, Sanda, Badhaura, Kushmahar, Kapuri, Kolhudih, Baghaun, Karaundia, Jhalwar, Semaria Pondi, Tikatkala, Churhat, Salaiya, Badokhar, Ukarha, Kuspari, Hatwakhas, Kamarjee, Lakauda, Badkhara, Chakdaur, Mawai, Dadhia, Mohania, Dhanha, Hanumangarh",Madhya Pradesh,geonames-pin
IND792120AAB,Changlang_Central_D_1 (Arunachal Pradesh),Changlang,Arunachal Pradesh,792120,27.1887125,95.7253,"Yangkang, Bubang, Khemiyong, Rangfra Govt.College, Namdang, Ranglum, Changlang, Namtok",Arunachal Pradesh,geonames-pin
IND442101AAB,Deoli_Central_DPP_2 (Maharashtra),Deoli,Maharashtra,442101,20.703005,78.51677,"Gaul, Khangaon, Sonegaon Abaji, Selsura, Padegaon, Wabgaon, Nagzari, Watkhed, Pimpalgaon Lute, Nandora Dafre, Mozari, Kangaon, Giroli, Bhidi, Kapsi, Andori, Deoli (Wardha), Agargaon, Shirpur, Chikni",Maharashtra,geonames-pin
IND733201AAA,Dalkhola_DltprDPP_D (West Bengal),Dalkhola,West Bengal,733201,25.885116666666665,88.065925,"Andharia, Dalkhola, Shikarpur, Patnaur, Lalganj, Bazargaon, Maheshpur, Jagadishpur, Sripur, Magnavita, Khurka, Rashokhowahat",West Bengal,geonames-pin
IND487001AAB,Narsinghpur_KndliDPP_D (Madhya Pradesh),Narsinghpur,Madhya Pradesh,487001,22.939780952380957,79.25391904761905,"Khurpa, Kandeli, Nayakheda, Khamria, Chawarkheda, Devnagarnaya, Dudwara, Itwarabazar, Umaria(Chinki), Kherinaka, Rampiparia, Bahoripar, Magrdha, Narsinghpur H.O, Kamtada, Dangidhana, Kerpani, Chinki, Dhamna, Mungwani, Bachai",Madhya Pradesh,geonames-pin
IND508116AAA,Bhuvanagiri_HBColny_D (Telangana),Bhuvanagiri,Telangana,508116,16.876,79.2009,Bhongir H.O,Telangana,geonames-pin
IND577132AAD,Mudigere_HesglDPP_D (Karnataka),Mudigere,Karnataka,577132,13.368663636363635,75.71238636363636,"Kirugunda, Jannapura, Nandipura, Hesgal, Mekanagadde, Halase, Gonibeedu, G. Hosahalli, Devarinda, Billurkadidal, Bidrehalli, Bettadamane, Baskal, Jogannakere, Makonahalli, Gowdahalli, Kammaragodu, Hanthur, Mudigere, Kundur, Daradahalli, Urubage",Karnataka,geonames-pin
IND581343AAC,Kumta_Central_DPP_2 (Karnataka),Kumta,Karnataka,581343,14.6629,74.8387,"Alvekodi(KMT), Honmav, Kumta H.O, Kumta Kutchery",Karnataka,geonames-pin
IND621211AAA,Musiri_ThryrRD_D (Tamil Nadu),Musiri,Tamil Nadu,621211,10.775611111111113,78.42841111111112,"Sittalarai, Parvathipuram, M.Pudupatti, Thumbalam, Valavandhi, Vellalapatti, Mettupatti, A.A. College, Musiri",Tamil Nadu,geonames-pin
IND416510AAA,Sawantwadi_LaxmiNgr_D (Maharashtra),Sawantwadi,Maharashtra,416510,16.1323,73.7383,Sawantwadi H.O,Maharashtra,geonames-pin
IND637211AAA,Tirchngode_Mhdhvpur_D (Tamil Nadu),Tirchngode,Tamil Nadu,637211,11.3305,77.9535,"Tiruchengodu H.O, Tiruchengodu North, Tiruchengodu South",Tamil Nadu,geonames-pin
IND281401AAA,Chhata_GvrdnDPP_D (Uttar Pradesh),Chhata,Uttar Pradesh,281401,27.541944444444443,78.17356666666666,"Nari, Dautana, Khaira, Chhata (Mathura), Ladhpur, Bishambhara, Paingaon, Ranwari, Dhamsinga",Uttar Pradesh,geonames-pin
IND573142AAA,Ramanathapura_Central_D_2 (Karnataka),Ramanathapura,Karnataka,573142,12.86105,75.980375,"Heggadihalli, Hulikallu, Koratikere, Doddamagge",Karnataka,geonames-pin
IND244001AAA,Moradabad_DC (Uttar Pradesh),Moradabad,Uttar Pradesh,244001,28.8641,78.82665277777778,"Godhi, Nawabpura, Hathala Colony, Moradabad Kutchery, Moradabad R.S., Mandi Naj, Devapur Mustkam Pur, Faredi, Macharria, Galshaheed, Uncha Gaon, Lakri Fazalpur, R N . Area, Rajpur Kesaria, P.T.C. Moradabad, P.A.C. Moradabad, Noorpur, Nai Basti (Moradabad), Beejna, Moradabad City, Hasanpur Katia, Mughal Pura, Husainpur Hamir, S.P.F. Mrd, Town Hall (Moradabad), Stationroad, Gandhi Nagar (Moradabad), Faij Ganj Bazar, Katghar (Moradabad), R.T.S. Moradabad, Tumaria Kalan, Mukarrabpur, Jahangirpur, Bhaisian, Sitapuri, Moradabad H.O",Uttar Pradesh,geonames-pin
IND464001AAA,Vidisha_ShrprDPP_D (Madhya Pradesh),Vidisha,Madhya Pradesh,464001,23.64150454545455,77.9734,"Tharr, Lashkarpur, Simarhar, Mirzapur, Hansua, Ambar, Imalia, Ahmedpur, Vidisha Mandi, Chirodia, Vidisha H.O, Vidisha S.A.T.I., Siyasi, Naulas, Sonther, Atarikhejda, Bhadarbadagaon, Khari, Sehod, Udaigiri, Vidisha Collectorate, Mohnakhejda",Madhya Pradesh,geonames-pin
IND722101AAA,Bankura_KeranDPP_D (West Bengal),Bankura,West Bengal,722101,23.2505,87.3849,"Bankura H.O, Lalbazar (Bankura), Feder Road, Nutanchati, Bankura  DSB, Pilgrim Road",West Bengal,geonames-pin
IND764001AAC,Jeypore_Kelasahi_D (Orissa),Jeypore,Orissa,764001,18.9322,82.4017,"Jeypore(K) Koraput Road, Jeypore(K) H.O, Jeypore(K) Civil Court, B.D.Pur, Sriramnagar",Odisha,geonames-pin
IND504201AAA,Chinnur_AsnsdhRD_D (Telangana),Chinnur,Telangana,504201,19.50872857142857,78.58667142857144,"Nagapur, Alegaon, Angarajpally, Somanpally, Dugnepally, Pokkur, Annaram, Asnad, Kollur, Parpally, Dewalwada, Chinnoor, Kommera, Sirsa",Telangana,geonames-pin
IND629179AAA,Marthandam_Nallur_D (Tamil Nadu),Marthandam,Tamil Nadu,629179,8.3403,77.3452,Unnamalakada,Tamil Nadu,geonames-pin
IND212601AAA,Fatehpur_Kotwali_D (Uttar Pradesh),Fatehpur,Uttar Pradesh,212601,25.89459583333333,80.79622083333334,"Fatehpur Town, Korai, Umari, Beragarhiwa, Fatehpur H.O, Churiyani, Fatehpur Court, Teliyani, Aboonagar, Shah, Hariharganj, Chandiyana, Ramwan, Banarsi, Bilandpur, Dhakauli, Fatehpur City, Sangaon, Ayah, Bhitaura, Baranpur, Kandhi, Damapur, Meoli",Uttar Pradesh,geonames-pin
IND768201AAA,Jharsuguda_MbRoad_D (Orissa),Jharsuguda,Orissa,768201,21.84,84.0102,"Sr Jharsuguda, Jharsuguda H.O, Sarbahal",Odisha,geonames-pin
IND523316AAB,Markapur_VidyaNgr_D (Andhra Pradesh),Markapur,Andhra Pradesh,523316,15.5381,79.2958,"Markapur Bazar, Markapur East, Markapur H.O",Andhra Pradesh,geonames-pin
IND246725AAB,Chandpur_NorprRD_D (Uttar Pradesh),Chandpur,Uttar Pradesh,246725,29.208619047619045,78.37397142857142,"Pipli Jat, Singha, Chandpur, Mirzapur Khader, Bagarpur, Chandpur, Roniya, Ajdev Khanpur, Aurangabad Urf Sikanderpur, Gandhore, Heempur Buzurg, Heempur Deepa, Sudnipur Rawati, Bahmanshora, Saindwar, Siau, Jalilpur, Ismailpur, Imliya, Darbara, Datiyana",Uttar Pradesh,geonames-pin
IND414203AAB,Ashti_SavtaHTL_D (Maharashtra),Ashti,Maharashtra,414203,18.99378947368421,75.61885263157895,"Nagtala, Gangadevi, Sawargaon, Brahmagaon, Matawali, Doithan, Jamgoan, Jogeswari Pargaon, Karhewadgaon, Khadkat, Ashti (Beed), Matkuli, Welturi, Takalsingi, Patsara, Bhalwani, Beed Sangvi, Ashta Harinarayan, Chikhali",Maharashtra,geonames-pin
IND501301AAC,Ghatkesar_Central_D_1 (Telangana),Ghatkesar,Telangana,501301,17.373176923076922,78.46704615384616,"Cherial, Keesara, Keesaragutta, Rompalli, Rampallidiara, Bogaram, Yadgarpalli, Cherlapalli, Thimmaipalli, Ankireddipalli, Ankushapur, Edulabad, Ghatkesar",Telangana,geonames-pin
IND731301AAA,Nanoor_Central_DPP_1 (West Bengal),Nanoor,West Bengal,731301,24.5795,87.7736,"Barha, Ch.Nanoor, Belhati, Sauta, Uchkaran, Ukrandi, Charkolgram, Pakurhans, Mohanpur",West Bengal,geonames-pin
IND752056AAA,Khurdha_MdhsnDPP_D (Orissa),Khurdha,Orissa,752056,20.10484545454545,85.52324545454545,"Dalatola, Gudum, Dadhimachhagadia, Karadgadia, Panabaraj, Pallahat, Bangida, Kaipadar, Kalyanpur, Kunjuri, Daleiput",Odisha,geonames-pin
IND758035AAA,Barbil_PunjbiPd_D (Orissa),Barbil,Orissa,758035,21.649666666666665,85.62267777777778,"Guali, Barbil, Sundara Shiv Mandir, Nalada, Bhadrasahi, Serenda, Kasia(KA), Bhuyanroida, Thakurani",Odisha,geonames-pin
IND487551AAA,Gadarwara_MPward_D (Madhya Pradesh),Gadarwara,Madhya Pradesh,487551,22.952291666666667,78.77138333333333,"Siregaon, Amgaonchhota, Bharheta, Gadarwara, Jamada, Gadarwarars, Jawaharganj Gadarwara, Deedhori, Imliya(Pipria), Kathotiya, Nandner, Khursipar",Madhya Pradesh,geonames-pin
IND125047AAB,Hisar_AgrohDPP_D (Haryana),Hisar,Haryana,125047,29.326723076923077,75.68494615384616,"Sandol, Nangthala, Bhoda, Kuleri, Thaska, Kirmara, Agroha, Gorakhpur, Chikanwas, Landhari, Kumaharia, Shamukh, Siwani Bolan",Haryana,geonames-pin
IND757001AAA,Baripada_KalikDPP_D (Orissa),Baripada,Orissa,757001,21.8952,86.4112,"Deulasahi, Baripada H.O, Baripada Court, Baripada R.S., Baripada Hospital, Tulasichoura, Baripada Bazar, Baripada Municipal Market, Palabani Chhak, Ambikasahi",Odisha,geonames-pin
IND125111AAA,Fatehabad_BhunaDPP_D (Haryana),Fatehabad,Haryana,125111,29.53930833333333,75.63831666666667,"Sanchla, Khajuri Jatti, Jandli Khurd, Chaubara, Baijalpur, Bhuna, Chandrawal, Jandli Kalan, Dhani Gopal, Dullat, Dhola, Nadhori",Haryana,geonames-pin
IND274509AAB,Salempur_Banjaria_D (Uttar Pradesh),Salempur,Uttar Pradesh,274509,26.409207142857145,83.81660714285715,"Chordiha, Tulsi Bara, Thengval Dubey, Sohnag, Salaempur, Chakarawa Bahordas, Deoria  Urf Shampur, Rampur Buzurg, Madhawapur, Dol Chhapra, Dumwalia, Balepur, Ahirauli, Srinagar",Uttar Pradesh,geonames-pin
IND328001AAA,Dholpur_GtRoad_D (Rajasthan),Dholpur,Rajasthan,328001,26.78430952380953,77.63054761904762,"Moroli, Jatoli, Tagawali, Bichhia, Kasimpur, Jirauli, Sandey, Mahmadpur, Dholpur H.O, Barehmori, New Bus Stand Dholpur, Udaibhan Ganj Dholpur, Bhesena, Dubra, Sadikpur, Tor, Basaineem, Odi, Bazariya Dholpur, Civil Court Dholpur, Sabji Mandi Dholpur",Rajasthan,geonames-pin
IND571105AAA,Hunsur_RatnaDPP_D (Karnataka),Hunsur,Karnataka,571105,12.320427272727272,76.31337272727272,"Gurupura, Hareenahalli, Panchavalli, Nallurpala, Maradur, Chilkunda, Uddur, Bannikuppe, Kallahalli, Somanahalli, Hunsur",Karnataka,geonames-pin
IND505326AAB,,,Telangana,505326,18.376,79.2449,"Koratla Bazar, Koratla",Telangana,geonames-pin
IND184104AAA,Kathua_BOB_D (Jammu & Kashmir),Kathua,Jammu & Kashmir,184104,32.3749,75.4741,"Jakhbar, Kothera, Changran, Rakh Lachhipura, Janglote, Mini Sectt Kathua, Logate",Jammu & Kashmir,geonames-pin
IND207123AAA,Kasganj_BnkrGate_D (Uttar Pradesh),Kasganj,Uttar Pradesh,207123,27.5097,78.7097,"Gorha, Wazirpur, Kayampur Baheria, Mihari, Mahdva, Nawab Ganj, Nagla Katila, Barahdwari, Pathreki, Rekhpur, Tilsai, Nadrai, Salai, Behta, Kasganj, Kasganj RS",Uttar Pradesh,geonames-pin
IND626138AAA,Maharajapuram_Krsnakcl_D (Tamil Nadu),Maharajapuram,Tamil Nadu,626138,9.537228571428573,78.02055714285714,"Nedungulam, Kunnur, P.Sallipatti, Villupanur, Ayanathampatti, Moovaraivendran, Mangalam",Tamil Nadu,geonames-pin
IND577598AAB,Madikeri_MuthpTmp_D (Karnataka),Madikeri,Karnataka,577598,13.837315384615383,76.5820076923077,"Halmadenahalli, Peelali, Yelladakere, Gowdanahally, Kasavanahally, Uduvally, Yalanadu, Dindavara, Alur, Huvinahole, Babbur Farm, Hiriyur, Doddaghatta",Karnataka,geonames-pin
IND342902A1B,,,Rajasthan,342902,26.6863,73.72299000000001,"Gotan, Diyawari, Harsolav, Talanpur, Dhanapa, Basni Sejan, Asawari, Senani, Nokhachandawatan, Toonkaliyan",Rajasthan,geonames-pin
IND624703AAA,Gujiliam_Parai_D (Tamil Nadu),Gujiliam,Tamil Nadu,624703,10.508757142857144,77.9306,"Mallapuram, Alambadimines, Ramagiri, Ulliyakottai, Karikali, Guziliamparai, Thozhipatti",Tamil Nadu,geonames-pin
IND501101AAB,Vikarabad_Central_DPP_2 (Telangana),Vikarabad,Telangana,501101,17.4171,78.4772,Vikarabad H.O,Telangana,geonames-pin
IND211008AAA,Allahabad_Central_D_3 (Uttar Pradesh),Allahabad,Uttar Pradesh,211008,25.39678571428572,81.88520000000001,"Naini Pac, I L C, Dandi Bazar ED, Naini (Allahabad), Nibi, Arail, Chaka",Uttar Pradesh,geonames-pin
IND562132AAC,Bengaluru_Nelmngla_L (Karnataka),Bengaluru,Karnataka,562132,13.228566666666666,77.48276666666668,"Niduvanda, Doddabele, Kollalagatta, Manne, Obalapura, Tyamagondlu",Karnataka,geonames-pin
IND121002AAA,Faridabad_Old (Haryana),Faridabad,Haryana,121002,28.417183333333337,77.393,"Faridabad Sector 16a, Faridabad Sector 18, Kheri Kalan, Faridabad Sector 16, Faridabad City, Bhaskola",Haryana,geonames-pin
IND845305AAA,Raxaul_KairiyaT_D (Bihar),Raxaul,Bihar,845305,26.93270833333333,84.825575,"Hardiya, Belwa, Purandara, Siswa Sounaha, Jokiyari, Gonaha, Noniyadih, Sihpur, Parsurampur, Kaurihar, Raxaul, Bhelahi",Bihar,geonames-pin
IND360370AAA,Jetpur_DC (Gujarat),Jetpur,Gujarat,360370,21.991942857142856,70.73695238095239,"Champrajpur, Jetpur, Rabarika, Pedhla, Panch Pipla, Mota Gundala, Jambudi, Mandlikpur, Jetpur F.W. ND T.S.O, Jetpur K.B. ND T.S.O, Kerali, Kharachiya, Fareni, Pithadia, Premgadh, Reshamdi Galol, Samadhiyala, Mevasa, Devki Galol, Derdi, Thana Galol",Gujarat,geonames-pin
IND413401AAA,Barshi_Kurduwdi_D (Maharashtra),Barshi,Maharashtra,413401,17.841804000000003,75.50877600000001,"Malegaon, Surdi, Pimpalgaon, Gadegaon, Sondare, Upalai  ( Thonge ), Upale Dhumala, Kuslumb, Shendri, Khvhe, Bhatambre, Gulpoli, Halduge, Khamgaon, Jamgaon  (Agalgaon), Khandvi, Korphale, Malvandi, Market Yard Barshi, Tadsoundane, Shripat Pimpari, Deogaon, Subhash Nagar Barshi, Barshi, Jamgaon  (Pangari)",Maharashtra,geonames-pin
IND174021AAA,Ghumarwin_Gndhichk_D (Himachal Pradesh),Ghumarwin,Himachal Pradesh,174021,31.63159,76.69389,"Amarpur, Bhager, Kothi, Naswal, Ghumarwin, Loharwin, Dabla, Bari Majherwin, Takrera, Samoh",Himachal Pradesh,geonames-pin
IND577101AAA,Chikmagalur_DC (Karnataka),Chikmagalur,Karnataka,577101,13.31045,75.80883125,"Kabbinahalli, Indavara, Karthikere, Vijayapuram (Chickmagalur), Muguluvalli, Marle, Avathi, Chikmagalur District Office, Porterpet, Hiremagalur, Anur, Ramanahalli, Chikmagalur H.O, Chikmagalur Fort, Amble, Hirekolale",Karnataka,geonames-pin
IND473443AAA,Mungaoli_AshkngRd_D (Madhya Pradesh),Mungaoli,Madhya Pradesh,473443,24.36788333333333,78.1148,"Malhargarh, Kirola, Bilheru, Mungaoli, Madaukhedi, Kasbarenj",Madhya Pradesh,geonames-pin
IND141115AAA,Machhiwara_MnBzrDPP_D (Punjab),Machhiwara,Punjab,141115,30.92911666666667,76.198,"Jodhwal, Hambowal, Machhiwara, Punjgarain, Lubangarh, Takhran",Punjab,geonames-pin
IND321001AAB,Bharatpur_NraynDPP_D (Rajasthan),Bharatpur,Rajasthan,321001,27.174988888888887,77.59110370370371,"Anahgatebharatpur, Undra, Chiksana, Bharatpur Agency, Sunari, Aghapur, Khemra, Bharatpur H.O, Tuhiya, Sogar, Ghusiyari, Malah, Bachhamdi Noh, Behnera, Forest Lodge, Ikran, Chichana, Barso, Gopalgarh BTP, Kotwalibharatpur, Ranjeet Nagar BTP, Mathura Gate BTP, Bharatpur City, Kumhergate BTP, Krishna Colony BTP, New Mandi BTP, Collectorate BTP",Rajasthan,geonames-pin
IND743347AAA,Kakdwip_KlngrDPP_D (West Bengal),Kakdwip,West Bengal,743347,22.09782142857143,88.4012,"Fatickpur, Rajnagar, Jaharpur, Kakdwip Kalinagar, Manmathapur, Bhubannagar, Bishalakshmipur, Dakshin Gopalnagar, Harendranagar, Mrinalnagar, Muchikata Baikunthapur, Mundapara Kashiabad, Ganeshpur 1st Gheri, Bamanagar, Dakshin Khasiabad, Uttar Gopalnagar, Takipurabad, Pukurberia, Durba Chati, Gangadharganj, Budhakhali, Kakdwip, Paschim Surendranagar, Gobindarampur, Ganeshpur Baikunthapur, Ganeshpur 4th Gheri, Akshoynagar, Bijannagar",West Bengal,geonames-pin
IND362560AAA,Una_Mamlatdr_DC (Gujarat),Una,Gujarat,362560,21.3729,70.4136,"Simasi, Amodra, Bhacha, Kandhi, Kanakia, Kajardi, Jasadhar, Gangda, Bodidhar, Bhadiyadhar, Ambavad, Vavarda, Varsingpur, Umej, Tulsishyam, Samter, Nathal, Motadesar, Kesariya, Kansari, Untvada, Vankia, Una",Gujarat,geonames-pin
IND342602AAC,Bilara_Central_DPP_2 (Rajasthan),Bilara,Rajasthan,342602,26.57782857142857,73.05737142857143,"Bilara, Barna, Jhak, Kharia Mithapur, Jetiwas, Pichiyak, Udaliyawas",Rajasthan,geonames-pin
IND441206AAB,Brahmapuri_DhnliRth_D (Maharashtra),Brahmapuri,Maharashtra,441206,20.47165,79.77660416666667,"Baradkinhi, Adyal Tekadi, Nanhori, Hardoli, Nilaj, Jugnala, Chaugaon, Kalamgaon, Bramhapuri, Pimpalgaon, Paradgaon, Waigaon, Mendki, Halda, Awalgaon, Kahali, Khed, Gangalwadi, Mudza, Maushi, Kurza, Kirmitimendha, Arher Nawargaon, Kinhi",Maharashtra,geonames-pin
IND460001AAA,Betul_PatelWrd_D (Madhya Pradesh),Betul,Madhya Pradesh,460001,21.91145833333333,77.78803749999999,"Rondha, Jogli, Sehra, Borgaon, Bhadus, Betul H.O, Betul Ganj, Jeen, Nimpani Padhar, Kothi Bazaar, Badora, Chandbaheda, Bhogiteda, Vikasnagar Betul, Garha, Bharat Bharti, Sillot, Mandai Bujurg, Khandara, Temni, Sakadehi, Mathani, Kolgaon, Chikhali",Madhya Pradesh,geonames-pin
IND680012AAA,Arimbur_Veluthur_D (Kerala),Arimbur,Kerala,680012,10.5232,76.184425,"Veluthur, Chettupuzha, Pullazhi, Manakkodi",Kerala,geonames-pin
IND466001AAA,Sehore_Mangalam_D (Madhya Pradesh),Sehore,Madhya Pradesh,466001,22.90183043478261,77.35481304347826,"Hasnabad, Pachama, Nipaniya, Bijori, Sehore City, Khamaliya, Janpur Bavdiya, Mahodiya, Mograram, Mundlakhurd, Mungavli, Bijlone, Sehore Town, Semradangi, Badiyakhedi, Baktal, Jatakheda, Sehore Rak, Sehore Mandi, Sehore H.O, Sehore Englishpura, Naplakhedi, Sehore Ganjbajariya",Madhya Pradesh,geonames-pin
IND802158AAB,Jagdishpur_Wardno13_D (Bihar),Jagdishpur,Bihar,802158,25.39222857142857,84.3936642857143,"Kakila, Parasia, Tenduni, Babhaniaon, Siaruan, Masuri, Kahathumasurhi, Bairahi, Jagdishpur (Bhojpur), Manudehari, Sheopurkunai, Barad Parwa, Hetampur, Bahuara",Bihar,geonames-pin
IND242307AAB,Tilhar_SingCLNY_D (Uttar Pradesh),Tilhar,Uttar Pradesh,242307,27.87907894736842,79.84448421052632,"Nizampur, Rudrapur, Bilhari, Rujwari, Banthara, Piproli, Chauhatia, Dabhora, Dhakiaragha, Dhaneora, Gopalpurthatheura, Hindu Pattil, Khairpurmilkipur, Maujampur, Samdhana, Rajanpur, Birsinghpur, Tilhar, Rati",Uttar Pradesh,geonames-pin
IND141010AAA,Ludhiana_DC (Punjab),Ludhiana,Punjab,141010,30.8485,76.141,"Focal Point, Jamalpur Awana, Moti Nagar",Punjab,geonames-pin
IND210501AAB,Bewar_BndhuTRH_D (Uttar Pradesh),Bewar,Uttar Pradesh,210501,25.78902,79.9241,"Chhani Buzurg, Bandhur Khurd, Bajehta, Bewar (Hamirpur), Mahera, Sayar, Swasa Bujurg, Lodipur Newada, Ruripara, Umari",Uttar Pradesh,geonames-pin
IND301705AAA,Neemrana_Rcocmplx_D (Rajasthan),Neemrana,Rajasthan,301705,28.0072,76.37472,"Naghori, Rodwal, Neemrana, Pratapsinghpura, Gheelot",Rajasthan,geonames-pin
IND854105AAB,Katihar_Central_D_2 (Bihar),Katihar,Bihar,854105,25.5259,87.5041,"Durgapur, Katihar H.O, Katihar Rs, Katihar Bara Bazar, Katihar Colony",Bihar,geonames-pin
IND783129AAA,Lakhipur_WrdN4DPP_D (Assam),Lakhipur,Assam,783129,26.073305,90.328095,"Lakhipur (Goalpara), Joypur Bazar, Nidanpur, Dhamer Reserve, Balarbhita, Fetangapara, Joybhum, Joyramkuchi, Baguan, Aolatoli, Bashbari, Rajmita Pantai, Panisali, Meserbhita, Takimari, Beserkona, Chunari, Ambari Bazar, Rowkhowa, Hashdoba",Assam,geonames-pin
IND312601AAA,Nimbahera_MsjidDPP_D (Rajasthan),Nimbahera,Rajasthan,312601,24.6225,74.68432222222222,"Jaliya, Phalwa, Ranikhera, Badolighata, Jawada  II, Kotri Kalan, Lasdawn, Marjivi, Rassoolpura, Dalla (Kishanpura), Gadola, Bangreda, Badolimadhosingh, Doria, Basera, Nimbahera, Bari, Keli",Rajasthan,geonames-pin
IND327001AAB,Banswara_KhandDPP_D (Rajasthan),Banswara,Rajasthan,327001,23.48036181818182,74.36690363636365,"Panchalwasa, Chhoti Sarwan, Banswara H.O, Nalda, Banswara Ind. Area, Banswara Mahi Colony, Banswara Prathvi Ganj, Kotra, Borwat, Bor Khaber, Boriya, Kundal, Dana Khari, Banswara City, Badrel Khurd, Danpur, Harnathpura, Kuwania, Lodha, Upla Ghantala, Thikariya, Tamtiya, Singhpura, Sevna, Palaswani, Nichala Ghantala, Navagoan, Napla, Mordi Nichali, Mokampura, Maheshpura, Kopda, Kheda Khas, Katumbi, Kaserpura, Kalakhet, Jahapura, Godi Tajpur, Galkiya, Chriyawasa, Fefar, Chanduji Ka Gara, Bhapor, Rohida, Badliya, Badgoan, Kundla Kalan, Surpur, Tajpur, Chacha Kota, Sundni, Khandu, Jhupel, Bari, Khajuri",Rajasthan,geonames-pin
IND311301AAA,Asind_BsStdDPP_D (Rajasthan),Asind,Rajasthan,311301,25.55304736842105,74.53444210526317,"Tiloli, Katar, Bajunda, Dantra, Jhalriya, Borela, Barana, Parasoli, Chainpura, Kavlas, Ragunathpura, Rooppura, Lachura, Darawat CO, Negdia, Kidimal, Ratanpura, Asind, Daulatgarh",Rajasthan,geonames-pin
IND785675AAA,Moranhat_TiloiDPP_D (Assam),Moranhat,Assam,785675,27.2754,94.8757,"Kathalguri, Khowang, Lukumai, Buri Khowang, Tinthengia, Tiloinagar, Sechowapukhuri, Rangchali, Pathalibam, Nahazhar, Majbam Chariali, Tarajan, Krisipam Nigam, Gozpuria, Ghuguloni Ahumgaon, Dikhari Kinar Gaon, Dikari Morang Gaon, Dihingia Gaon, Dhemechi, Thengal",Assam,geonames-pin
IND523226AAA,Chimkurthy_MSRClgRd_D (Andhra Pradesh),Chimkurthy,Andhra Pradesh,523226,15.5719,79.86701818181818,"Chinaravipadu, Bandlamudi, Manchikalapadu, R.L.Puram, G.L.Puram, Chilamkur, Bhusarapalli, Chimakurty, Kunamnenivaripalem, Pulikonda, Gonugunta",Andhra Pradesh,geonames-pin
IND635601AAB,Tiruppattur_KoilStrt_D (Tamil Nadu),Tiruppattur,Tamil Nadu,635601,12.4453,78.6146,"Gandhipet - TPT, Asiriyar Nagar, Tirupattur TNHB, Tirupattur H.O",Tamil Nadu,geonames-pin
IND470113AAA,Bina_Srvdycwk_D (Madhya Pradesh),Bina,Madhya Pradesh,470113,24.15150833333333,78.37706666666666,"Dewal, Karo R.S., Bina Bazaria, Bildho, Bina, Piprasar, Bardha, Agasaud, Kanjiya, Bhangarh, Dehri, Korja",Madhya Pradesh,geonames-pin
IND412210AAC,Shirur_Central_DPP_3 (Maharashtra),Shirur,Maharashtra,412210,18.605925,74.16669999999999,"Nirvi, Chinchani Camp, Shirasgaonkata, Karda, Golegaon, Nimone, Shirur (Pune), Inamgaon",Maharashtra,geonames-pin
IND721434AAB,Manglamaro_Bypassrd_D (West Bengal),Manglamaro,West Bengal,721434,22.0208,87.7744,"Saridaspur, Panchuria, Maisali, Dhankrabanka, Taghari, Manglamaro, Barmakhal",West Bengal,geonames-pin
IND770001AAA,Sundargarh_DiyoDPP_D (Orissa),Sundargarh,Orissa,770001,21.748,84.886,"Sundargarh Court, Sundargarh H.O, Mahesdihi, Dengibhadi, Regent Market",Odisha,geonames-pin
IND802301AAA,Arrah_Katira_D (Bihar),Arrah,Bihar,802301,25.469,84.5437,"Arrah H.O, Arrah Kutchey, Arrah Chowk, Sheoganj (Bhojpur), Shahbad Distt.Board Ara, Maharaja College, H.D.Jain College, Pakari, Waliganj",Bihar,geonames-pin
IND334001AAC,Bikaner_ITICollg_L (Rajasthan),Bikaner,Rajasthan,334001,28.145995,73.20329000000001,"Kolasar, Karmisar, Amarpura, Akasar, Sujandeser, Norangdesar, Khari Charnan, Kelan, Kawani, Gadhwala, Bholasar Budhan, M.G.Road, Jassusar Gate, Bikaner H.O, Lalgarh Road, Kotegate, Sadul Colony, Mohta Chowk, Rani Bazar, D.S.Office, Bikaner Kutchery, Lalkar, Dungar College, Sitla Gate, Pabubari, Bachasar, Bikaner City, Gajner Palace, Lakhusar, Gusainsar, Jaimalsar, Kalasar, Kanasar, Jalwali, Rajasar Bhatiyan, Surdhana Chauhanan, Surjara, Nal Bari, Shiv Bari, Makrasar",Rajasthan,geonames-pin
IND151505AAA,Mansa_GreenVly_D (Punjab),Mansa,Punjab,151505,29.900865,75.40818499999999,"Mian, Akkanwali, Khara, Lakhmir Wala, Jaurkian, Kot Dharmu, Rai Pur, Dulo Wal, Gehley, Bhamme Kalan, Bajjewala, Udit Bhagat Ram, Narinder Pura, Nangal Kalan, Mansa (Mansa), Kot Lallu, Grain Market Mansa, Distt. Couts Mansa, Saharna, Makha",Punjab,geonames-pin
IND637408AAA,Rasipurm_Knrpati_D (Tamil Nadu),Rasipurm,Tamil Nadu,637408,11.4291875,78.1039875,"Kakkaveri, Pudupalayam, Rasipuram Bazaar, Pattanam, Rasipuram, Kavundampalayam, Kattanachampatti, Rasipuram East",Tamil Nadu,geonames-pin
IND792130AAB,Khonsa_Central_D_1 (Arunachal Pradesh),Khonsa,Arunachal Pradesh,792130,26.99700769230769,95.51671538461538,"Dadam, Khela, Valley view, Khonsa, Kapu, Kheti, Khonsa Basti, Thinsa, Lazu, Kanubari, Tupi, Kaimai, Borduria",Arunachal Pradesh,geonames-pin
IND174101AAB,Nalagarh_Central_DPP_2 (Himachal Pradesh),Nalagarh,Himachal Pradesh,174101,31.10657391304348,76.72642173913043,"Bhogpur, Ratwari, Kundlu, Khera, Nalagarh, Bhatian, Baruna, Manjholi, Reru, Jhajra, Galote, Goela Panner, Panjhera, Rajpura, Manpura, Dabhota, Joghon, Nangal, Khillian, Plassaikalan, Kalibari, Gurumajra, Lodhimajra",Himachal Pradesh,geonames-pin
IND144514AAA,Nawanshahr_DC (Punjab),Nawanshahr,Punjab,144514,31.169666666666664,76.09084444444444,"Kulam, Saloh, Kariam, Mahalon, Nawanshahar Mandi, Gulshan Bazar Nawanshahar, Allachaur, Barnala Kalan, Nawanshahar",Punjab,geonames-pin
IND515591AAA,Kadiri_GVManu_D (Andhra Pradesh),Kadiri,Andhra Pradesh,515591,13.94053,78.10444,"Kadiri Chowk, Mundy Bazaar, Kowlepalli, Bommireddipalli, Pulagampalli, Muthyalacheruvu, Clock Tower Kadiri, Inagaluru, K.Brahmanapalli, Kadiri",Andhra Pradesh,geonames-pin
IND591102AAA,Bailhongal_NamoNagr_D (Karnataka),Bailhongal,Karnataka,591102,15.828958823529414,74.89844705882354,"Vakkund, Lakkundi, Hannikeri, Nayanagar, Bailhongal Bazar, Yardal, Chachadi, Harugoppa, Bailhongal H.O, Anigol, Amtur, Nagnur, Devalapur, Neginhal, Inchal, Bailwad, Bailhongal S.R. Chowk",Karnataka,geonames-pin
IND623704AAA,Muthukulathur_VaiklSRT_D (Tamil Nadu),Muthukulathur,Tamil Nadu,623704,9.64280909090909,78.3007909090909,"Pothikulam, Vilangulathur, Vennirvaikkal, Veerambal, Kidathirukkai, Ilanjembur, Chithrankudi, Melasirupothu, Keeranur, Mudukulathur, Sadayaneri",Tamil Nadu,geonames-pin
IND638401AAA,Sathyamangalam_Mlydpthr_D (Tamil Nadu),Sathyamangalam,Tamil Nadu,638401,11.5589,77.26789999999998,"Puduvadavalli, Komarapalayam-sathy, Sathy Bazaar, Bannari, Thingalur, Araipalayam, Chikkarasampalayam, Dhimbam, Hassanur, Kottuveerampalayam, Alathucombai, Germalam, Ikkarainegamam, Sathyamangalam",Tamil Nadu,geonames-pin
IND784110AAA,Dhekiajuli_Wardno5_D (Assam),Dhekiajuli,Assam,784110,26.6563,92.46950833333334,"Dhekiajuli, Singri, Mitham Bangali, Chitalmari, Ghogra, Keherukhanda, Palasbasti Pathar, Pirakata No.2, Rangagora Darrang, Upper Panbari, Natun Sirajuli, Farshipam",Assam,geonames-pin
IND451666AAA,Sendhwa_VishnuVhr_D (Madhya Pradesh),Sendhwa,Madhya Pradesh,451666,21.672004545454545,75.20926818181819,"Dhawali, Shahpura, Sendhwa, Goi, Bawdad, Chatli, Chachariya, Dhanora, Dugani, Jhopali, Balwadi, Warla, Solwan, Bhakarli, Diwaniya, Achli, Jamathi, Mahitgaon, Malwan, Kunjari, Jogwada, Nawalpura",Madhya Pradesh,geonames-pin
IND232104AAB,Chandauli_ShubsNGR_D (Uttar Pradesh),Chandauli,Uttar Pradesh,232104,25.24756,83.21980666666667,"Barthara Kalan, Kanta, Khagwal, Jagdish Sarai, Parasikalan, Vishunpura, Majhwarkhas, Chandauli, Marhi, Khurja, Launda, Jamunipur, Basila, Dharauli, Bisauri",Uttar Pradesh,geonames-pin
IND784176AAA,Bishwanath_ChrliDPP_D (Assam),Bishwanath,Assam,784176,26.782400000000003,92.9393,"Geruabari, Burigong, Sakomato, Lahorijan, Panibharal, Lehugaon, Monabari, Kunwari, Gelapukhuri, Chariali",Assam,geonames-pin
IND625532AAA,Usilampatti_MrutiNGR_D (Tamil Nadu),Usilampatti,Tamil Nadu,625532,9.939041666666666,78.03648333333332,"Usilampatti, Valandur, Usilampatti Pettai, Vagurani, Doddappanayakanur, Boothipuram, Ariyapatti, Meikilarpatti, Vadugapatti, Pothampati, Nakkalapatti, Nattamangalam",Tamil Nadu,geonames-pin
IND571432AAB,Nagamangala_MandyaRD_D (Karnataka),Nagamangala,Karnataka,571432,12.777582352941176,76.7014,"Paduvalapatna, Mannahalli, Mulukatte, Mylarapatna, Beereshwarapura, Bramhadevarahalli, Doddayagati, Kanthapura, T Channapura, Jodikaradahalli, Nagamangala, Thattekere, Bommanayakanahalli, Kalludevanahalli, Palagrahara, Bogadi, Thuppadamadu",Karnataka,geonames-pin
IND686632AAA,Kothanalloor_Majoor_D (Kerala),Kothanalloor,Kerala,686632,9.669,76.5592,"Kurumulloor, Kothanallur, Kanakari",Kerala,geonames-pin
IND461111AAA,Itarsi_DivrsnRd_D (Madhya Pradesh),Itarsi,Madhya Pradesh,461111,22.55903846153846,77.77013846153847,"Kheda, Bagda Tawa, Surajganj Itarsi, Ghatli, PRtaku, Son Talai, Sukhtawa, Gurra, Sadhpura, Pathrota, Jujharpur, Rampur, Saket, Silwani, Saheli, Dandiwada, Bichuwa, Sankheda, Luharia, Gajpur, Itarsi, Taku, Chandon, Kesla, Managaon, Kala Akhar",Madhya Pradesh,geonames-pin
IND791125AAB,Likabali_ZoomCDPP_D (Arunachal Pradesh),Likabali,Arunachal Pradesh,791125,28.153966666666665,94.54726666666666,"Likabali, Gensi, Garu",Arunachal Pradesh,geonames-pin
IND110030AAD,Delhi_Kishangarh_DPC (Delhi),Delhi,Delhi,110030,28.564914285714284,77.04924285714286,"Mehrauli, Lado Sarai, Sultanpur, Gadaipur, Paryavaran Complex, Ghitorni, T B Hospital",Delhi,geonames-pin
IND637301AAA,Sankari_Trchngrd_D (Tamil Nadu),Sankari,Tamil Nadu,637301,11.502814285714283,78.11732857142856,"Sankaridrug, Devagoundanur, Vadugapatti, Manjakkalpatti, Mavelipalayam, Akkammapettai, Kuppanur",Tamil Nadu,geonames-pin
IND413304AAA,Pandharpur_RajCmplx_D (Maharashtra),Pandharpur,Maharashtra,413304,17.83498484848485,75.49026666666667,"Korti, Chale, Mahadawar( Pandharpur), Manishanagar(Pandharpur), Sonka, Ambe, Kasegaon, Tarapur, Tawashi, Gadegaon, Shelve, Pandharechiwadi, Phulchincholi, Puluj, Ranjani, Gopalpur, Sarkoli, Ozewadi, Tungat, Adhiv, Anawali, Bhandishegaon, Degaon (PPR), Gursale, Suste, Babhulgaon, Wakhari, Siddhewadi, Rople BK, Mendhapur, Pandharpur H.O, Mundhewadi, Navi Peth (Pandharpur)",Maharashtra,geonames-pin
IND722202AAA,Barjora_Central_DPP_1 (West Bengal),Barjora,West Bengal,722202,23.18875,87.16090000000001,"Shitla, Ghutgoria, Muktatore, Unara Jambedia, Krishnanagar, Barjora",West Bengal,geonames-pin
IND481661AAA,Mandla_Mharajpr_D (Madhya Pradesh),Mandla,Madhya Pradesh,481661,22.6126625,80.40582083333334,"Chandwara, Ghagha, Poundi Linga, Purwa, Bineka, Khari, Binjhia, Semarkhapa, Padmi, Katra, Hirdenagar, Bilgaon, Bakori, Badi Khairi, Mandla City, Madhupuri, Kindari, Padri Patpara, Mandla H.O, Ramnagar, Mohania Patpara, I.T.I., Padaw Mandla, Phoolsagar",Madhya Pradesh,geonames-pin
IND517583AAA,Puttur_Artmclny_D (Andhra Pradesh),Puttur,Andhra Pradesh,517583,13.46446,79.29607999999999,"Surendranagaram, Puttur, Nandimangalam, Chinnarajukuppam, Cherlopalle, Thorur, Nesanur, Puttur South, Rachapalem, Govindapalem",Andhra Pradesh,geonames-pin
IND851127AAA,Manjhaul_Purbari_D (Bihar),Manjhaul,Bihar,851127,25.533815384615384,86.11774615384616,"Panapur, Koria Haibatpur, Pahsara Babhangama, Maheswara, Jokia, Pabra, Dafarpur, Fazilpur, Dihpar, Muzaffara, Saraunja, Birpur, Manjhaul",Bihar,geonames-pin
IND573103AAA,Arsikere_HsnRdDPP_D (Karnataka),Arsikere,Karnataka,573103,13.285755,76.29764,"Kuruvanka, Jajur, Talalur, Chikkur, Dummenahalli, Belagumba, Bendekere, Arsikere H.O, Kondavagilu, Shankaranahalli, Hiriyur, Ponnasamudra, Arsikere East, Kallanagere, Mylanahalli, Amaragiri Tirupathi, Aggunda, Maratagere, Sulekere, T.Kodihalli",Karnataka,geonames-pin
IND403702AAA,Canacona_CharRsta_D (Goa),Canacona,Goa,403702,15.027833333333332,74.0209111111111,"Sadolxem, Gaodongarim, Bhatpal, Cola, Poinguinim, Canacona, Agonda, Palolem, Cotigaon",Goa,geonames-pin
IND283203AAA,Firozabad_Sudmpuri_D (Uttar Pradesh),Firozabad,Uttar Pradesh,283203,27.27762258064516,78.37950322580645,"Datawali, Gazipur, Rupaspur, Raipura, Jalalpur, Gonchh, Asafabad, Railway Road Firozabad, Akalabad Hasanpur, Asan, Muiddinpur, Narayan Nagar, Firozabad H.O, Basai Mohammadpur, Sarhamai, Ali Nagar Kenjra, Alhadadpur, Mainpuri Gate  Firozabad, S N H Road Firozabad, Labour Collony  Firozabad, Dokeli, Matsena, Dolupura, Firozabad Bazar, Gudaun, Bilhena, Chandwar, Jakhai, Nepai, Pachwan, Jarauli Kalan",Uttar Pradesh,geonames-pin
IND643217AAA,Kotagiri_CroslySRT_D (Tamil Nadu),Kotagiri,Tamil Nadu,643217,11.464,76.87290666666667,"Kotagiri, Down Hills, Nedugula, Donnington, Kannerimukku, Kaikatti, Farm Tea Estate, Konavakorai, Milidane, Kukalthorai, Kotagiri Bazaar, Nihung, Masakkal, Kodanad, Gundada",Tamil Nadu,geonames-pin
IND523201AAA,Addanki_Oilmilrd_D (Andhra Pradesh),Addanki,Andhra Pradesh,523201,15.783290476190476,79.89070952380952,"Thimmayapalem, Zammalamadaka, Vemparala, Bommnampadu, Khambampadu, Kalavakur, Nuzellpalli, Ramnagar(A), Sunkaravaripalem, Makkenavaripalem, Chakrayapalem, Purimetla, Marella, Addanki, Mailavaram, Kotikalapudi, Nagulapadu, Velamuripadu, Venkatapuram, Kasyapuram, Uppalapadu",Andhra Pradesh,geonames-pin
IND781124AAA,Chhaygaon_GwhRDDPP_D (Assam),Chhaygaon,Assam,781124,26.11313571428571,91.40544285714284,"Borjhar, Chhaygaon, Baniapara, Ratanpur, Pachim Dhuligaon, Natun Jharobari, Ukiam, Kaimari, Borakhat, Sidilapara, Champaknagar, Ghoramara, Bakalipara, Balapukhuri",Assam,geonames-pin
IND361335AAA,Dwarka_StnRoad_DC (Gujarat),Dwarka,Gujarat,361335,22.322186666666664,70.18563333333333,"Vasai, Kalyanpur, Dwarka, Khatumba, Positra, Gadhechi, Charakala, Tupni, Baradia, Dhinki, Rajpara, Varvala, Nanabhavda, Okhamadhi, Kuranga",Gujarat,geonames-pin
IND783348AAA,Bilasipara_Wardno5_D (Assam),Bilasipara,Assam,783348,26.08504736842105,90.05022631578947,"Gobardhanpara, Hatipota, Kadamtala Pt-IIi, Gashbari, Chirakuti Pt-i, Boalkamari, Barkanda, Silgara, Suapata, Dhirbil, Hakama, Kajaikata, Jalabila, Bilasipara, Salkocha, Nayeralga, Tilapara, Jamduar, Bangalipara",Assam,geonames-pin
IND425508AAB,Raver_Truptingr_D (Maharashtra),Raver,Maharashtra,425508,21.190626666666667,75.87481333333334,"Khirwad, Ajnad, Punkheda, Patondi, Rasalpur, Kherala, Morgaon, Therola, Padala, Ahirwadi, Abhoda, Raver, Waghod, Vivra, Khanapur",Maharashtra,geonames-pin
IND464221AAA,GanjBasoda_MnRDDPP_D (Madhya Pradesh),GanjBasoda,Madhya Pradesh,464221,23.842424,78.046664,"Ambanagar, Khader, Ghatera, Udaipur, Mahoo, Bidhwasan, Bareth, Uhar, Phupher, Muradpur, Sirnota, Kharpari, Ganjbasoda, Amkhedasukha, Basoda City, Kirwaya, Masoodpur, Markheda, Gamkhar, Satpadahat, Johad, Ghuuletha, Biladhana, Ancheda, Kakrada",Madhya Pradesh,geonames-pin
IND246444AAB,Karnaprayag_Umalodge_D (Uttarakhand),Karnaprayag,Uttarakhand,246444,30.4953,79.5787,"Bhatoli, Ming Gadhera, Umatta Chatti, Saliyana, Khainoli, Karanprayag, Jainta, Ghandiyal, Garkot, Chaundali, Nauli, Jakh, Bagoli",Uttarakhand,geonames-pin
IND334803AAA,Nokha_DeVDPP_D (Rajasthan),Nokha,Rajasthan,334803,27.68990476190476,73.51715238095238,"Nokha, Desalsar, Somalsar, Kakoo, Jangloo, Hiyadesar, Charkra, Jaisingdesar, Siyana Bhatiyana, Beekasar, Bhalda, Nokha Villege, Bandhra, Chitana, Saloondiya, Sadhoona, Rora, Raisar, Sarunda, Dawa, Hansasar",Rajasthan,geonames-pin
IND441912AAA,Bhandara_KaremDPP_D (Maharashtra),Bhandara,Maharashtra,441912,21.21056,79.75691,"Khapa, Tumsar, Kardi, Mitewani, Chincholi (Tumsar), Garra Bageda, Alesure, Lendezari, Umarwada, Yerli",Maharashtra,geonames-pin
IND470117AAA,Khurai_Talaiya_D (Madhya Pradesh),Khurai,Madhya Pradesh,470117,24.053815384615383,78.33451538461539,"Barodiya Nongar, Gadola Jageer, Khaijra Harchand, Khurai City, Satnai, Teora, Mukarampur, Sarkhadi, Silodha, Khurai, Khaira, Nirtala, Dhanora",Madhya Pradesh,geonames-pin
IND585401AAA,Bidar (Karnataka),,Karnataka,585401,17.7648,77.2457,"Bidar Shah Gunj, Bidar Osman Gunj, Mangalpeth, Bidar H.O, IAF Stn",Karnataka,geonames-pin
IND343029AAB,Bhinmal_RwStnDPP_D (Rajasthan),Bhinmal,Rajasthan,343029,25.087882142857143,72.29099285714285,"Paoli, Khanpur, Narta, Nasoli, Jodwara, Kotkastan, Munthala Kaba, Ledarmer, Fagotra, Daspan, Mandhar, Punasa, Kuka, Chatwara, Borta, Bhalni, Bhagal Sefta, Bhagal Bhim, Bhadvi, Kora, Tawab, Thobau, Vandhar, Gazipura, Bhinmal Sadar Bazar, Bhinmal, Nimbawas, Bharudi",Rajasthan,geonames-pin
IND758034AAA,Joda_Central_D_1 (Orissa),Joda,Orissa,758034,21.621116666666666,85.5215,"Joda, Khandabandha, Gurutuan, Jajanga, Bansapani, Bichakundi",Odisha,geonames-pin
IND450331AAA,Burhanpur_StRoad_D (Madhya Pradesh),Burhanpur,Madhya Pradesh,450331,21.412003846153844,76.36840384615384,"Ambada, Loni, Dhulkot, Asirgarh, Gulai, Patonda, Shahbazar Burhanpur, Jainabad, Biroda, Doifodia, Daryapur, Dargah-e-hakimi, Burhanpur Rajpura, Mahalgurada, Sarola, Bodarli, Bori Bujurg, Basad, Jasondi, Nimbola, Sirpur, Hasinabad, Burhanpur City, Burhanpur R.S., Bahadarpur, Burhanpur",Madhya Pradesh,geonames-pin
IND506132AAA,Khanpur_Nrsampt_D (Telangana),Khanpur,Telangana,506132,17.972528571428573,79.87756428571429,"Itikalapalli, Ashoknagar, Dabeerpet, Muthojipet, Gundalpahad, Narakkapet, Dwarakapet, Bhanjipet, Khanapur, Madannapet, Govindapur, Kothur, Narsampet, Medapalli",Telangana,geonames-pin
IND360410AAA,Dhoraji_JmnvadRd_DC (Gujarat),Dhoraji,Gujarat,360410,21.977994117647057,70.7013,"Kalana, Dhoraji G.P. ND.T.S.O, Chikhaliya, Raidi, Dudhivadar, Chhadvavadar, Pipaliya, Vadodar, Dhoraji D.G. ND T.S.O, Roghel, Bhader, Chhatrasa, Jamnavad, Nagalkhada, Bhola, Bhukhi, Dhoraji",Gujarat,geonames-pin
IND365560AAA,Amreli_MrktYrd_DC (Gujarat),Amreli,Gujarat,365560,21.009438888888887,71.43813333333333,"Shiyalbet, Mandardi, Khakhbai, Mota-agariya, Dhareshwar, Uchaiya, Kadiyali, Barbtana, Vadli, Babriyadhar, Kherali-moti, Vavera, Rajula, Bherai, Katar, Barpatoli, Kotadi, Rampara",Gujarat,geonames-pin
IND606105AAA,Pennadam_EastmnRD_D (Tamil Nadu),Pennadam,Tamil Nadu,606105,11.4181,79.26641666666667,"Konur, Kilimangalam, Murugangudi, Kosapallam, Pennadam, Pelandurai",Tamil Nadu,geonames-pin
IND626607AAB,Narikkudi_MukkuRD_D (Tamil Nadu),Narikkudi,Tamil Nadu,626607,9.658814285714286,78.27298571428571,"Nalur, Alagapuri, Isali, Maraikulam, Ulagudi, Narikudi, Siruvanur",Tamil Nadu,geonames-pin
IND382715AAA,Kadi_KaranNGR_D (Gujarat),Kadi,Gujarat,382715,23.612340909090907,72.4740409090909,"Adundra, Rajpur, Nagrasan, Untva, Vidaj, Visatpur, Kaswa, Karannagar, Kadi Mkt Yard, Balasar, Jasalpur, Indrad, Deusana, Sujatpura, Sarsav, Budasan, Nani Kadi, Suraj, Kundal, Sadra, Lunasan, Kadi",Gujarat,geonames-pin
IND242001AAA,Shahjhnpur_NavdaCln_D (Uttar Pradesh),Shahjhnpur,Uttar Pradesh,242001,27.879097222222224,79.815675,"Mohanganj, Niyamatpur, Krishnanagar, Sindhauli, Mahasir, Dalelganj, A C Factory, Chankhanbayi, Shahjahanpur Kutchery, Murchha, Basulia, Tikri, Ghusgawan, Tera, Katia Tola, Subhash Nagar, Shahjahanpur H.O, Shahjahanpur Chawk, Sadan Bazar, Pingri Pingra, Paina Buzurg, Mudia Pamar, Khiria Rasoolpur, Keeeratpur, Jajal Nagar, H Road, Hadaf, Gora Raipur, Ghantaghar, Garrah Road, Conewganj, Chak Kanahu, Banuzai, Bahaduganj, Shahjahanpur R S, Shahjahanpur City",Uttar Pradesh,geonames-pin
IND491001AAA,Durg_Pulgaon_DC (Chhattisgarh),Durg,Chhattisgarh,491001,21.251818518518515,81.2404851851852,"Kasaridih Durg, Durg H.O, Durg Sadar Bazar, Borsi, Pulgaon Durg, Purda, Hanoda, Borai, Hirri, Tumakala, Durg Kutchery, Chicha, Mohan Nagar Durg, Nawagaon Purda, Pisgaon, Nagpura, Durg R S, Bori, Bhendsar, Rasmara, Anjora, Padmanabhpur Durg, Temri, Jeora Sirsa, Nandkatti, Litia Semaria, Malvia Nagar Durg",Chhattisgarh,geonames-pin
IND623526AAA,Rameswram_Kdthdstrt_D (Tamil Nadu),Rameswram,Tamil Nadu,623526,9.4401,78.6733,"Rameswaram East, Rameswaram, Olaikuda, Rameswaram Road",Tamil Nadu,geonames-pin
IND124103AAA,Jhajjar_DC (Haryana),Jhajjar,Haryana,124103,28.615714285714283,76.66368095238096,"Yakubpur, Utlodha, Sulodha, Silani, M.P.Majra, Kheri Kumar, Jondhi, Gurukul Jhajjar, Gawalison, Dadri Toe, Court Complex Jhajjar, Dadanpur, Palra, Dawla Raiya, Jahazgarh, Jhajjar, Hasanpur, Khatiwas, Gudha, Silana, Talao",Haryana,geonames-pin
IND277201AAA,Bariya_BgnprDPP_D (Uttar Pradesh),Bariya,Uttar Pradesh,277201,25.8746,84.2676,"Bhagwanpur, Chandpur, Jagdeva, Tengarihi, Bairia (Ballia), Pandey Pur",Uttar Pradesh,geonames-pin
IND606801AAB,Chetpet_Blmrgnst_D (Tamil Nadu),Chetpet,Tamil Nadu,606801,12.4683,79.3534,"Palampettai, Ulagampattu, Chettupattu Polur, Morakaniyanur, Maruthuvambadi",Tamil Nadu,geonames-pin
IND581334AAA,Honnavar_Prbhtngr_D (Karnataka),Honnavar,Karnataka,581334,14.3149,74.4775882352941,"Prabhatnagar, Salkod, Hosakuli, Honavar Bazar, Kadle, Honavar, Herangadi, Jalavalli, Upponi, Durgakeri, Mugva, Samsi, Mugva Surkatte, Bhaskeri, Kelagina Mudkani, Areangadi, Nilkod",Karnataka,geonames-pin
IND370001AAA,Bhuj_DC (Gujarat),Bhuj,Gujarat,370001,23.403985,69.89563000000001,"Dhori, Zura, Kotay, Khatri Chakla Bhuj, Kunariya, Loria, Bhagadia, Bhuj Darbargadh Chowk, Bhuj H.O, Bibar, Dhrang, Zinkdi, Vang, Sumrasar (S), Nagor, Mirzapar, Nirona, Habay, Bhuj Ravalwadi, Lodai",Gujarat,geonames-pin
IND204101AAA,Hathras (Uttar Pradesh),,Uttar Pradesh,204101,27.58251724137931,78.14209655172414,"Arjunpur, Ahabaranpur, Garhi Balna, Kunwarpur, Jogia, Bisana, Parsara, Ruheri, Koka, M M Hathras, Allehpur, Hatisa Bhagwantpur, Nayaganj Hathras, I A Hathras, Ahen, Hathras City, Veernagar, Sokhana, Luheta Khurd, L C Hathras, Gangcholi, Meetai, Tuksan, Hathras, Ladpur, Lakhnu, Tehra, Tochhigarh, Karas",Uttar Pradesh,geonames-pin
IND509103AAB,Wanaparthy_VallaDPP_D (Telangana),Wanaparthy,Telangana,509103,16.703,77.8097,Wanaparthy H.O,Telangana,geonames-pin
IND600048AAA,Chennai_Vandalur_Dc (Tamil Nadu),Chennai,Tamil Nadu,600048,12.8904,80.072425,"Mudichur, Otteri Extension, Vandalur, Mannivakkam",Tamil Nadu,geonames-pin
IND671323AAD,Manjeshwar_Central_D_1 (Kerala),Manjeshwar,Kerala,671323,12.73640588235294,74.9292,"Bangramanjeshwar, Pavoor, Miyapadavu, Charla, Udyavara, Kunjathur, Majibail, Kodlamogaru, Moodambail, Koliyur, Kadambar, Hosabettu, Vorkadi, Manjeshwar, Badaje, Pathoor, Anekallu",Kerala,geonames-pin
IND341030AAA,Tarnau_BsstdDPP_D (Rajasthan),Tarnau,Rajasthan,341030,27.11688571428571,74.1299,"Merwas, Sandila, Ubasi, Pharrod, Rohina, Tarnau, Dehari",Rajasthan,geonames-pin
IND734214AAB,Mirik_WardNo3_D (West Bengal),Mirik,West Bengal,734214,26.8882,88.1901,"Mirik, Thurbo, Seeyok, Ookayati, Gopal Dhara, Lower Soureni, Duptin-10",West Bengal,geonames-pin
IND363621AAB,Wankaner_JivanDPP_D (Gujarat),Wankaner,Gujarat,363621,22.02564210526316,70.74743421052632,"Amarpara Wankaner, Kotharia, Lunsar, Vaghasiya, Vardusar, Khijadia, Lunsariya, Mahika, Arnitimba, Bhalgam, Bherda, Bhimguda, Chandrapur, Daldi, Dhuva, Gariya, Ghiyavad, Jalida, Kankot, Kerala, Kherva, Kothi, Matel, Mesariya, Paddhara, Panchasia, Panchdwarka, Pipaliya Raj, Rajavadala, Ranekpar, Ratidevdi, Samadhiyala, Sardharka, Sindhavadar, Tarakiya, Tithva, Wankaner, Valasan",Gujarat,geonames-pin
IND571313AAB,Chamarjngr_BrDbleRd_D (Karnataka),Chamarjngr,Karnataka,571313,11.955953333333332,77.0609,"Shivapura, Doddarayapet, Zilla Adalitha Bhavan, Chamarajanagara, Bedaguli, Badanaguppe, Udigala, Mariyala, Uttuvalli, Heggotara, Somvarpet, Chamarajanagara Bazar, Attikane, Madapura, Kellamballi",Karnataka,geonames-pin
IND679329AAA,Nilambur_StteHW28_D (Kerala),Nilambur,Kerala,679329,11.2727,76.2257,"Aurvacode, Eranhimangad, Edivanna, Chandakkunnu, Nilambur",Kerala,geonames-pin
IND177033AAA,Nadaun_Ward6_D (Himachal Pradesh),Nadaun,Himachal Pradesh,177033,31.664283333333334,76.43481666666666,"Chamukha, Kaloor, Bharmoti, Bela, Nadaun, Kohla",Himachal Pradesh,geonames-pin
IND502286AAB,Narayankhed_Datatrya_D (Telangana),Narayankhed,Telangana,502286,18.042280769230768,78.08299615384615,"Rudrar, Narayankhed, Wasar, Morgi, Abbenda, Tornal, Chapta, Dawoor, Yenkemuri, Yelgoi, Shelgera, Sanjeevaraopet, Pulkurthi, Audatpur, Badalgaon, Manur, Bellapur, Karasgutti, Karamungi, Hanmanthraopet, Vallur, Lingapur, Kangti, Nagoor, Ananthasagar, Damargidda",Telangana,geonames-pin
IND345001AAA,Jaisalmer_Gopa3PL_D (Rajasthan),Jaisalmer,Rajasthan,345001,26.96246511627907,71.02152093023255,"Tejpala, Salkha, Poonam Nagar, Chatogarh, Jaisalmer H.O, Chhatrail, Lanela, Bida, Roopsi, Amarsalagar, Bhoo, Gandhi Colony Jaisalmer, Badoda Gaon, Chelak, Bhagu Ka Gaon, Deora, Dhaisar, Kanoi, Keeta, Khuiyala, Sultana, Adabala, Bandha, Baramsar, Rasla, Dedha, Dabla, Bhadasar, Kathori, Sam, Dewa, Jaisalmer Ignp Colony, Jaisalmer Collectorate, Khinya, Jaisalmer Gopa Chowk, Mulana, Mokhala, Damodara, Sonu, Jaisalmer Bsf, Nedai, Narsinghaon Ki Dhani, Parewar",Rajasthan,geonames-pin
IND574216AAA,Dhrmsthala_Beltngdi_D (Karnataka),Dhrmsthala,Karnataka,574216,12.941059999999998,75.4035,"Samedakalapu, Kayarthadka, Dharmasthala, Nidle, Puduvettu",Karnataka,geonames-pin
IND722122AAA,Bishnupur_StnRdDPP_D (West Bengal),Bishnupur,West Bengal,722122,23.1378,87.14380476190476,"Salda, Janta, Bishnupur (Bankura), Muninagar, Raibaghini, Amral, Uliara, Basantimela, Beliadangarpara, Rasikganj, Digpar, Dwarika, Gossainpur, Rahagram, Kantabari, Joykrinhspur, Gopalnagar, Chakdaha, Bishnupur Stn Rd, Ajodhya, Lalbandh",West Bengal,geonames-pin
IND321022AAA,Kaman_BsstdDPP_D (Rajasthan),Kaman,Rajasthan,321022,27.646121052631575,77.25607894736842,"Bolkhera, Sablana, Matuki, Sunhera, Garh Ajan, Akata, Dhamari, Chhichhalwari, Bilond, Luhesor, Kamanlsg, Barauli Dhau, Anand Dadri, Dhilawati, Musepur, Indrauli, Pasopa, Bhandara, Bilong",Rajasthan,geonames-pin
IND505302AAB,Vemulawada_Central_DPP_2 (Telangana),Vemulawada,Telangana,505302,18.388318181818185,79.12696363636364,"Sankepalli, Satrajpalli, Anpur, Chekkapalli, Suddala, Vemulawada, Stambampalli, Marpaka, Cheerlavancha, Rudraram, Chintalathana",Telangana,geonames-pin
IND624619AAA,Oddnchtram_Palani_D (Tamil Nadu),Oddnchtram,Tamil Nadu,624619,10.42229375,77.8097,"Veriyappur, Kalanjipatti, Vadagadu, S.R.G.Pudur, Puduchatram, Palakkanuthu, Old Oddanchatram, Oddanchatram, Neelamalaikottai, Nalupulikottai, Kethaiyarumbu, Kaveriammapatti, Athikombai, Arasappapillaipatti, Oddanchatram North, Kollapatti",Tamil Nadu,geonames-pin
IND722101AAB,Bankura_NapitDPP_D (West Bengal),Bankura,West Bengal,722101,23.2505,87.3849,"Bankura H.O, Lalbazar (Bankura), Feder Road, Nutanchati, Bankura  DSB, Pilgrim Road",West Bengal,geonames-pin
IND127201AAA,Loharu_BstndDPP_D (Haryana),Loharu,Haryana,127201,28.564395,75.78489499999999,"Budhera, Kural, Bisalwas, Dhani Dhola, Barwas, Chahar Kalan, Kharkari, Singhani, Paju, Chahar Khurd, Loharu, Parvezpur, Sohansara, Sehar, Nakipur, Jhanjra Sheoran, Gignow, Fartia Bhima, Dhighawa Jattan, Bardu Chaina",Haryana,geonames-pin
IND281121AAB,Vrindavan_MathuraRD_D (Uttar Pradesh),Vrindavan,Uttar Pradesh,281121,27.581,77.6966,"Loi Bazar, Sri Bankey Bihari Ji, Raman Rati, G.N. Bazar, Manav Sew Shangh, Gurkul, Brij Accadamy, Leela Dham, Vrindaban",Uttar Pradesh,geonames-pin
IND476001AAA,Morena_Prjapati_D (Madhya Pradesh),Morena,Madhya Pradesh,476001,26.41342068965517,78.1096724137931,"Kheda Mevda, Morena City, Gopalpura Morena, Sihori, Nayakpura, Dikhatpura, Lalorkalan, Bertha, Khandoli, Jigani, Khaneta, Jarah, Distt. Court Morena, Shivlal Ka Pura, Hetampur, Nagra, Gospur, Mrigpura, Kotwal, Hingona, Kishanpur, Mungaoli, Morena H.O, Morena Mandi, Ambah Road Morena, Mata Basaiya, Morena Goun, Mudiakheda, Joura Khurd",Madhya Pradesh,geonames-pin
IND360311AAA,Gondal_DC (Gujarat),Gondal,Gujarat,360311,22.016895,70.74456,"Trakuda, Khandadhar, Jamvadi, Hadamtala (Shemla), Khambha, Hadamtala (Kolithad), Gondal H.O, Ghoghavadar, Garnara, Daiya, Lunivav, Vekri, Vachhra, Anida Bhalodi, Gondal Bhagvatpara, Vora Kotda, Bhunava, Umrali, Shivrajgadh, Semla, Sandhvaya, Ribda, Pipaliya(Sadak), Patidad, Nana Mandva, Mota Mandva, Rib, Kolithad, Khadvanthali, Biliyala, Charakhadi, Chordi, Dadva Mota, Gundasara, Gondal Bhojrajpara, Gondal College Chowk, Gondal Market Yard, Ramod, Gondal Bhuvneshwari Pith, Ambardi",Gujarat,geonames-pin
IND713145AAB,Manteswar_MemariRD_D (West Bengal),Manteswar,West Bengal,713145,23.59538,87.96286666666667,"Denur, Tarasusuna, Lohar, Singhali, Putsuri, Purbakhanpur Bamunpara, Maldanga, Kalui, Galatun, Bhojpur, Asanpur, Kasa, Kaigram, Manteswar, Chandrapur",West Bengal,geonames-pin
IND480661AAA,Seoni_Kidwai_D (Madhya Pradesh),Seoni,Madhya Pradesh,480661,22.03547931034483,79.52339310344827,"Hathnapur, Badalpar, Jaitpur Kala, Seoni City, Palari-chhidiya, Seoni H.O, Sillore, Sindaria, Vijaypani, Binjhawada, Fulara, Mugwani Kala, Marbodi, Belpeth, Gopalganj, Seoni Barapathar, Suktara, Dhobisarra, Pipardahi, Amgaon, Tighra, Rajola, Bordai, Jam, Bamhodi, Karirat, Chawadi, Chakki Khamariya, Babaira",Madhya Pradesh,geonames-pin
IND721602AAB,Haldia_Central_D_2 (West Bengal),Haldia,West Bengal,721602,22.0758,88.1375,"Durgachak, Durgachak Colony, Khanjanchak, Basudevpur",West Bengal,geonames-pin
IND360530AAB,Jamjodhpur_Court_D (Gujarat),Jamjodhpur,Gujarat,360530,22.209207142857142,70.14288571428571,"Jamjodhpur Darbargadh, Kadbal, Balva, Vanavad, Kotdabavisi, Hothijikhadba, Sidhsar, Vasantpur, Mahiki, Gingni, Patan, Jamwali, Jamjodhpur, Ishwaria",Gujarat,geonames-pin
IND791102AAA,Pasighat_MissonRd_D (Arunachal Pradesh),Pasighat,Arunachal Pradesh,791102,27.94626923076923,95.18426923076925,"Pasighat, Rani, Yagrung, Sille, Ledum, Debing, Ruksin, Korang, Nari, Oyan, Koyu, Bilat, Balek",Arunachal Pradesh,geonames-pin
IND242221AAA,Jalalabad_farukngr_D (Uttar Pradesh),Jalalabad,Uttar Pradesh,242221,27.730332500000003,79.73243249999999,"Baharia, Shahpur, Makrandpur, Mirzapur, Singaha, Dhai, Barua, Kakrala, Bhaunti, Bangaon, Khadhar, Gularia, Bhura, Zarinpur, Malupur, Dhiaria, Gurugram, Singhayousufpur, S Purkayasthan, Sulamanpurpatti, Ch Sahabganj, Tingri, Udaipurbhoor, Ch Bahadupur, Gunara, Chadura, Mangtora, Alldadpur Baihari, Kateli Bmaua, Chaukee, Jalalabad Mandi, Jam Daulatpur, N G Mahsulpur, Palharai, Jareenpur, Burhaura, Pirthvipurdhai, Jamuneya, Jalalabad (Shahjahanpur), Pehna",Uttar Pradesh,geonames-pin
IND476111AAA,Ambah_MrenTirh_D (Madhya Pradesh),Ambah,Madhya Pradesh,476111,26.61105,78.148,"Goth, Nayapura, Rithona, Kasmada, Bindwa, Malbasai, Bijaigarh, Mahua, Thara, Ambah, Rupahati, Bareh, Ruar, Parikshit Ka Pura, Ludhawali, Kamtari, Uasith, Khandkapura, Barbai, Ratan Basai, Rachhed, Jonhan, Gadhia Raipur, Mahasukhkapura, Kishroli, Jaloni, Runhera, Chandkapura, Ambah Ganj, Amilheda, Laljeetkapura, Adhanpur",Madhya Pradesh,geonames-pin
IND518422AAB,Atmakur_IndraNgr_D (Andhra Pradesh),Atmakur,Andhra Pradesh,518422,15.579633333333334,78.03506666666667,"Musalimadugu, Kothapalli, Dudyala, Karivena, Iskala, Siddapuram, Bhanumukkala, Atmakur (Kurnool), Pinnapuram, Kurukunda, Siddepalli, Vadlaramapuram, Erramattam, Nallakalva, Guvvalakunta, M.Lingapuram, Indireswaram, Bairluty, Nandikunta, Gokavaram, Sivapuram",Andhra Pradesh,geonames-pin
IND201204AAA,Modinagar_SikriKla_DC (Uttar Pradesh),Modinagar,Uttar Pradesh,201204,28.83235,77.55559285714286,"Begmabad, Gyaspur, Nagla Akhu, Saunda, Khindora, Sikri Kalan, Niwari, Modi Nagar, Painga, Tibra, Shahjahanpur, Khanjarpur, Patla, Sikri Khurd",Uttar Pradesh,geonames-pin
IND796321AAB,Champhai_AwmpiVng_D (Mizoram),Champhai,Mizoram,796321,23.542404,93.33292,"Dilkawn, Lungphunlian, Tlangsam, Hmunhmeltha, Champhai, Dilkawn, Leisenzo, Zote 'e', N.Khawbung, Khuangphah, Vaikhawtlang, Hruaikawn, Tualcheng, Sesih, Ruantlang, Maulkawi, Khawnuam, Ngur, Zokhawthar, Vapar, Bethel, Murlen, Hnahlan, Khuangleng, Kelkang",Mizoram,geonames-pin
IND494334AAB,Kanker_KrisnKunj_D (Chhattisgarh),Kanker,Chhattisgarh,494334,20.28182307692308,81.39533076923077,"Vyas Kongera, Govindpur, Puswada, Mardapoti, Bewarti, Chiprel, Murvend, Kanker Kutchery, Kokpur, Aturgaon, Pidapal, Pataud, Kanker H.O",Chhattisgarh,geonames-pin
IND516269AAA,Rayachoti_Madnpali_D (Andhra Pradesh),Rayachoti,Andhra Pradesh,516269,14.040488235294118,78.74679411764704,"Eguvagottiveedu, Sibyala, Anumpalli, Pemmadapalli, Gorlamudiveedu, Chennamukka Palli, Botlachervu, Odiveedu, Endapalli, Balireddygari Palli, Diguvagottiveedu, Katinayakunta, Gunnikuntla, Rayachoti, Madhavaram, Sanjeevi Nagar, Abbavaramvandlapalli",Andhra Pradesh,geonames-pin
IND415612AAA,Ratnagiri_MjgaonRd_D (Maharashtra),Ratnagiri,Maharashtra,415612,17.260116666666665,73.4468,"Karla, Ratnagiri H.O, Mirya, Phansavale, Kelye, Chinchkhari, Tonade, Tilak Memorial (RTG), Kolambe, Tembye, Bhatye, Someshwar, Dande Adom, Ratnagiri Collectorate, Majgaon, Pomendi Khurd, Pomendi Budruk, Phansop",Maharashtra,geonames-pin
IND387620AAB,Kapadvanj_Busstand_D (Gujarat),Kapadvanj,Gujarat,387620,23.045892,73.120672,"Vadali, Jher, Savli, Sunda, Letar, Navagam, Danadra, Bhutia, Antisar Gat- Kpdvj, Ambaliara, Ghadia, Aminpura, Vishnupura, Sorna, Thavad, Bhungalia, Antisar, Dahiup, Dudhathal, Garod, Vaghas, Kalaji, Kapadwanj, Alwa, Kavath",Gujarat,geonames-pin
IND202001AAC,Aligarh_Central_D_2 (Uttar Pradesh),Aligarh,Uttar Pradesh,202001,27.9165,78.06455555555556,"Industrial Area Aligarh, Aligarh H.O, Sarai Kutub, Naurangabad, Kutchery (Aligarh), Aligarh City, Bannadevi, Civil Court (Aligarh), Delhi Gate (Aligarh), D S College, Form Press, Gandhi Eye Hospital, I T I Road, Jaiganj, Madar Darwaja, Mahavir Ganj, Manik Chowk, Ramghat Road, Rasal Ganj, Sarai Khirni, Sarai Labaria, Sasni Gate, Subhash Road (Aligarh), T R M M Aligarh, Upperkot, Vishnupuri, Dodhpur",Uttar Pradesh,geonames-pin
IND425409AAA,Shahada_Nandrbar_D (Maharashtra),Shahada,Maharashtra,425409,21.452628571428573,74.42631428571428,"Ambapur, Londhare, Dhurkheda, Shelti, Kalsadi, Mohida TH, Shirud-digar, Vardhe, Sonwad, Sulvade, M-mohida, Padalda, Lonkheda, Shahada, Kalmadi, Raikhed, Shahada Town, Kahatul, Bhade, Brahmanpuri, Mubarakpur",Maharashtra,geonames-pin
IND571426AAA,Krishnarajpet_MuruPost_D (Karnataka),Krishnarajpet,Karnataka,571426,12.73284375,76.53971250000001,"Vittalapura, Tendekere, Krishnarajapete, Byrapura, Bandihole, Sindaghatta, Seelenere, Murukanahalli, Rayasamudra, Chattamgere, Ballekere, Modur, Agraharabachahalli, Makavalli, Haralahalli, Valagerememenesa",Karnataka,geonames-pin
IND581400AAB,Mallapur_ShtDRDPP_D (Karnataka),Mallapur,Karnataka,581400,14.86712,74.34367999999999,"Mallapur, Kaiga, Devalmakki, Kerwadi, Kaiga Workers Colony",Karnataka,geonames-pin
IND785612AAB,Bokakhat_MlnprDPP_D (Assam),Bokakhat,Assam,785612,26.6402,93.6005,"Bokakhat, Siljuri, Dhansiri Muich, Lakhowjaan Tiniali, Diffolu T.E., Dofalada, Dolamara, Borjuri, Bokakhat Rajabari, Balijan Aamtenga, Kakachang, Khotia Toli, Naharjaan",Assam,geonames-pin
IND723202AAA,Jhalda_GMukrDPP_D (West Bengal),Jhalda,West Bengal,723202,23.38005,85.97838333333333,"Hetgugui, Goria, Murguma, Mahatomara, Mosina, Bagbinda, Pathjhalda, Chekya, Jhalda, Hensahatu, Khamar, Begunkodar, Kalma, Ichag, Durgi, Rigid, Brajapur, Pandua",West Bengal,geonames-pin
IND816109AAA,Sahebganj_BaraLoha_D (Jharkhand),Sahebganj,Jharkhand,816109,25.208992857142857,87.6874,"Sahibganj, Mahadeo Ganj, Baluagairah, Barajirwabari, Hariprasad Diara, Balapokhar, Bara Madansahi, Ganga Prasad Diara, Hazipur Bari Kodarjana, Sahibganj College, Sahibganj Court, Banjhi, Rampur, Maharajpur",Jharkhand,geonames-pin
IND273303AAA,Maharajganj_PakriDPP_D (Uttar Pradesh),Maharajganj,Uttar Pradesh,273303,27.18740740740741,83.51636666666666,"Neta Surhurwa, Panewa Panei, Baspar Baijauli, Khajuria, Mahuawa, Katahra, Uska, Belwa Khurd, Bagapar, Chehari, Salamat Garh, Chauk, Pakdinauni A, Nadua Bazar, Dhanewa Dhanai, Bauliaraja, Belwa Qazi, Kamhariakala, Maharajganj MDG, Kotamukund Pur, Darahata, Khutha Bazar, Karmha, Sonara, Sewareji, Rudhaulibhawshak, Collectrate Compound Maharajganj",Uttar Pradesh,geonames-pin
IND370615AAB,Nakhatrana_ClgRDDPP_D (Gujarat),Nakhatrana,Gujarat,370615,23.343100000000003,69.2669,"Rampar (R), Nakhatrana, Naranpar (R)",Gujarat,geonames-pin
IND473226AAA,Guna_Raghogrh_D (Madhya Pradesh),Guna,Madhya Pradesh,473226,24.4457,77.181575,"Awan, Raghogarh, Kherai, Ramnagar",Madhya Pradesh,geonames-pin
IND124141AAA,ChrkhiDdri_PuranDPP_D (Haryana),ChrkhiDdri,Haryana,124141,28.9145,76.5292,Power Plant Jharli,Haryana,geonames-pin
IND757024AAA,Sankerko_AmbkaDPP_D (Orissa),Sankerko,Orissa,757024,21.8952,86.4112,"Baunsbilla, Bajratundi, Tangasole, Uthani Nuagaon, Jadunathpur, Paikabasa, Kerko Baiganbaria, Kadualbandh, Gudialbandh, Sankerko, Belam, Talanda",Odisha,geonames-pin
IND306304AAB,Raipur_BypRDDPP_D (Rajasthan),Raipur,Rajasthan,306304,25.9113,73.96058333333333,"Kalab-kalan, Deepwas, Raipur  Marwar, Jhoontha, Haripur, Pachanpura",Rajasthan,geonames-pin
IND444005AAB,Akola_Gaurkshn_I (Maharashtra),Akola,Maharashtra,444005,20.7494,77.054,"Umari, Gudadhi, Jatherpeth Akola",Maharashtra,geonames-pin
IND410503AAA,Ambegaon_Manchar_D (Maharashtra),Ambegaon,Maharashtra,410503,19.0044,73.9435,"Manchar, Chandoli BK, Vadgaon Kashimbeg, Pimpalgaon Mahalunge, Landewadi, Narodi",Maharashtra,geonames-pin
IND586211AAA,Indi_SindgiRD_D (Karnataka),Indi,Karnataka,586211,17.1918,75.91298333333333,"Bargudi, Nimb R.S., Padnur, Ahirsang, Lachyan, Nimbal",Karnataka,geonames-pin
IND505425AAA,DhrmpuriTS_HanumDPP_D (Telangana),DhrmpuriTS,Telangana,505425,18.44097,79.18251000000001,"Jaina, Thimmapur, Donthapur, Kamalapur, Madhunur, Dharmapuri, Raipatnam, Rajaram, Sirkonda, Gopalpur",Telangana,geonames-pin
IND508223AAA,Thirumalagiri_Xroad_D (Telangana),Thirumalagiri,Telangana,508223,16.876,79.2009,"Velicharla, Mamidyala, Pedapadisala, Gundepuri, Vasthakonduru, Bandakothapally, Jalalpuram, Tatipamula, Thonda, Tirumalgiri, Malipuram, Janakipuram",Telangana,geonames-pin
IND608001AAA,Chidambaram_ARBNorth_DC (Tamil Nadu),Chidambaram,Tamil Nadu,608001,11.6327,79.4467,"Chidambaram West, Chidambaram H.O, Chidambaram East, Chidambaram North, Muthukamatchithottam, Chidambaram Cutcherry",Tamil Nadu,geonames-pin
IND425412AAA,Nandurbar_DhuleRd_D (Maharashtra),Nandurbar,Maharashtra,425412,21.50278108108108,74.22017567567568,"Dhamdai, Shinde, Khondamali, Arditara, Nandurbar Kutchery, Sindgavhan, Patonda, Pachorabari, Sundarde Digar, Sutare, Umarde-KH, Vasalai, Vikharan, Waghale, Palashi, Samsherpur, Nandurbar Bazar, Lahan-shahada, Nandarkhe, Kothali KH, Korit, Borale, Karajkupa, June Mohide, Gujarbhavali, Dhulwad, Dhekwad, Bhone, Ashte, Songirpada, Pimplod, Dhanora, Natavad, Thanepada, Kolda, Bhaler, Nandurbar",Maharashtra,geonames-pin
IND509324AAA,Kalwakurthy_VidyaNGR_D (Telangana),Kalwakurthy,Telangana,509324,16.703,77.8097,"Tandra, Kalwakurthy, Jajala, Jupally, Panjugula, Mukurala, Kondareddipally, Gokaram, Gundur, Sirasanagandla, Yellikal, Raghupathipeta, Charakonda, Lingasanipally",Telangana,geonames-pin
IND754022AAA,Tangi_SriDPP_D (Orissa),Tangi,Orissa,754022,20.4496,85.7057,"Kotasahi, Garudagaon, Uchapada, Bhatimunda, Safa, Bhagatpur, Bainchua, Kairapari, Karanji",Odisha,geonames-pin
IND628613AAA,Peikulam_SriVnktpm_D (Tamil Nadu),Peikulam,Tamil Nadu,628613,8.5121125,77.8793875,"Therkankulam, Karunkadal, Asirvathapuram, Kattarimangalam, Puliankulam, Mirankulam, Palaniappapuram, Savariarpuram",Tamil Nadu,geonames-pin
IND395004AAB,Surat_Central_D_3 (Gujarat),Surat,Gujarat,395004,21.2623,73.0694,"Katargam, Vasta Devdi Road, Singanpore, Motived, Dabholi, Gotalawadi",Gujarat,geonames-pin
IND384170AAA,Unjha_DC (Gujarat),Unjha,Gujarat,384170,23.8171,72.38079411764704,"Dabhi, Bhankhar, Amudh, Hajipur, Sihi, Unjha Kotkuva, Vanagala, Upera, Tundav, Sunok, Ranchhodpura, Karli, Aithor, Unjha, Dasaj, Unjha Umiya Mataji, Maktupur",Gujarat,geonames-pin
IND676306AAA,Tirurangadi_Kooriyad_D (Kerala),Tirurangadi,Kerala,676306,11.125725,75.96505,"Mampuram, Kooriyad, Tirurangadi Bazar, Pantarangadi, Tirurangadi, Cherumukku, Kakkad, Olakara",Kerala,geonames-pin
IND507117AAB,Manuguru_AskNagar_D (Telangana),Manuguru,Telangana,507117,17.2094,80.3654,"Manuguru, Bayyaram, Janampeta, Manuguru Colls, Mallaram, Anantharampatti Mallur, Venkatraopet, Uppaka, Bhupathiraopeta, Samithisingaram, Ramanajaram, Karakagudem, Duginepalli, Pinapaka, Elchireddipalli, Gopalaraopeta, Pagideru, Kondaigudem, Singareddipalli, Padmapuram",Telangana,geonames-pin
IND735224AAA,Mainaguri_MilpaDPP_D (West Bengal),Mainaguri,West Bengal,735224,26.53544,88.87273,"Ulladabri, Nutan Bazar, Dakhin Moamari, Jalpesh Mandir, Maynaguri, Bhangerhat, Saptibari, Shoulmari, Tekatuli, Uttar Saptibari, Madhya Khagrabari, Madhabdanga, Dhawlaguri, Banesh Jn, Churabhander, Jabramali, Benkandi, Bhangamali, Alok Jhari, Amguri Bazar",West Bengal,geonames-pin
IND303503AAA,Lalsot_NWclyDPP_D (Rajasthan),Lalsot,Rajasthan,303503,26.76037619047619,76.39396666666667,"Daulatpura, Bilona, Khatwa, Hodayali, Lalpura, Lalsot, Sanwasa, Thuni Dhirajpura, Bagdi, Sumel, Shivsinghpura, Kankariya, Mirjapura, Deoli, Chandsen, Nirjharna, Srimaa, Talab Gaon, Chondiawas, Jhapada, Kalyanpura",Rajasthan,geonames-pin
IND425109AAA,Erandol_BsStdDPP_D (Maharashtra),Erandol,Maharashtra,425109,20.8544,75.3056,"Erandol, Savkheda Hol, Vikhran, Utran, Borgaon BK, Khadke Budruk, Padmalaya, Toli Khurd, Bhavarkheda, Khadke Khurd, Hanmantkheda, Bhatkheda",Maharashtra,geonames-pin
IND384265AAB,Patan_Central_D_2 (Gujarat),Patan,Gujarat,384265,23.78285625,71.792659375,"Rajpur, Mesar, Patan Three Gate, Patan H.O, Aghar, Patan H N G University, Sujnipur, Katra (Samal), Kotavad, Vamaiya, Vadli, Sagodiya, Runi, Patan Siddhraj Road, Patan Rajkawada, Patan City, Pachakvada, Odhva, Nayta, Rampura, Kunwara, Ajimana, Anawada, Dasawada, Dhanawada, Dharnoj, Dharpur, Dunawada, Hansapur, Kalyana, Kamliwada, Kansa",Gujarat,geonames-pin
IND331304AAA,Taranagar_RajRdDPP_D (Rajasthan),Taranagar,Rajasthan,331304,28.581,74.97482424242425,"Jori, Bhaleri, Dhani Asha, Nethwa, Togawas, Dhani Kumharan, Rajas, Bhanin, Bhuchawas, Allayala, Banara, Bhalau Tal, Taranagar Bazar, Kalwas, Changoi, Sarayan, Melusar, Taranagar, Gajuwas, Kohina, Kotwad Tal, Chalkoi Banirotan, Dhana Bhakran, Jharsar Kandhlan, Jigsana Tal, Jothran, Pandreu Tal, Punras, Redi Bhurawas, Seowa, Bain, Pandreu Tibba, Anandsinghpura",Rajasthan,geonames-pin
IND530012AAC,Vizag_Gajuwaka_L (Andhra Pradesh),Vizag,Andhra Pradesh,530012,17.8817,83.3409,"Jaggayyapalem, Tunglam, Sheelanagar, Mindi, B H P V, Visweswarayanagar, Autonagar",Andhra Pradesh,geonames-pin
IND000000AFR,Cochin_PanditRd_D (Kerala),Cochin,Kerala,000000,,,,,
IND411017AAA,PNQ Rahatani DPC (Maharashtra),,Maharashtra,411017,18.5732,73.8739,"Pimpri Colony, Pimpri Waghire, Kalewadi",Maharashtra,geonames-pin
IND574211AAA,Bantwal_Trmltmpl_D (Karnataka),Bantwal,Karnataka,574211,12.931893333333331,75.02919333333334,"Jakribettu, Amtady, Sarapady, Allipade, Ajilamogru, Kuriyala, Koila, Loretto, Agrar, Arla, Navoor(Bantval), Panjikal, Rayee, Sornad, Bantval",Karnataka,geonames-pin
IND341306AAA,Sujangarh_LdnunDPP_D (Rajasthan),Sujangarh,Rajasthan,341306,27.064,74.1879,"Rahugate Ladnun, Ladnuncity, Dujar, Bakalia, Asotapura, Sunari, Pahelipatti Ladnun, Ladnun Lsg",Rajasthan,geonames-pin
IND361305AAC,Khambhalia_JdswarRD_D (Gujarat),Khambhalia,Gujarat,361305,22.39154736842105,70.09493684210527,"Viramdad, Vadatra, Vadalia Sinhan, Sonardi, Sinhan Aher, Meghpar Titodi, Kakabhai Sihan, Juvangadh, Haripar, Habardi, Dantrana, Ambavadi, Beraja, Asota Mota, Movan, Danta, Khambhalia, Bajana, Bhatel",Gujarat,geonames-pin
IND461001AAA,Hoshangabad_MnRDDPP_D (Madhya Pradesh),Hoshangabad,Madhya Pradesh,461001,22.60787647058824,77.96642941176471,"Nimsadia, N.S.Hoshangabad, Panjara Kala, Goura, Sangakheda Kala, Hasalpur, Sawalkheda, Magrol, Rohna, Shukkarwara, Hoshangabad City, Hoshangabad H.O, Jasalapur, Baikhedi, Gunora, Chaplasar, Raipur",Madhya Pradesh,geonames-pin
IND508207AAB,Miryalguda_Ragvendr_D (Telangana),Miryalguda,Telangana,508207,17.1406,79.549,Miryalguda H.O,Telangana,geonames-pin
IND303303AAA,Dausa_IndraCln_D (Rajasthan),Dausa,Rajasthan,303303,26.769465,76.305705,"Collectorate Dausa, Nangal Bairsi, Ladi Ka Bas, Mahesara Kalan, Bada Gaon, Baniyana, Bhandana, Chandrana, Chawandeda, Dausa H.O, Jasota, Jirota Khurd, Maheshara Khurd, Kherwal, Dausa Town, Malarna, Bhankari, Alooda, Hingotia, Surajpura",Rajasthan,geonames-pin
IND151103AAA,RampuraPhul_DC (Punjab),RampuraPhul,Punjab,151103,30.273892857142854,75.23989285714286,"Rampura Mandi, Rampura Phul, Bhunder, Kotra Koreyan Wala, Karar Wala, Jethu Ke, Jaidan, Gill Kalan, Dikh, Ballian Wali, Dhade, Mandi Kalan, Ramanvas, Pitho",Punjab,geonames-pin
IND412803AAB,Wai_Central_DPP_3 (Maharashtra),Wai,Maharashtra,412803,17.685710344827584,74.15252068965518,"Bhogaon, Vaigaon, Chikhali, Shirgaon, Akoshi, Asare, Baleghar, Bopardi, Borgaon BK, Degaon Shirgaon, Dhavadi, Dhom, Eksare, Khanapur, Mandhar Deo, Ozarde, Parkhandi, Phulenagar Wai, Shendurjane, Vasole, Velang, Vyahali, Wai City, Kadegaon, Pasarni, Abhepuri, Menavali, Wai, Vyajawadi",Maharashtra,geonames-pin
IND721212AAA,Ghatal_KrshDPP_D (West Bengal),Ghatal,West Bengal,721212,22.43094074074074,87.30448148148149,"Ranir Bazar Simulia, Kamalpur Sriramnagar, Mansuka, Dihiramnagar, Gopmahal, Kaijuri, Radhanagar, Khanjapur, Ratneswar Bati, Rathipur, Panna, Panchmaro Pratappur, Bandar, Benai, Nimtala, Khasbarh, Balidanga, Dirghagram, Doriayodhya, Doulatchak, Ghatal Bazar, Keshabchak, Ghoradaha, Ghatal, Jotekanuram Garh, Jaynagar, Ranichak",West Bengal,geonames-pin
IND000000AAZ,Buldhana_Thsil3PL_D (Maharashtra),Buldhana,Maharashtra,000000,,,,,
IND415124AAA,Karad_Mundhe_D (Maharashtra),Karad,Maharashtra,415124,17.6661,74.1735,"Varungji, Vidyanagar Karad, Vahagaon, Saidapur, Vadagaon Haweli, Banavady Colony, Mundhe, Kodoli(Karad), Kapil Goleshwar, Khodoshi, Parle, Karve",Maharashtra,geonames-pin
IND768028AAA,Bargarh_JJCpxDPP_D (Orissa),Bargarh,Orissa,768028,21.2854,83.7185,"Bargarh H.O, Bargarh Court, Bargarh Bazar",Odisha,geonames-pin
IND516227AAA,Badvel_Sidrd_D (Andhra Pradesh),Badvel,Andhra Pradesh,516227,14.69479,79.07169,"Badvel, Mannemvaripalli, Badvel Bazaar, Valleruvaripalli, Mannemavaripalli, Kamalakur, Gudem, Boyanapalli, Ethirajupalli, Chinthalacheruvu",Andhra Pradesh,geonames-pin
IND689650AAA,Kozhenchery_Cherukole_D (Kerala),Kozhenchery,Kerala,689650,9.265,76.7873,"Cherukole Kozhencherri, Kattoor Kozhencherry",Kerala,geonames-pin
IND243201AAA,Baheri_HoliCDPP_D (Uttar Pradesh),Baheri,Uttar Pradesh,243201,28.69008260869565,79.52148695652174,"Pachpera, Jokhanpur, Rath, Pindari Ashok, Siatheri, Damkhoda, Richha, Nazarganj, Baheri (Bareilly), Bhura Bahadur Pur, Nadeli, Dandia Nagla, Dunda Sumali, Rasoolpur, Itau Dhura, Girdharpur, Jasai Nagar, Sharif Nagar, Mundia Nabi Bux, K.S.W.Tulsi Nagar, Yaqoobganj, Man Pur, Faridpur",Uttar Pradesh,geonames-pin
IND502295AAA,Sangareddy_Pothredy_D (Telangana),Sangareddy,Telangana,502295,17.926750000000002,78.23406666666666,"Terpole, P.R.Pally Chowrasta, Mallepalli, Gollapalli, Konapur, Malkapur",Telangana,geonames-pin
IND000000ABD,Pallakad_ChndrNgr_D (Kerala),Pallakad,Kerala,000000,,,,,
IND816107AAA,Pakur_Hatpada_D (Jharkhand),Pakur,Jharkhand,816107,24.634638095238092,87.76307619047618,"Prithinagar, Gandhaipur, Illami, Rashpur, Chengadanga, Nagarnabi, Malpahari Koerisiding, Sitishnager, Bhawnipur, Narottempur, Sitapahari, Pakur, Torai, Daldali, Mohanpur, Manirampur, Kalidaspur, Jhikarhati, Debpur, Sangrampur, Pakur RS",Jharkhand,geonames-pin
IND591126AAA,Saundatti_ShanthiS_D (Karnataka),Saundatti,Karnataka,591126,15.789104761904762,75.16730952380952,"Betsur, Hanamgeri, Gorbal, Goravankolla, Chidambar Nagar Saundatti, M D Site, Lakhanaykanakoppa, Sutagatti (SDT), Hireulligeri, Sangreshkop, Hooli, Horalkatti, Inamhongal, Apmc Saundatti, Hoolikatti, Saundatti, Mullur, Asundi, Karikatti, Sirsangi, Kagdhal",Karnataka,geonames-pin
IND635207AAA,Uthangarai_RgstrOFC_D (Tamil Nadu),Uthangarai,Tamil Nadu,635207,12.410175,78.220025,"Mottur, Upparapatti, Nochipatti, Mannadapatti, Karapattu, Uttangarai, Marampatti, Venkatadampatti",Tamil Nadu,geonames-pin
IND608301AAA,Lalpet_PriyrNGR_D (Tamil Nadu),Lalpet,Tamil Nadu,608301,11.283572727272729,79.52931818181818,"Karunakaranallur, Nattarmangalam, Arantangi, Sithamalli, Rajendra Cholagam, Udayargudi, Melapalachanallur, M.Kolakudi, Veeranandapuram, Kandamangalam, Kattumannarkoil",Tamil Nadu,geonames-pin
IND306116AAA,Falna_SbhRDDPP_D (Rajasthan),Falna,Rajasthan,306116,25.5215,73.55807999999999,"Deotra, Falna  I. E., Dhani, Falna Village, Falna",Rajasthan,geonames-pin
IND721102AAA,Midnapore_Talkui_D (West Bengal),Midnapore,West Bengal,721102,22.4617,87.1485,"Gurguripal, Dherua, Ellaboni, Mataldanga, Nayagram Benasuli, Sirisdanga, Siromoni, Tantigeria, Monidaha, Vidyasagar University, Chandra, Abash",West Bengal,geonames-pin
IND462021AAA,Bhopal_Indrapri_DC (Madhya Pradesh),Bhopal,Madhya Pradesh,462021,,,,,
IND577522AAA,Challakere_Shivangr_D (Karnataka),Challakere,Karnataka,577522,14.2798,76.74149,"Yadalaghatta, Gopanahalli, Haravigondanahalli, Dodderi, Hulikunte, Jajur, Pagadalabande, Nagaramgere, Meerasabihally, Challakere Bazar, Somaguddu, Sanikere, Ramajogihally, Nannivala, Hottappanahalli, Belagere, Karikere, Kaparahally, Balenahalli, Challakere",Karnataka,geonames-pin
IND524003AAA,Nellore_DC (Andhra Pradesh),Nellore,Andhra Pradesh,524003,14.482846153846156,79.9622076923077,"Dcbc, Mulapeta, Fathekhanpeta, P.S.R Nagar, Chintareddypalem, Ramalingapuram, Gundlapalem, Dargamitta, Nellore Ceremic Factory, Kondayapalem, Bhaktavatsalanagar, Kanuparthipadu, Kallurpalli",Andhra Pradesh,geonames-pin
IND488001AAA,Panna_Mohnprwa_D (Madhya Pradesh),Panna,Madhya Pradesh,488001,24.701659090909093,80.07317272727272,"Samana, Manor, Dalan  Choki, Brijpur, Tarajharukuwa, Jamuniyai, Ramkheria, Diya, Itwan, Majhgaon, Dwari, Panna, Janakpur, Laxmipur, Jaswantpura, Mandla, Harduwa Camp, Panna Coll, Kunjwan, Baragarhi Camp, Pahadikhera, Ahirgawan",Madhya Pradesh,geonames-pin
IND621112AAA,Tiruchi_Samyaprm_D (Tamil Nadu),Tiruchi,Tamil Nadu,621112,10.934,78.749075,"Devimangalam, Marudur, Pallividai, Samayapuram",Tamil Nadu,geonames-pin
IND210427AAA,Mahoba_Mlkpura_D (Uttar Pradesh),Mahoba,Uttar Pradesh,210427,25.35011111111111,79.89216666666667,"Chikahra, Tikamau, Paswara, Bilbai, Sijahri, Mahoba, Maho R.S., Gandhi Nagar Mahoba, Karahra Kalan",Uttar Pradesh,geonames-pin
IND591307AAC,Gokak_Bsavangr_D (Karnataka),Gokak,Karnataka,591307,15.928,74.9885,"Gokak Guruwarpeth, Gokak College Road, Gokak Fort, Gokak H.O, Market Yard",Karnataka,geonames-pin
IND844505AAB,HazratJandaha_HajiprRD_D (Bihar),HazratJandaha,Bihar,844505,25.738190476190475,85.3919,"Rasulpur Purusottam, Dih Bichauli, Arnia, Narainpur .Deopura, Loma, Mahisaur, Chansarai, B.Tandipur, Murtuzapur, Mansingpur Bijhrauli, Jowaj, Jhandaha, Chamarhara Mamsai, Shoharthi, Bishanpur Bedaulia, Mahipura, Pirapur, Salha, Kalapahar, Bhathahi, Sahpur",Bihar,geonames-pin
IND847223AAA,Benipatti_WardNo1_D (Bihar),Benipatti,Bihar,847223,26.38978947368421,86.20636842105263,"Genaur, Bankatta Uren, Lorika, Parsuna, Pokhrouni, Sohroul, Tisi Narsam, Biratpur Birauli, Ganguli, Deopura, Barhampura, Damodarpur, Kataiya, Parsauni, Dhakjari, Chatra, Barha, Salempur, Benipatti",Bihar,geonames-pin
IND344001AAA,Barmer_Nehru3PL_D (Rajasthan),Barmer,Rajasthan,344001,25.908402564102563,72.64944615384616,"Uttarl R.S., Atimalani, Kapurdi, Para, Barmer RS, Barmer DB, Barmer Agore, Kurla, Redana, Nokh, Jasai, Malpura, Jaydu, Kagau, Khadeen, Khara Rathodan, Kharia Tala, Khudasa, Langera, Magne Ki Dhani, Marudi, Mahabar, Mithra Khurd, Shivkar, Sinyani, Hapon Ki Dhani, Hathma, Indroi, Jalipa, Bola, Gangala, Derasar, Barmer Coll, Bhanwarlai, Bhadkha, Barmer H.O, Barmer PR, Gehun, Garal",Rajasthan,geonames-pin
IND457226AAA,Jaora_RtlamNka_D (Madhya Pradesh),Jaora,Madhya Pradesh,457226,23.510120000000004,75.09256666666667,"Uparwada, Jhalwa, Barawada, Lalakheda, Jaora Choupati, Chourasi Barayla, Husaintekri, Luhari, Rojana, Rewas, Lasudia, Bahadurpur Jagir, Jaora Kutchery, Jaora, Uplai",Madhya Pradesh,geonames-pin
IND625218AAA,Vadipatti_lalaNGR_D (Tamil Nadu),Vadipatti,Tamil Nadu,625218,10.02798,78.1439,"Kulasekarankottai, Andipatti, Pandiarajapuram, Kachakatti, Vadipatti",Tamil Nadu,geonames-pin
IND262501AAA,Pithorgarh_Kumud_D (Uttarakhand),Pithorgarh,Uttarakhand,262501,30.07425,80.30407777777778,"Khatigaon, Bans, Collectorate (Pithoragarh), Nakote GDS, Digtoli, Cherra, Chandak, Bin, Baste, Siltham, Shivalaya, Roripali, Jhuni, Jajurali, Dungara, Bhurmuni, Pithoragarh H.O, Pabhain",Uttarakhand,geonames-pin
IND523230AAA,Kanigiri_Tiglgndi_D (Andhra Pradesh),Kanigiri,Andhra Pradesh,523230,15.241618181818184,79.43408181818182,"Lingareddipalli, Tummagunta, Kancharlavaripalli, Chakirala, Ballipalli, Cheerladinne, Kanigiri, Markondapuram, Botikarlapadu, Raviguntapalli, Pathapadu",Andhra Pradesh,geonames-pin
IND790001AAB,Bomdila_CTRoad_D (Arunachal Pradesh),Bomdila,Arunachal Pradesh,790001,27.31245,92.65101666666668,"Nafra, Bomdila, Palizi, Thrizino, Salari, Rahung",Arunachal Pradesh,geonames-pin
IND802212AAA,Bikramgang_Dehrird_D (Bihar),Bikramgang,Bihar,802212,25.18553157894737,84.2329,"Motha, Mohanpur, Nonhar, Jamorhi, Karakat, Tenduni Chauk, Durgadi, Ghosia Kala, Goshaldih, Gotapa, K. Mahdeo, Dhangain, Mani, Jonhi, Karma, Maidhara, Munji, Dharupur, Bikramganj",Bihar,geonames-pin
IND424304AAC,Sakri_DhuleRoad_D (Maharashtra),Sakri,Maharashtra,424304,20.94759333333333,74.48633666666666,"Kalambhir, Kavthe, Chinchkhede, Sakri (Dhule), Bodgaon, Mhasdi, Rohod, Dusane, Ghodade, Kharadbari, Mauje-chadvel, Navapada, Perejpur, Pinjarzadi, Rainpada, Vasmar, Tamasvadi, Balsane, Vardhane, Dhamnar, Shewali, Shirsole, Devjipada, Kakani, Bhadne, Chaupale, Datarti, Dahivel, Ashtane, S.F. Bhadne",Maharashtra,geonames-pin
IND847404AAB,Jhanjharpur_Nagar_D (Bihar),Jhanjharpur,Bihar,847404,26.322294736842107,86.23372105263158,"Mehath, Raima, Harna, Imadpatti, Hata Rupauli, Sant Nagar, Belarahi, Chanouraganj, Kotjia Bharam, Kathia, Vijai, Choramahrail, Jhanjharpur Court, Harri, Simra, Kako, Sukhet, Jhanjharpur, Mahrail",Bihar,geonames-pin
IND361315AAA,Bhatiya_Kalyanpr_D (Gujarat),Bhatiya,Gujarat,361315,22.3145,70.2038,"Pindhara, Juvanpar, Kenedi, Khankharda, Mahadevia, Nandana, Gandhavi, Ranjitpar, Sidsara, Mevasa, Bhatvadia, Lamba, Bhatia, Bhopalka, Bhogat, Ran, Navadra, Bankodi, Gaga",Gujarat,geonames-pin
IND507123AAA,Yellandu_Sudimala_D (Telangana),Yellandu,Telangana,507123,17.191141176470587,80.39869999999999,"Yellandu, Tekulapalli, Seetharampuram, Bethampudi, B N Thanda, Gundala, Kachanapalli, Sudimalla, Usirikayalapalli, Muthapuram, Ragaboinagudem, Sulanagar, Sayanapalli, Badduthanda, Pegallapadu, Lingagudem, Koyagudem",Telangana,geonames-pin
IND212402AAA,Phulpur_Shekhpur_D (Uttar Pradesh),Phulpur,Uttar Pradesh,212402,25.601,81.95225333333333,"Mailahan, Pratappur, Bahadurgarh Arwasi, Kanethi, Katrauli, Chandopara, Gorigon, Deewanganj, Saraj Mamrej, Jalalpur Kasba, Chamrupur Urf Nantaut, Phoolpur, Ramgarh Kothari, Deoli, Kapsa",Uttar Pradesh,geonames-pin
IND761200AAA,Paralakhemundi_Ward14_D (Orissa),Paralakhemundi,Orissa,761200,19.1734,84.1607,"Hospital Road (Gajapati), Parlakhemundi H.O, Paralakhemundi Bus Stand, Jangam Street, Chitrakar Street",Odisha,geonames-pin
IND853204AAA,Naugchia_Vijayght_D (Bihar),Naugchia,Bihar,853204,25.36781764705882,87.11239705882353,"Bhowadeorhi, Laxmipurgirdhar, Srimaha, Kahariah, Arajpur, Bhatgama, Latra, Naugachia, Malchatakia, Najrah, Madruui, Rangra, Pakra, Chapar, Pratapnager, Khairpurkadwa, Kadwadiaza, Sahuparbatta, Tetripakra, Gosaigaov, Dimala, Dholbazza Bazar, Bhawauipur, Khajra, Baisijahajirpur, Mauiamore, Sadhua, Balia, Dharahara, Srighia Makandpur, Jagatpur, Panchgachia Bazar, Abhiabazar, Mohanpur",Bihar,geonames-pin
IND792110AAA,Roing_DibngVly_D (Arunachal Pradesh),Roing,Arunachal Pradesh,792110,28.243426315789478,95.79257894736844,"Roing, Abango, Paglam, Koronu, Hunli, Elopa, Iduli, Kronli, Bomjir, Bijari, Jia, Desali, Santipur, Meka, Parbuk, Bolung, Anelih, Dambuk, Anupam",Arunachal Pradesh,geonames-pin
IND322001AAC,SawaiMadhopur_Central_DPP_1 (Rajasthan),SawaiMadhopur,Rajasthan,322001,26.215547619047616,76.48670952380952,"Chhan, Rawanjana Doongar, Dhamun Khurd, Mui, Sawaimadhopur H.O, Daulatpura, Dakwa, Sherpur Khilchipur, Mai Kalan, Pancholas, Atunkalan, Kustala, Adarsh Nagar (Sawai Madhopur), Khandeola, Khatupura, Baharnwanda Khurd, Rawanjana Chaur, Alapur, Khijuri, Jinapur, Ghimeera",Rajasthan,geonames-pin
IND802213AAB,Dinara_Wardno7_D (Bihar),Dinara,Bihar,802213,25.16133571428572,83.93063571428571,"Sikthi, Kund, Dinara (Rohtas), Bhanpur, Kaniyari, Akorha, Basadihan, Belvaiyan, Andore, Mahroh, Sujatpur, Jamroh, Chilheuon, Jigana",Bihar,geonames-pin
IND176201AAA,Jassur_AadiDPP_D (Himachal Pradesh),Jassur,Himachal Pradesh,176201,32.27676923076923,75.81708461538462,"Khanni, Lodhwan, Bhaleta, Gandwal, Raja Ka Bagh, Rit Lower, Thore, Basa Baziran, Geora, Jassur, Bhugnara, Baduhi, Baranda",Himachal Pradesh,geonames-pin
IND206001AAA,Etawah_MhraChng_D (Uttar Pradesh),Etawah,Uttar Pradesh,206001,26.77455,79.09287499999999,"Heonra, Etawah Kutchary, Etawah H.O, Colleger Road Bharthana, Etawah New City, Pratapner, K. K. D. C. Etawah, Lalpura Etawah, Lavedi, Ashok Nagar (Etawah), Etawah City, Distt Board  Etawah, Bajaria, Dhanua, Satyawadi Etawah, Purana Bharthana",Uttar Pradesh,geonames-pin
IND221706AAA,Ratanpura_MubarDPP_D (Uttar Pradesh),Ratanpura,Uttar Pradesh,221706,25.96224615384616,83.70443846153846,"Mauri, Kanso, Chhichore, Pindohari, Golauri, Semrajpur, Ratan Pura, Belaujha, Singdhwal, Ataraul Pandey, Mustafa Bad, Nasira Bad Kala, Ailakhaimilia",Uttar Pradesh,geonames-pin
IND263601AAA,Almora_SuzkiSrv_D (Uttarakhand),Almora,Uttarakhand,263601,29.59534705882353,79.6806205882353,"Patia, Dal, Birora, Almora College ED, Almora H.O, Balta, Chaunsli, Bajwar, Kirara, Sunoli, Dhaura, Bhatkhola, Pilkha, Bey, Ayarpani, Chitai, Laxmeshwar, I.T.I. Almora, Dova, Lodhia, Petshal, Pokharkhali, Syalidhar, Vikas Bhawan Almora, Kafarkhan, Kharaun, Dinapani, Dhamas, Almora Court, Lala Bazar, Baldhoti, Chaumu Uchyur, Bhainsori ED, Zoor",Uttarakhand,geonames-pin
IND754211AAA,Kendrpara_Kapleswr_D (Orissa),Kendrpara,Orissa,754211,20.5531,86.6097,"Kendrapara College, Kendrapara H.O, Keshpur Bazar, Tinimuhani",Odisha,geonames-pin
IND516390AAA,Pulivendula_RTCStand_D (Andhra Pradesh),Pulivendula,Andhra Pradesh,516390,14.4632,78.1499,"Pulivendla H.O, Ankalammapeta",Andhra Pradesh,geonames-pin
IND484446AAA,Dola_ChainDPP_D (Madhya Pradesh),Dola,Madhya Pradesh,484446,23.53361666666667,81.508,"Dola, Bangawan, Rajnagar Colliery, Jheemar Colliery, Ramnagar Colliery, Semra",Madhya Pradesh,geonames-pin
IND362150AAA,Talala_SsnRdDPP_D (Gujarat),Talala,Gujarat,362150,21.3729,70.4136,"Dhramanva, Jepur, Borvav, Chitravad, Dhava, Virpur, Amblash, Sangodra, Gundran, Haripur, Kodidra, Bakula Dhanej, Semarvav, Ukadiya, Khandheri, Lumbha, Madhupur Jambur, Maljinjva, Gabha, Ghunsiya, Akala, Talala",Gujarat,geonames-pin
IND184121AAA,Samba_Wardno13_D (Jammu & Kashmir),Samba,Jammu & Kashmir,184121,32.77187777777778,74.94315,"Mandi Sangwali, Mawa, Kakrai, Kalibari, Taloor, Sumb, Samba Adda, Rehiyan, Pangdour, Nai Kali, J.N.V. Nud, Dhiani, Mansar, Goran, Samba, Barigarh, Sarna, Nanak Chak",Jammu & Kashmir,geonames-pin
IND465683AAA,Pachore_Shop3DPP_D (Madhya Pradesh),Pachore,Madhya Pradesh,465683,23.70019375,76.76521249999999,"Sarali, Sultaniya, Paniya, Sustani, Piplyarasoda, Padlyaanjna, Karanvas, Haluhedikalan, Purankhedi, Bheelvadiya, Pachore, Udankhedi, Baredi, Bokdi, Dehri Kalan, Bhatkhedi",Madhya Pradesh,geonames-pin
IND742137AAA,Kandi_DohalDPP_D (West Bengal),Kandi,West Bengal,742137,24.1086,88.0562,"Kandi Bazar, Kandi Court, Kandi Bus Stand, Kandi H.O",West Bengal,geonames-pin
IND841226AAB,Siwan_HnmntNgr_D (Bihar),Siwan,Bihar,841226,26.159923809523807,84.3715380952381,"Barkagaon, Chakra, Tetria, Barheya, S.S.Factory, Satation Road, Bhantapokher, Partap Pur, Siwan Chowk Bazar, Mahodipur, Jiyan, Sarsar, Chapia Bujurg, Chapra Road, Tarwa, Habibnagar, Hardia, Markan, Dhanuti, Amlori, Siwan H.O",Bihar,geonames-pin
IND768216AAA,Brajrajnagar_LamtiDPP_D (Orissa),Brajrajnagar,Orissa,768216,21.886622222222226,83.92522222222222,"Loisingh, Rajpur, Lamptibahal, Gandghara, I B, Chandinimal, Brajarajnagar, Sr Brajarajnagar, Chichinda",Odisha,geonames-pin
IND431131AAB,Majalgaon_SmbjiCwk_D (Maharashtra),Majalgaon,Maharashtra,431131,19.07639333333333,76.21757333333333,"Sonnathadi, Laul, Sandas Chincholi, Rajewadi, Nithrud, Pathrood, Badibadi, Telgoan, Manjrath, Purshottampuri, Anandgaon, Mangrul, Sadola, Majalgaon, Gangamasla",Maharashtra,geonames-pin
IND741201AAC,Ranaghat_ArickDPP_D (West Bengal),Ranaghat,West Bengal,741201,23.482700000000005,88.5215,"Ranaghat Bazar, Biswaspara, Chotobazar, Chunaripara, Ranaghat Rupashreepally, Siddheswaritala, Mahaprabhupara, Ramnagar, Ranaghat Court, Ranaghat H.O, Ranaghat RS, Ranaghat College",West Bengal,geonames-pin
IND799250AAA,Dharmanagr_Ranakant_D (Tripura),Dharmanagr,Tripura,799250,24.1041,92.2079,Dharmanagar H.O,Tripura,geonames-pin
IND311302AAA,Badnaur_BhmrdDPP_D (Rajasthan),Badnaur,Rajasthan,311302,25.724176923076925,74.40494615384615,"Rampura, Bhojpura, Pura, Bor, Bhadsi, Chatarpur, Ojhiyana, Badnore, Patan, Jaitgarh, Shekhawas, Khedela, Mogar",Rajasthan,geonames-pin
IND416602AAC,Kankavali_NrdawDPP_D (Maharashtra),Kankavali,Maharashtra,416602,16.1323,73.7383,"Main, Nandgaon, Kalmath, Humbrat, Nagve, Karanje, Shirvande, Otav, Gopuri, Savdav, Asrondi, Aynal, Janavali, Bharni, Bidwadi, Tarandale, Halval, Kasaral, Varavade, Harkul Budruk, Sakedi, Kasavan, Kankavli",Maharashtra,geonames-pin
IND144527AAA,Garhshnker_Jagrata_D (Punjab),Garhshnker,Punjab,144527,31.28275,76.07081,"Ibrahimpur, Bora, Ror Mazara, Khanpur, Garhshanker, Gogon, Degham, Basiala, Denowal Kalan, Garhi Matton",Punjab,geonames-pin
IND721133AAA,Keshiary_MdnprDPP_D (West Bengal),Keshiary,West Bengal,721133,22.40012857142857,87.26545238095238,"Baghasti, Borah, Gaganeswar, Ganasarisa, Jamsole, June Belda, Kushgeria, Lengamara, Markanda, Nachhipur, Rautarapur, Santrapur, Singaijamuna, Sukharole, Uttar Dumurkhola, Bhasra, Benadiha, Kukai, Chakla, Keshiary, Amda",West Bengal,geonames-pin
IND786190AAA,DoomDooma_Pthrgoan_D (Assam),DoomDooma,Assam,786190,27.5786,95.6265,"Samdang, Hansara",Assam,geonames-pin
IND416122AAA,Kolhapur_Central_H_2 (Maharashtra),Kolhapur,Maharashtra,416122,16.516128571428574,74.17885714285714,"MIDC Shiroli, Jatharwadi, Tasgaon, Pulachi Shiroli, Shiye, Nagaon, Top",Maharashtra,geonames-pin
IND416606AAA,Malvan_BllvMarg_D (Maharashtra),Malvan,Maharashtra,416606,16.1323,73.7383,Malvan H.O,Maharashtra,geonames-pin
IND713103AAA,Bardhaman_Bankura_D (West Bengal),Bardhaman,West Bengal,713103,23.4278,87.7677,"Chotonilpur, Machkhanda, Ghordourchati, Hijalna, Ichlabad, Bontir, Sankharipukur, Sundarghat, Sripalli, Bolpur, Kamalpur, Saloon",West Bengal,geonames-pin
IND251201AAA,Khatauli_TilakNgr_D (Uttar Pradesh),Khatauli,Uttar Pradesh,251201,29.368836,77.73321200000001,"Nawla, Galibpur, Titoda, Kailwara Kalan, Incholi, Khanjapur, Barsoo, Chand Samad, Chand Seena, Pamnawali, Khatauli Bazar, Dayalpuri, Pipalhera, Satguru Nagar, Khatauli, Kheri Rangdhang, Sugar Mill Road Khatauli, Antwara, Jasaula, Fahimpur Khurd, Phulat, Bhainsi, Satheri, Bhangela, Sarai Rasulpur",Uttar Pradesh,geonames-pin
IND413531AAA,Latur_Srnwsngr_D (Maharashtra),Latur,Maharashtra,413531,18.24516,76.2563,"Hasegaon, Hippalgaon, Pakharsangvi, MIDC Latur, Ramnagar Latur, Sawargaon, Sugaon, Tilaknagar Latur, Manjara SK, Shivani BK, Harangai BK, Babhalgaon, Takali, Peth, Bori, Khadgaon, Chincholi Pan, Bokangaon, Kawa, Bhatangali, Gangapur, Wasangaon, Sonwati, Harangul KH, Lodga, Kasarkheda, Jewali, Holi, Gaur, Katgaon",Maharashtra,geonames-pin
IND413307AAC,Sangola_Central_DPP_3 (Maharashtra),Sangola,Maharashtra,413307,17.572635294117646,75.40788823529411,"Waki(Sangola), Junoni, Yelmarmangewadi, Akola Wasud, Watambre, Wadhegaon, Udanwadi, Shivane, Medshingi, Ekhatpur, Sangola Town (Sangola), Rajuri, Chincholi, Kamalapur, Pachegaon, Hatid, Sangola",Maharashtra,geonames-pin
IND712612AAA,Kamarpukur_ChatiDPP_D (West Bengal),Kamarpukur,West Bengal,712612,22.88903333333333,88.00826666666667,"Paschimpara, Satberia, Sripur, Mandaran, Tarahat, Kamarpukur",West Bengal,geonames-pin
IND673027AAB,Kozhikode_Feroke_H (Kerala),Kozhikode,Kerala,673027,11.3046,75.76,Nallalam,Kerala,geonames-pin
IND713364AAB,Rupnarayanpur_Salanpur_D (West Bengal),Rupnarayanpur,West Bengal,713364,,,,,
IND484551AAA,PaliBirsighpr_CtyLgDPP_D (Madhya Pradesh),PaliBirsighpr,Madhya Pradesh,484551,23.407714285714285,81.13541428571429,"Ghunghuti, Raipur, Birsinghpur Pali, Sundardadar, Mangthar, Bandhwatola, Checheria",Madhya Pradesh,geonames-pin
IND788121AAA,Kabuganj_Jantaclg_D (Assam),Kabuganj,Assam,788121,24.664200000000005,92.8659,"Nagdirgram, Kabuganj Bazar, Baromuni",Assam,geonames-pin
IND464668AAA,Bareli_SourvDPP_D (Madhya Pradesh),Bareli,Madhya Pradesh,464668,23.14096111111111,78.14578888888889,"Bagalwada, Bareli, Magardha, Baghpiparia, Dimada, Doomar, Kamtone, Karamwada, Panjrakashiram, Udaigiri, Untiakalan, Maheshwar, Akola, Samnapur, Chainpur, Kotparganesh, Mangrol, Aliganj",Madhya Pradesh,geonames-pin
IND577401AAA,Sagara_Vardhard_D (Karnataka),Sagara,Karnataka,577401,14.034483333333334,75.24662222222221,"Suntikoppa, Hirenallur, Sasaravalli, Khandika, Kagodu, Hamsagaru, Gandinagar-sagar, Malve, Masur(Sagar), Sagar Bazar, Sagar H.O, Belur(Sagar), Sagar Market Road, Shiravanthe, Kugve, Yedjigalamane, Kalmane(Sagar), Keladi",Karnataka,geonames-pin
IND431112AAB,Sillod_ZebaTWR_D (Maharashtra),Sillod,Maharashtra,431112,20.380926666666667,75.59286,"Halda, Undangaon, Mangrul, Golegaon, Sillod, Hatti, Anvi, Jalgaon, Kelgaon, Modha BK, Anwa, Rahimabad, Badod Pan, Palod, Liha Khedi",Maharashtra,geonames-pin
IND641001AAA,Coimbatore_Ukkadam_D (Tamil Nadu),Coimbatore,Tamil Nadu,641001,10.92322,76.96860000000001,"Coimbatore Fort, Coimbatore West, Coimbatore H.O, Sukrawarpettai, Coimbatore Bazaar",Tamil Nadu,geonames-pin
IND431517AAB,Ambajogai_BnsllNgr_D (Maharashtra),Ambajogai,Maharashtra,431517,18.83758,76.074985,"Warwati, Bardapur, Jawalgaon, Yelda, Apegaon, Somnath Borgaon, Adas, Lokhandi Sawargaon, Ambajogai, Yusuf Wadgaon, Dighol Amba, MEDICAL COLLEGE, Pimpla Dhaiguda, Chanai, Sonwala, Hoal, YCC, Dongar Pimpla, Hatola, Ladewadgaon",Maharashtra,geonames-pin
IND244921AAB,Bilaspur_GrmNgriya_D (Uttar Pradesh),Bilaspur,Uttar Pradesh,244921,28.881073684210527,79.23372105263158,"Nawabganj, Hamidabad, Ahor, Rasdandia, Bhansia Jawalapuri, Anwaria Talibabad, Ishanagar, Paigamberpur, Matkhera, Mulla Khera, Begamabad, Ratanpura, Chandela, Simaria, Bilaspur (Rampur), Milak Khanam, Khandia, Pipalia Gopal, Khempur",Uttar Pradesh,geonames-pin
IND781354AAA,Rangia_HosptlRd_D (Assam),Rangia,Assam,781354,26.43308,91.57786,"Pitambarhat Bazali, Maranjana, Madhukuchi, Barghuli, Deolkuchi, Dhepargaon, Gopalpur, Kachari Solmari, Chapania, Bardal, Tarani, Rangia, Titkuri, Udiana, Bangaon",Assam,geonames-pin
IND384355AAB,Vadnagar_BsstdDPP_D (Gujarat),Vadnagar,Gujarat,384355,23.63266153846154,72.4946923076923,"Undani, Sabalpur, Malekpur (Vad), Molipur, Gundrasan, Bamanva, Karbatia, Chhabalia, Sultanpur, Badarpur, Khatoda, Kahipur, Vadnagar",Gujarat,geonames-pin
IND505326AAA,Koratla_BhemuDPP_D (Telangana),Koratla,Telangana,505326,18.376,79.2449,"Koratla Bazar, Koratla",Telangana,geonames-pin
IND847226AAA,Jaynagar_Wardno6_D (Bihar),Jaynagar,Bihar,847226,26.53698636363637,86.14089545454546,"Jaynagar, Deodha, Parwa, Barhi, Chachraha, Uchhal, Kuar, Sidhap Kalan, Korahia, Dhamiapatti, Dullipatti, Jaynagar Bazar, Kamalabari, Seli Beli, Pursaulia, Padma, Usarahi Deodha, Dorbar, Narar, Nil, Bela, Baira",Bihar,geonames-pin
IND415301AAB,Atapadi_Vidyangr_D (Maharashtra),Atapadi,Maharashtra,415301,17.293766666666667,74.91348333333333,"Nimbavade, Madgule, Vibhutwadi, Zare, Kautholi, Atpadi",Maharashtra,geonames-pin
IND561202AAB,Pavagada_PnukndRD_D (Karnataka),Pavagada,Karnataka,561202,14.022204166666668,77.20659583333334,"Bommathanahally, Sulanaikanahalli, Sailapura, Rajavanthi, Pavagada Fort, Neelammanahalli, Kotagudda, Kodamadagu, Kanivenahalli, Gummaghatta, Gowdety, Dommathamari, Bydanur, Budibetta, Pavagada, Virupasamudra, Naliganahalli, Ponnasamudra, Roppa, Lingadahalli, Sasalakunte, Gundlahalli, Rangasamudra, Venkatapura",Karnataka,geonames-pin
IND829121AAA,Peterbar_GagiDPP_D (Jharkhand),Peterbar,Jharkhand,829121,23.654770000000003,85.85531,"Chargi, Mirzapur, Ordana, Rohar, Chandipur, Dantoo, Peterbar, Mungasarla, Uttasara, Arjuwa",Jharkhand,geonames-pin
IND614018AAA,Mannargudi_Vadasari_D (Tamil Nadu),Mannargudi,Tamil Nadu,614018,10.67079090909091,79.51077272727274,"Alankottai, Nallikottai, Thalikottai, Mukkul.Am Sathanur, Melanemmeli, Mahadevapattinam, Ullikottai, Karuvakurichi, Kandithampettai, Tirupalakudi, Peraiyur",Tamil Nadu,geonames-pin
IND495004AAA,Bilaspur_Torwa_DC (Chhattisgarh),Bilaspur,Chhattisgarh,495004,22.1569,82.0218,"Ramdas Nagar, Harditonakala, Cmd College Bilaspur, Sirgitti, Dhuma, Deorikhurd, Bilaspur R.S.",Chhattisgarh,geonames-pin
IND362225AAA,Mangrol_JilRDDPP_D (Gujarat),Mangrol,Gujarat,362225,21.3729,70.4136,"Sheriaj, Husenabad, Loej, Rahij, Mangrol (Junagadh), Mankhetra, Dhelana, Maktupur, Chandvana, Sultanpur",Gujarat,geonames-pin
IND712602AAA,Arambag_BalibDPP_D (West Bengal),Arambag,West Bengal,712602,22.86714444444444,88.08176666666667,"Tirol, Mriga Chatra, Naisarai, Maigram, Bajua, Bhadur, Chandur (Hooghly), Santoshpur, Gobindapur",West Bengal,geonames-pin
IND402109AAA,Roha_DataSagr_D (Maharashtra),Roha,Maharashtra,402109,18.81559047619048,73.82979047619048,"Nhave, Medha, Sarsoli, Tambadi, Virjoli, Shedsai, Shenwai, Sanegaon, Kokban, Dhamansai, Chordhe, Pingalsai, Wali, Chanera, Khaire Budruk, Khargaon, Chandgaon, Ashtami, Ghosale, Bhalgaon, Roha",Maharashtra,geonames-pin
IND175015AAA,JognderNgr_Dhelu_D (Himachal Pradesh),JognderNgr,Himachal Pradesh,175015,31.823239130434786,76.85709565217392,"Jalpehar, Dohag, Nohali, Bhiun, Chimnu, Drahal, Tullah, Shanan Power House, Bassi, Majharnoo, Chalarag, Kuthera, Harabagh, Langna, Joginder Nagar, Dul, Urla, Gumma, Thara, Makreri, Jhatingri, Bhararu, Balhjoli",Himachal Pradesh,geonames-pin
IND732138AAA,Bamangola_Central_D_1 (West Bengal),Bamangola,West Bengal,732138,25.251555,87.990555,"Ahil, Patul, Khutadaha, Masheshpur, Araji Jalsa, Asrafpur, Bamongola, Dalla Madhyapara, Dharmadanga, Dighalbar, Dohil, Jagdala, Kamaldanga, Pakuahat, Pannapur, Parbatidanga, Purba Ranipur, Rahutara, Sapmari, Binodpur",West Bengal,geonames-pin
IND487001AAA,Narsingpur_JrjolDPP_D (Madhya Pradesh),Narsingpur,Madhya Pradesh,487001,22.939780952380957,79.25391904761905,"Khurpa, Kandeli, Nayakheda, Khamria, Chawarkheda, Devnagarnaya, Dudwara, Itwarabazar, Umaria(Chinki), Kherinaka, Rampiparia, Bahoripar, Magrdha, Narsinghpur H.O, Kamtada, Dangidhana, Kerpani, Chinki, Dhamna, Mungwani, Bachai",Madhya Pradesh,geonames-pin
IND000000AFG,Tirur_PmthuKlm_D (Kerala),Tirur,Kerala,000000,,,,,
IND606201AAC,Chinnasalem_VkotRoad_D (Tamil Nadu),Chinnasalem,Tamil Nadu,606201,11.855442857142858,79.14325714285714,"Melur, Moongilpadi, Ammaiagaram, Siruvathur, Paithanthurai, Pethanur, Thengiyanatham, Vettiperumalagaram, Thottiyam, Dagamtheerthapuram, Kaniyamur, Chinnasalem, Melnariyappanur, Pandiyankuppam",Tamil Nadu,geonames-pin
IND636102AAA,Attur_KaaduRd_D (Tamil Nadu),Attur,Tamil Nadu,636102,11.6741,78.2221,"Atur H.O, Vinayagapuram, Gandhinagar (Salem), Aturbazaar, Udayarpalayam (Salem)",Tamil Nadu,geonames-pin
IND721501AAC,AmaDubi_Bulabeda_D (West Bengal),AmaDubi,West Bengal,721501,22.4378,87.22644,"Aguibil, Chakadoba, Belpahari, Odalchua, Borsole, Bhulaveda, Charakpahari, Banspahari, Thakurnpahari, Kodapura, Orali, Bamundiha, Patharchakri, Sandapara, Kankrajhore",West Bengal,geonames-pin
IND574239AAA,Sullia_Srirampt_D (Karnataka),Sullia,Karnataka,574239,12.62631818181818,75.37271818181817,"Aivernad, Ajjavara, Peral, Sonangeri, Sullia, Sullia Gandhinagar, Aletty, Kolchar, Mandekole, Duggaladka, Jalsur",Karnataka,geonames-pin
IND825409AAA,JhumriTlya_RadhaCpx_D (Jharkhand),JhumriTlya,Jharkhand,825409,24.412281818181818,85.4581,"Jhumari Telaiya Bazar, Dhabtham, Gajhandi, Gomobarwadih, Parsatari, Bekobar, Chandwara, Hirodih, Kanko, Karma, Jhumri Telaiya",Jharkhand,geonames-pin
IND331507AAA,Sujangarh_JngidDPP_D (Rajasthan),Sujangarh,Rajasthan,331507,27.789492307692303,74.18593076923077,"Sujangarh, Kolasar, Magrasar, Malsisar, Badabar, Sujangarh RS, Naya Bass Sujangarh, Kanuta, Bobasar Bidawtan, Jindrasar, Lodsar, Guleria, G.G.Sujangarh",Rajasthan,geonames-pin
IND175101AAA,Kullu_AkhraBzr_D (Himachal Pradesh),Kullu,Himachal Pradesh,175101,31.83762,77.35459,"Bari, Puid, Kararsu, Peej, Bhekhali, Kais, Kullu H.O, Sultanpur (Kullu), Akhara Bazar, Bharai",Himachal Pradesh,geonames-pin
IND383315AAC,Modasa_Central_D_1 (Gujarat),Modasa,Gujarat,383315,23.806186956521746,73.03424347826088,"Pahadpur, Kolikhad, Madapur Kampa, Mahadevpura Kampa, Mevda, Modasa Bazar, Muloj, Nathavas, Ramana, Rinchvad, Sakariya, Sayra, Shinavad, Amlai, Badodara, Bherunda, Vaniad Kokapur, Kau, Dugarvada, Gajan, Ganeshpur, Modasa, Jhalodar",Gujarat,geonames-pin
IND743270AAA,Helencha_ColnyDPP_D (West Bengal),Helencha,West Bengal,743270,22.4656,88.7803,"Kulia, Baneswarpur, Kumarkhola, Helencha Colony, Bhawanipur, Berbari",West Bengal,geonames-pin
IND560099AAH,Bengaluru_South_D_20 (Karnataka),Bengaluru,Karnataka,560099,13.239875,77.550075,"Bommasandra Industrial Estate, Muthanallur, Chandapura, Huskur",Karnataka,geonames-pin
IND302006AAC,Jaipur_Central_D_10 (Rajasthan),Jaipur,Rajasthan,302006,26.9196,75.7878,"Station Road (Jaipur), P.W.D.Office, Jaipur R.S., Raj Bhawan (Jaipur), Ajmer Road",Rajasthan,geonames-pin
IND574221AAA,Kadaba_AnugrDPP_D (Karnataka),Kadaba,Karnataka,574221,12.726714285714284,75.46849999999999,"Renjilady, Ballya, Noojibalthila, Yedamangala, Kutrupady, Kadaba (Dakshina Kannada), Kodimbala",Karnataka,geonames-pin
IND515411AAA,Tadipatri_CBRoad_D (Andhra Pradesh),Tadipatri,Andhra Pradesh,515411,14.915884615384616,77.96041538461539,"Peddapolamada, Chinnapolamada, Juturu, Yerraguntapalli, Tadpatri, Challavaripalli, Reddivaripalem, Senagalaguduru, Tadpatri Bazar, Tadpatri Bus Stand, Tadpatri Extension, Bondaladinne, Vanganuru",Andhra Pradesh,geonames-pin
IND643212AAA,Gudalur_kalmpuza_D (Tamil Nadu),Gudalur,Tamil Nadu,643212,11.4731,76.3794,"Devala, Puliampara, Athipalli, Gudalur Bazaar, Nandhatti, Sree Madurai",Tamil Nadu,geonames-pin
IND431717AAA,Degloor_Busstand_D (Maharashtra),Degloor,Maharashtra,431717,18.698266666666665,77.48228333333333,"Degaon BK, Tadkhel, Bhayegaon, Hottal, Degloor, Degloor Town, Motarga, Hawarga, Khanapur, Ekalara, Chondi, Ballur",Maharashtra,geonames-pin
IND203001AAA,Bulndshahr_Ymunpurm_D (Uttar Pradesh),Bulndshahr,Uttar Pradesh,203001,28.250441935483877,78.25229032258065,"Chanderu, Naya  Gaon, Krishananagar, Kahira, Jauly Garh, Ipdc  Bulandshahr, Hattmabad, Ghunghraoli Banwaripur, Dhatori, Dhamera  Keerat, Deputy  Ganj  Bulandshahr, Dav   College Bulandshahr, Chitson, Bulandshahr  Kutchery, Bhoor, Aulina, Mukeempur, Lalkuan, Panni  Nagar, Guthaoli, Bulandshahr H.O, Sarai Ghashi, Surjawaly, Akabarpur, Mirjapur, Dariyapur, Malagarh, Rangpur, Luharaly Ludhiyana, Salempur, Bulandshahr Tehsil",Uttar Pradesh,geonames-pin
IND484661AAE,Umaria_Central_DPP_3 (Madhya Pradesh),Umaria,Madhya Pradesh,484661,23.674961538461535,80.89388461538462,"Umaria, Dhamokhar, Karkeli, Bharaula, Badwar, Dhanwar, Nigahri, Baderi, Majmanikala, Mahroi, Bhundi, Kachharwar, Saraswahi",Madhya Pradesh,geonames-pin
IND176310AAA,Chamba_Bangotu_D (Himachal Pradesh),Chamba,Himachal Pradesh,176310,32.3441,76.3487,"Chamba H.O, Rangmahal",Himachal Pradesh,geonames-pin
IND176048AAA,Jahu_Sulgwan_D (Himachal Pradesh),Jahu,Himachal Pradesh,176048,31.878599999999995,76.5511,"Jahu, Kakrot, Badehar",Himachal Pradesh,geonames-pin
IND768028AAB,Bargarh_GurpdDPP_D (Orissa),Bargarh,Orissa,768028,21.2854,83.7185,"Bargarh H.O, Bargarh Court, Bargarh Bazar",Odisha,geonames-pin
IND493445AAB,Mahasamund_RajpurRD_D (Chhattisgarh),Mahasamund,Chhattisgarh,493445,21.191557692307693,82.24236538461538,"Sirpur, Pasid, Jalki, Pacheda, Sorid, Kamrod, Lahangar, Khamaria, Malidih, Mahasamund, Belsonda, Joba, Dhansuli, Tusda, Mohandi, Achanakpur, Tumgaon, Lafinkhurd, Bamhani, Bhoring, Khatti, Tamora, Birkoni, Kanekera, Garhseoni, Bemcha",Chhattisgarh,geonames-pin
IND712406AAA,Khanakul_Ramnagar_D (West Bengal),Khanakul,West Bengal,712406,22.85285,88.06299,"Kedarpur, Udaypur, Mainan, Hirapur, Nangulpara, Routhkhana, Khanakul, Patul, Sonatikri, Pole",West Bengal,geonames-pin
IND425406AAA,Shindkheda_KakaCplx_D (Maharashtra),Shindkheda,Maharashtra,425406,21.275142857142857,74.81112142857144,"Mahalpur, Bhadne, Ranjane, Kadane, Varpada, Sonewadi, Dhandarne, Chilane, Patan, Hol, Jogshelu, Shindkheda, Varul, Virdel",Maharashtra,geonames-pin
IND342301AAA,Phalodi_PalikDPP_D (Rajasthan),Phalodi,Rajasthan,342301,27.21655,72.27787083333334,"Mohri, Bithdi, Hindalgore, Hopardi, Neneu, Phalodi Sadar Bazar, Raneri, Shekhasar, Singhda, Tepu, Bari Baori, Bengti Kallan, Lordiyan, Jalora, Baru, Jamba, Khetasar, Motai, Mokheri, Tekra, Malar, Phalodi, Bengti Khurd, Chilla",Rajasthan,geonames-pin
IND201301AAD,NOI_RPC (Delhi),NOI,Delhi,201301,28.60875,77.51740000000001,"Noida Sector 27, Noida Sector 12, Noida H.O, Noida Sector 16",Uttar Pradesh,geonames-pin
IND679322AAA,Printhlmna_EmsPnmbi_D (Kerala),Printhlmna,Kerala,679322,10.974,76.24868000000001,"Kunnappally, Pathaikara, Ponniyakurissi, Perintalmanna, Amminikkad",Kerala,geonames-pin
IND811105AAA,Sheikhpura_Bgwtichk_D (Bihar),Sheikhpura,Bihar,811105,25.10371111111111,85.7826861111111,"Bhojdih, S.Ghuskari, Sheikhpura (Sheikhpura), Pinjari, Pharpar, Pathraitha, Navinagar Kakrar, Mandana, Audhey, Biman, Deoley, Gabai, Hussainabad, Sanaiya, Abgil Chandey, Sheikhpura R S, Masodha, Lodipur, Brindaban, Mobarakpur, Chorwar, Diha, Purankama, Kushumbha, Hathiyama, Afni, Kusherhi, D. Lodipur, Sheikhpura Bazar, Pain, Karki, Belchhi, Kamta, Kasar, Kare, Maninda",Bihar,geonames-pin
IND722151AAA,Simlapal_Central_D_1 (West Bengal),Simlapal,West Bengal,722151,23.12675625,87.13105,"Simlapal, Mukundapur, Bandubrajpur, Bikrampur, Baricha, Kadma, Bhedua, Putiadaha, Kitchka, Puipal, Pathardoba, Machatora, Nemaipur, Jirabaid, Layekpara, Hetyagora",West Bengal,geonames-pin
IND176061AAA,Palampur_Cnsrvila_D (Himachal Pradesh),Palampur,Himachal Pradesh,176061,31.99535,76.52475999999999,"Chandpur, Menjha, Kandi, Banuri, Bandla Tea Estate, Bhadraina, Palampur H.O, Ghuggar, Rajehar, Patti, Saperu, Geeta Peeth, Deogram, Kandgawal Tikker, Sungal Tea Estate, Kamlehar, Bindravan, Nachhir, Rajpur, Chowki Khalet",Himachal Pradesh,geonames-pin
IND363310AAB,Dhrangadhra_NvygRDPP_D (Gujarat),Dhrangadhra,Gujarat,363310,22.902474074074075,71.72176296296296,"Manpar, Bharada, Dhrumath, Jasmatpur, Jegadva, Jesda, Jiva, Kondh, Malvan, Bavli, Chuli, Narali, Ramgadh, Sarval, Soldi, Bhechda, Gajanvav, Thala, Kankavati, Kuda, Vavdi, Methan, Narichana, Gala, Dhrangadhra, Haripar, Sara",Gujarat,geonames-pin
IND250221AAA,Daurala_Sardhnrd_D (Uttar Pradesh),Daurala,Uttar Pradesh,250221,29.07015,77.7567,"Daurala, Sarsawa, Daurala Gaon, Lohiya, Kulanjan, Samoli Khash Pur, Alipur, Mataur",Uttar Pradesh,geonames-pin
IND424201AAA,Pachora_PcrrdDPP_D (Maharashtra),Pachora,Maharashtra,424201,20.70132380952381,75.48084761904762,"Wadi, Kasampura, Pachora, Girad, Vivekanand nagar Pachora, Veruli Khurd, Pardhade, Satgaon, Khedgaon Nandiche, Khadakdeola, Lohtar, Lohare, Sarole, Bamrud Budruk, Nimbhori, Galan, Anturli --i, Anturli  -- IIi, Anturli  -  Ii, Goradkheda, Tarkheda",Maharashtra,geonames-pin
IND581314AAA,Ankola_Kakrmath_D (Karnataka),Ankola,Karnataka,581314,14.529707142857143,74.52137857142857,"Kalleswar, Baleguli, Heggar R.C., Ramanagulli, Tenkankeri, Shirkuli, Sunksal, Halvalli, Keni, Bobruwada, Ankola, Algeri, Agsur, Dongri",Karnataka,geonames-pin
IND480886AAA,Lakhnadon_Central_DPP_1 (Madhya Pradesh),Lakhnadon,Madhya Pradesh,480886,22.547476923076925,79.60316923076924,"Gangai, Sihora, Mohgaon Kala, Ganesh Ganj, Gorakhpur, Lakhnadon, Bamhanwada, Karanpur, Sirmangani, Khamaria Gosai, Deorikala, Purwamal, Kareli",Madhya Pradesh,geonames-pin
IND792121AAB,Jairampur_Mdiclcly_D (Arunachal Pradesh),Jairampur,Arunachal Pradesh,792121,27.26275,95.9788,"Jairampur (Changlang), Manmao",Arunachal Pradesh,geonames-pin
IND311001AAA,Bhilwara_DC (Rajasthan),Bhilwara,Rajasthan,311001,25.518999999999995,74.6228,"Azad Nagar (Bhilwara), Shyampura S. O., Labour Colony (Bhilwara), Bhilwara H.O, Indra Market, Krisi Upaj Mandi Bwa, Subhash Nagar-Bhilwara, Kashipuri Bhilwara, Bapunagar Bhilwara, Bhilwara Rly Station, Bhilwara Court, Bhilwara City",Rajasthan,geonames-pin
IND425405AAA,Shirpur_KrantiNgr_D (Maharashtra),Shirpur,Maharashtra,425405,21.32646,74.96821,"Ahilyapur, Ambe, Wadi, Karvand, Dabhashi, Rohini, Piloda, Lauki, Waghadi, Holnantha, Khamkheda, Dahivad, Gartad, Sangvi, Khambale, Palasner, Varzadi, Wasardi, Savalde, Jatode, Lakdya-hanuman, Sule, Sukwad, Balde, Bhatpure, Shirpur, Upper Shirpur, Untavad, Gidhade, Mandi-shirpur",Maharashtra,geonames-pin
IND575014AAA,Surathkal_DC (Karnataka),Surathkal,Karnataka,575014,12.90945,75.0349,"Surathkal, Krishnapura",Karnataka,geonames-pin
IND574117AAA,Uchila_Busstand_D (Karnataka),Uchila,Karnataka,574117,13.6665,74.9983,"Uchila, Belapu, Paniyur, Bada",Karnataka,geonames-pin
IND307001AAA,Sirohi_Ricco_D (Rajasthan),Sirohi,Rajasthan,307001,24.86579375,72.7117,"Balda, Mandwa, Sirohi H.O, Khambal, Padiv, Dhanta, Gohili, Sirohi Sarupvilas, Sirohi Bhatkra, Dodua, Rampura, Makroda, Krishnaganj, Mamawali, Sindrath, Vellangari",Rajasthan,geonames-pin
IND331022A1B,,,Rajasthan,331022,28.1723945945946,74.60122432432432,"Kusumdesar, Nosaria, Melusar, Ratansara, Lunchh, Hudera, Golsar, Loha, Sangasar, Power House Ratangarh, E.G.Ratangarh, Deepsar, Bhanuda, Bachharara Bara, Ratangarh H.O, Ratangarh RS, Roopalisar, Sahanali Bari, Sehla, Thathawata, Khudera Charnan, Khotari, Payali, Noowan, Gopalpuria, Dulrasar, Charanwasi, Biramsar, Bhukhredi, Tidiasar, Ladhasar, Jandwa, Daudsar, Hamusar, Gorisar, Jaleu, Pabusar",Rajasthan,geonames-pin
IND333028AAA,Sultana_Central_DPP_1 (Rajasthan),Sultana,Rajasthan,333028,28.10182,75.59601,"Kyamsar, Thincholi, Maharampur, Keharpura, Solana, Kishorpura, Padampura, Kithana, Sultana, Gowala",Rajasthan,geonames-pin
IND333504AAA,Khetri_NagarDPP_D (Rajasthan),Khetri,Rajasthan,333504,28.136366666666664,75.83200000000001,"Dhana, Manota Kalan, Tatija, Kcpt Khetri Nagar, Makro, Khetri Nagar",Rajasthan,geonames-pin
IND364270AAA,Palitana_STRdDPP_D (Gujarat),Palitana,Gujarat,364270,21.574491666666663,71.91562916666668,"Rohishala, Bhadvav, Ankolali, Hanol, Hathasani, Jaliya (Amraji), Jamanvav, Luvarvav, Moti Rajasthali, Nava Sarod, Palitana Dc, Palitana SR, Bhutiya, Senjaliya, Shetruji Dam, Vadiya, Ratanpar, Anida, Mokhada, Palitana, Nani Rajashtali, Valukad, Bhandariya, Bahadurpur",Gujarat,geonames-pin
IND483225AAA,Sihora_KtnRdDPP_D (Madhya Pradesh),Sihora,Madhya Pradesh,483225,23.6034,80.37805499999999,"Mureth, Sihora(MP), Pahrua, Umaria Jujhari, Makura, Badkhera, Neemkheda, Junwan Kalan, Bachaiya, Darshni, Talad, Phanwani, Kua, Nimas, Ponda, Lamkana, Dhangawan, Bargi, Sihora Khitola Bazar, Marha",Madhya Pradesh,geonames-pin
IND485771AAA,Maihar_MngalDPP_D (Madhya Pradesh),Maihar,Madhya Pradesh,485771,24.4562,80.8101875,"Pondi, Maihar, Sharda Mata Mandir, Itma, Sonwari, Tighrakala, Ichaul, Pahadi",Madhya Pradesh,geonames-pin
IND508252AAB,Choutuppal_Nagaram_D (Telangana),Choutuppal,Telangana,508252,16.876,79.2009,"Devalammanagaram, Swamivari Lingotam, Sunkenapally, Tangedapally, Nyalapatla, Choutupala, Lingojigudem, Peepalpahad, Panthangi, Koyyalagudem, Gokaram, Malkapuram, Sangam, Chinakondur, Jaikesaram",Telangana,geonames-pin
IND604303AAA,Marakkanam_MJRDPP_D (Tamil Nadu),Marakkanam,Tamil Nadu,604303,12.175788888888889,79.77553333333334,"Pudupakkam, Kunimedu, Mandava, Thalangadu, Kandadu, Markanum, Alathur, Anumandai, Nadukuppam",Tamil Nadu,geonames-pin
IND641008AAA,Cjb_Kovaipudur_Dc (Tamil Nadu),Cjb,Tamil Nadu,641008,10.911700000000002,76.97166666666668,"Kuniamuthur, Coimbatore Ukkadam, Sugunapuram",Tamil Nadu,geonames-pin
IND000000ACO,Kasaragod_Nullipad_D (Kerala),Kasaragod,Kerala,000000,,,,,
IND000000ACS,BLR_HSR_Layout_PC (Karnataka),BLR,Karnataka,000000,,,,,
IND000000AFS,Mumbai_Skynet_INT (Maharashtra),Mumbai,Maharashtra,000000,,,,,
IND110005AAA,Delhi_Todapur_DC (Delhi),Delhi,Delhi,110005,28.6531375,77.188775,"Bank Street (Central Delhi), Guru Gobind Singh Marg, Sat Nagar, Desh Bandhu Gupta Road, Anand Parbat Indl. Area, Anand Parbat, Master Prithvi Nath Marg, Karol Bagh",Delhi,geonames-pin
IND110037AAB,Del_B_RPC (Delhi),Del,Delhi,110037,28.547980000000003,77.11330000000001,"Nangal Dewat, Mahipalpur, Gurgaon Road, Palam Airport, IGI Airport",Delhi,geonames-pin
IND110046AAA,Delhi_Lajwanti (Delhi),Delhi,Delhi,110046,28.6007,77.1087,"Nangal Raya, Sagarpur",Delhi,geonames-pin
IND110064AAB,KN_RPC (Delhi),KN,Delhi,110064,28.62214,77.05038,"Hari Nagar Dadb Block, Hari Nagar (West Delhi), Hari Nagar BE Block, Maya Puri, Mayapuri Shopping Centre",Delhi,geonames-pin
IND110085AAA,North Delhi (Delhi),,Delhi,110085,28.71798888888889,77.12687777777778,"Rohini sec-11, Rohini Sector 5, Rohini Sector-7, Naharpur, Rohini Courts, Prashant Vihar, Rithala, Rohini Sector-16, Avantika",Delhi,geonames-pin
IND110087AAA,Delhi_Paschim_DC (Delhi),Delhi,Delhi,110087,28.6553,77.0657,"Jwala Puri, Peeragarhi, Sunder Vihar",Delhi,geonames-pin
IND122015AAC,,,Haryana,122015,28.4001,76.9661,Palam Road,Haryana,geonames-pin
IND122050AAA,Gurgaon_Manesar (Haryana),Gurgaon,Haryana,122050,,,,,
IND122101AAC,Gurgaon_SohnaRd_D (Haryana),Gurgaon,Haryana,122101,28.381039999999995,76.93968,"Teekli, Kadipur, Paltra, Fazilpur, Badshahpur",Haryana,geonames-pin
IND122413AAE,Gurgaon_Bilaspur_P (Haryana),Gurgaon,Haryana,122413,28.35672857142857,76.93092857142857,"Sidhrawali, Dhani Chitarsain, Moklawas, Pachgaon, Bhorakalan, Pathreri, Bilaspur Khurd",Haryana,geonames-pin
IND123106AAB,Dharuhera_Central_DPP_2 (Haryana),Dharuhera,Haryana,123106,28.20607,76.77267,"Akera, Raliawas, Masani, Bhatsana, Dharuhera, Nand Rampurbass, Dunderwas, Maheshwari, Kharkhara, Dungerwas",Haryana,geonames-pin
IND131028AAA,Sonipat_Kundli_P (Haryana),Sonipat,Haryana,131028,28.8664,77.143575,"Sersa, Kundli, Industrial Estate Kundli, Janti Kalan",Haryana,geonames-pin
IND132039AAA,Assandh_MhrjaDPP_D (Haryana),Assandh,Haryana,132039,29.57077333333333,76.61152,"Assandh, Rahra, Karsa Chor, Bandarala, Bahari, Chochra, Thal, Ardhana, Popran, Kheri Sarf Ali, Jai Singh Pura, Bilona, Uplana, Jalmana, Mardanheri",Haryana,geonames-pin
IND140603AAA,Zirakpur_DC (Punjab),Zirakpur,Punjab,140603,30.486725,76.5764,"Babhat, Chhatt, Dayalpur Sodhian, Zirakpur",Chandigarh,geonames-pin
IND148001AAA,Sangrur_DC (Punjab),Sangrur,Punjab,148001,30.2298,75.8488,"Sangrur H.O, N G M Sangrur, Mini Secteriate Sangrur, Sangrur Kty",Punjab,geonames-pin
IND148024AAB,Dhuri_DMComDPP_D (Punjab),Dhuri,Punjab,148024,30.3993625,75.7871875,"Bamal, Rangian, Badshahpur, Ghanauri Kalan, Banbhauri, Dhuri, Bhasaur, Kaheru, Ghanaur Khurd, Baradwal, Sr Dhuri, Kumbherwal, Rajomajra, Mullowal, Jhaloor, Sekha",Punjab,geonames-pin
IND160002AAD,Chandigarh_Mehmdpur_P (Punjab),Chandigarh,Punjab,160002,30.7465,76.7417,"Hallomajra, Ram Darbar, Ind Area Chandigarh",Chandigarh,geonames-pin
IND176001AAA,Kangra_Gurkhari_D (Himachal Pradesh),Kangra,Himachal Pradesh,176001,32.062305882352945,76.2523117647059,"Samela, Ghiana Kalan, Nandehar, Sakout, Jheol, Kangra Town, Ghurkari, Boharkawaloo, Dhagwar, Matour, Rajal, Kachhiari, Kangra H.O, Zamanabad, Nandrool, Mandal, Kohala",Himachal Pradesh,geonames-pin
IND176001AAB,Kangra_Central_D_2 (Himachal Pradesh),Kangra,Himachal Pradesh,176001,32.062305882352945,76.2523117647059,"Samela, Ghiana Kalan, Nandehar, Sakout, Jheol, Kangra Town, Ghurkari, Boharkawaloo, Dhagwar, Matour, Rajal, Kachhiari, Kangra H.O, Zamanabad, Nandrool, Mandal, Kohala",Himachal Pradesh,geonames-pin
IND176041AAA,Bhota_BpassDPP_D (Himachal Pradesh),Bhota,Himachal Pradesh,176041,31.49491,76.84469,"Beri, Aghar, Kharwar, Bhota, Kathiana, Patta, Jhiralari, Town Bharari Devi, Sour, Ropari",Himachal Pradesh,geonames-pin
IND203205AAA,Sikandrabd_GTRoad_D (Uttar Pradesh),Sikandrabd,Uttar Pradesh,203205,28.379908333333333,77.90018333333333,"Kanwra, Ishmail Pur, Bilsoory, Aurangabad Aheer, Sanota, Geshupur, Kayasthwara  Sikandrabad, Bharana, Sikandrabad (Bulandshahr), Gajipur, Prangarh, Mahepa",Uttar Pradesh,geonames-pin
IND210301AAA,Hamirpur_KanpurRd_D (Uttar Pradesh),Hamirpur,Uttar Pradesh,210301,25.9194875,80.156,"Tikrauli, Kalaulitir, Hamirpur H.O, Pauthia Bujurg, Ujnedi, Hamirpur DB, Kuchhechha, Manjhoopur",Uttar Pradesh,geonames-pin
IND211013AAA,Allahabad_Phaphamu_DC (Uttar Pradesh),Allahabad,Uttar Pradesh,211013,25.389675,81.9250125,"Phaphamau, Malak Harhar, Hathigahan, Jagdishpur, Madhonagar Bigahia, Ismailganj, Sewaith, Gohari",Uttar Pradesh,geonames-pin
IND221005A1A,,,Uttar Pradesh,221005,25.394333333333336,82.90725555555555,"Malviya Nagar (Varanasi), Durgakund, Assi, Garwasi Toal, Hindu Vishwa Vidhyalaya, Sunderpur, Lanka (Varanasi), Bhu - H, Bhagwanpur",Uttar Pradesh,geonames-pin
IND222136AAA,Jalalpur_Mhimapur_D (Uttar Pradesh),Jalalpur,Uttar Pradesh,222136,25.638033333333333,82.7160238095238,"Lahangpur, Dewapar, Kusia, Bakarabad, Nahora, Bhaupur, Lalpur, Dubepur, Dharaon, Bishunpur Majhwara, Asbaranpur, Sirkoni, Bidauri, Purev, Jalalpur (Jaunpur), Trilochan Badagaon, Pasiahi Khurd, Gutwan, Sehmalpur, Rajepur, Newada",Uttar Pradesh,geonames-pin
IND224122AAA,Akbarpur_Auliyapr_D (Uttar Pradesh),Akbarpur,Uttar Pradesh,224122,26.40793333333333,82.64294444444445,"Jagdishpur, Kalhuwa Kaura, Manauri Samaisa, Mubarakpur Daiyadeeh, Kotwa Mohamadpur, Sahzadpur, Rampursakarwari, Rampur Jaisingh, Akbarpur H.O, Bangaondihwa, Seehmaikarirat, Bhupatipur, Bus Station Akbarpur, Kurcha, Tajpur, Bewana, Katariya Yaqubpur, Songaon",Uttar Pradesh,geonames-pin
IND226004AAC,Lucknow_Pandriba_L (Uttar Pradesh),Lucknow,Uttar Pradesh,226004,26.8346,80.9249,"Charbagh, Blunt Square, Pandariba, Arya Nagar (Lucknow), A N L Colony, Rajendranagar (Lucknow), Gurdwara, Mill Road, R A College, Aishbagh",Uttar Pradesh,geonames-pin
IND226016AAA,Lucknow_Indira Nagar (Uttar Pradesh),Lucknow,Uttar Pradesh,226016,26.87923,80.87125,"Hal (Lucknow), Ghazipur (Lucknow), Indiranagar Sec-21, Sec-B Indira Nagar, Sec-d Indiranagar, Sarvoday Nagar, Indiranagar Sec-14, Indiranagar Sec-18, Narain Nagar, Indira Nagar (Lucknow)",Uttar Pradesh,geonames-pin
IND226024AAA,Lucknow_Aliganj (Uttar Pradesh),Lucknow,Uttar Pradesh,226024,26.8717,81.0729,"Chandganj, Aliganj Extension, Aliganj (Lucknow)",Uttar Pradesh,geonames-pin
IND231001AAA,Mirzapur_JangiRd_D (Uttar Pradesh),Mirzapur,Uttar Pradesh,231001,24.9583,82.8492,"Mirzapur City, Mirzapur H.O, Mirzapur Kutchery, Ganesh Ganj (Mirzapur), Mirzapur Chowk, Industrial Estate (Mirzapur), Laldiggi, Wellesly Ganj",Uttar Pradesh,geonames-pin
IND231216AAA,Robertsganj_ArtoDPP_D (Uttar Pradesh),Robertsganj,Uttar Pradesh,231216,24.751048,83.02629999999999,"Bahuar, Sahijankala, Sukrut, Hinauta, Tendu, Robertsganj, Nai Bazar, Kaithi, Tarawan, Bichchhi, Robertsganj Hydle Colony, Oeni Mishra, Kasyakala, Parasi Dubey, Siddhi Kala, Karma, Dharnipur, Khairpur, Narokhar, Bahuara, Khairahi, Kakarahi, Madhupura, Mokarsim, Akchhor",Uttar Pradesh,geonames-pin
IND232327AAA,Gahmar_Wardnor4_D (Uttar Pradesh),Gahmar,Uttar Pradesh,232327,25.50826,83.60412,"Sayer, Gahmar Bazar, Gahmar, Bhataura, Pachauri",Uttar Pradesh,geonames-pin
IND233221AAC,Aunrihar_Central_D_1 (Uttar Pradesh),Aunrihar,Uttar Pradesh,233221,25.609070000000003,83.20056,"Sauna, Singarpur, Karampur, Belhari, Dadara, Aurihar, Soniyapar, Maudha, Ameda, Anauni",Uttar Pradesh,geonames-pin
IND250002AAC,,,Uttar Pradesh,250002,28.960506896551724,77.72790689655173,"Ghosipur, Meerut Tehsil, Ramnagar (Meerut), Shivpuri (Meerut), Budhera Zahidpur, Kishanpura (Meerut), Kabari Bazar, Lisari Gate, Baghpat Gate, Banker Street, Budhana Gate, Chhipi Tank, Nadir Ali & Co., Gandhi Ashram (Meerut), Ramlilaground, Rly. Road Meerut, Sarrafa Bazar, S.G.Mandi, Thapar Nagar, W. K. Road, Meerut City R. S., Kaiser Ganj, Navinmandi, Malyana, Meerut City H.O, Anaj Mandi (Meerut), Suraj Kund Road, Lisari, Panchli Khurd",Uttar Pradesh,geonames-pin
IND250609AAA,Baghpat_Barout_D (Uttar Pradesh),Baghpat,Uttar Pradesh,250609,28.93876,77.25852,"Sisana, Khatta, Ahera, Baghpat, Baghpat Sugar Mill",Uttar Pradesh,geonames-pin
IND262723AAB,Dhaurahara_TahsilRD_D (Uttar Pradesh),Dhaurahara,Uttar Pradesh,262723,27.98100833333333,81.04964166666666,"Bhatpurwa Kallan, Darpurwa, Sisaiya Kallan, Lahabari, Dhaurahara (Kheri), Kharbahia, Amethi, Basantapur, Baburi, Kafara, Bajaha, Gudaria",Uttar Pradesh,geonames-pin
IND272153AAC,Bansi_GangDPP_D (Uttar Pradesh),Bansi,Uttar Pradesh,272153,27.071643243243244,82.82757027027027,"Tilauli, Gauri, Kotiagarori, Ajgara, Narkataha, Rudrapur, Kolhui, Karahi, Chetia, Khaira, Bihra, Madhukarpur, Talpurwa, Mau, Sonkhar, Bidra, Sekhui, Janiajote, Suparaja, Ramwapur Dubey, Pathara Bzr, Pachhar, Mithwal Bazaar, Kakrapokhar, Jeewa, Harraiya Nankar, Dandwaghat, Barao Nansar, Bangawa, Kurthia, Basantpur, Asogwa, Asnar, Bhanwari, Bargadwa  Khabhri, Bankuiya, Bansi H.O",Uttar Pradesh,geonames-pin
IND272175AAA,Khalilabad_MrgnjDPP_D (Uttar Pradesh),Khalilabad,Uttar Pradesh,272175,26.758735714285717,82.96343214285714,"Bargo, Baghauli, Atraura, Dhamaicha, Sikari, Gorhi, Bania Bari, Ghatramha, Khalilabad Bus Stand, Lahuradeva, Meerganj, T.N.Deoria, Umari Kalan, Koni, Chakdahi, Pakhuwapar, Shivapar, Deegha, Gandhigram, Gangauli, Bhujaini, Tama, Khalilabad, Ekma, Sugapankhi, Utrawal, Madhopur, Samdaha",Uttar Pradesh,geonames-pin
IND281004AAA,Mathura_DC (Uttar Pradesh),Mathura,Uttar Pradesh,281004,27.57078333333333,77.62375,"Bati, Maholi, Satoha, Usfar, Maholi Road, Krishna Nagar (Mathura)",Uttar Pradesh,geonames-pin
IND282005AAA,Agra (Uttar Pradesh),,Uttar Pradesh,282005,27.21878333333333,78.01198333333333,"Lawyers Colony, Karmyogi Enclave, Jaganpur, Dayal Bagh, K.H.Sansthan, New Agra",Uttar Pradesh,geonames-pin
IND302023AAA,Ambabadi_DC (Rajasthan),Ambabadi,Rajasthan,302023,,,,,
IND302033AAB,Jaipur_Central_D_1 (Rajasthan),Jaipur,Rajasthan,302033,26.7602,76.0868,"Pratap Nagar Housing Board, Pratap Nagar Sector 11",Rajasthan,geonames-pin
IND306001AAA,MarwarJn_SndbrDPP_D (Rajasthan),MarwarJn,Rajasthan,306001,25.7927,73.52830000000002,"Khardi, Dhareshwar, Auwa R.S., Barsa, Bithora Kalan, Chawariya, Chelawas, Hemaliyawas Kalan, Karadi, Kharachi, Khariya-soda, Hemaliyawas Khurd, Marwar Jn. H.O, Sinla",Rajasthan,geonames-pin
IND321401AAB,Bayana_LalBagh_D (Rajasthan),Bayana,Rajasthan,321401,27.044494736842108,77.2629052631579,"Dahgaon, Shergarh, Damdama, Bayana, Khohra, Salabad, Lehchora Kalan, Thana Tang, Sikandara, Shahpur Dang, Navali, Nahroli, Mahaloni, Kanavar, Kachahri Bayana, Gobra, Farso, Bidiyari, Bazariya Bayana",Rajasthan,geonames-pin
IND331001A1C,,,Rajasthan,331001,28.32629677419355,74.81383870967741,"B.S.Road Churu, Ginari Patta Lohasana, Dhadharia Charnan, Karwasar, Churu City, Station Road Churu, Dhadhar, Buntia, Rampura Bass, Ghantaghar Churu, Somasi, Jharia, Khandwa, Bhamasi, Ghanghu, Churu Collectorate, Churu H.O, Asalkheri, Dandu, Pithisar, Ranasar, Khinwasar, Lakhau, Ghantel, Nakrasar, Ramsara, Jasasar, Khansoli, Sahjusar, Dhirasar, Jasrasar",Rajasthan,geonames-pin
IND332709AAA,Khandela_PlsrdDPP_D (Rajasthan),Khandela,Rajasthan,332709,27.62908947368421,75.32370526315789,"Khandela, Athbigha, Royal, Rampura, Kerpura, Khatundra, Dhani Guman Singh, Paniharwas, Barsinghpura, N.P.Khandela, Saledipura, Dayara, Tiwarikidhani, Gokulkabas, Kotri, Hod, Bhojpur, Dudhwalonkabas, Bamanwas",Rajasthan,geonames-pin
IND332715AAB,Shrimadhopur_RLSTNDPP_D (Rajasthan),Shrimadhopur,Rajasthan,332715,27.626628571428576,75.30439523809524,"Srimadhopur H.O, Kotri, Prithvipura, Srimadhopur R.S., Bharni, Bagriawas, Bassi, Vijaypura, Dhabawali, Dhaliawas, Hansapur, Ralawata, Holikabas, Kanchanpur, Jairampura, Nangal Bhim, Patwari Ka Bas, Srimadhopur Bazar, Surani Bazar Srimadhopur, Tiwari Ki Dhani, Mau",Rajasthan,geonames-pin
IND333502AAA,Buhana_CourtDPP_D (Rajasthan),Buhana,Rajasthan,333502,28.180330769230768,75.8187,"Khandawa, Mainana, Lambi Ahir, Buhana, Sirsala, Sultana Ahiran, Saga, Sahad, Badbar, Kalakhari, Sanwlod, Jhanjha, Palota",Rajasthan,geonames-pin
IND360002AAB,Rajkot_PedakRd_P (Gujarat),Rajkot,Gujarat,360002,22.02,70.7455,"Rajkot Vivekanandnagar, Kherdi, Mahika, Rajkot Bhaktinagar, Rajkot Udyognagar, Rajkot Millpara, Rajkot Sorathiawadi",Gujarat,geonames-pin
IND360050AAA,Jasdan_MotiDPP_D (Gujarat),Jasdan,Gujarat,360050,21.952346153846158,70.95879230769232,"Jasdan, Gokhlana, Vadod, Shivrajpur, Lilapur, Kalasar, Kaduka, Ghela Somnath, Gadhadia, Bhadala, Bakhalvad, Bhadli, Ambardi",Gujarat,geonames-pin
IND364001AAA,Bhavnagar_Dc (Gujarat),Bhavnagar,Gujarat,364001,21.7343,72.1126,"Bhavnagar K Nagar, Bhavnagar Collectorate, Bhavnagar Gogha Circle, Bhavnagar Wadva, Bhavnagar Khargate, Bhavnagar H.O, Bhavnagar M K Road, Bhavnagar Shivaji Circle Area, Bhavnagar Nirmalnagar, Bhavnagar Vora Bazar",Gujarat,geonames-pin
IND364710AAA,Botad_DC (Gujarat),Botad,Gujarat,364710,21.5717,71.9007,"Botad, Samadhiyala No. 2, Botad Town, Sangvadar, Haddad, Dhakania, Botad Statoin Road, Bhimdad, Bhadravadi, Bambhan, Turkha, Targhara, Tajpar, Sherthali, Samadhiyala No. 1, Salaiya, Nagalpar, Rangpur, Lathidad, Kariyani, Zamrala",Gujarat,geonames-pin
IND380015AAB,AMD_Satellite (Gujarat),AMD,Gujarat,380015,22.9764,72.836,"Jodhpur Char Rasta, I I M, Manekbag, S A C, Polytechnic (Ahmedabad), Azad Society",Gujarat,geonames-pin
IND382345AAA,Amdavad_East (Gujarat),Amdavad,Gujarat,382345,22.9579,72.8231,"Naroda Road, Saijpur Bogha, Krishnanagar (Ahmedabad), N C Mills",Gujarat,geonames-pin
IND389230AAB,Lunawada_VrdhriRD_D (Gujarat),Lunawada,Gujarat,389230,22.7204,73.6293,"Hardaspur, Nasikpur, Gangta, Moti Sarsan, Kakana Bhesavada, Viraniya, Shamna, Sat Talav, Ranijini Padedi, Rampatel Na Muvada, Rambhem Na Muvada, Nava Muvada, Mudavadekh, Moti Ghoda, Madhvas, Lunawada, Kakachiya, Chatkabeli, Kanesar, Karanta, Naroda, Gothibada, Bamroda, Limadia, Khanpur, Mota Sonela, Vadagam, Limbodara, Godhar, Nanidenavad, Bhadrod",Gujarat,geonames-pin
IND394221AAA,Surat_Pandesra_Gateway (Gujarat),Surat,Gujarat,394221,21.4053,73.2118,Pandesara,Gujarat,geonames-pin
IND396210AAA,Daman_DC (Daman & Diu),Daman,Daman & Diu,396210,20.4143,72.8324,"Dunetha, Daman, Marvad, Varkund, Nani Vankad, Kadaiya, Bhimpore",Dadra and Nagar Haveli and Daman and Diu,geonames-pin
IND400052AAA,Mumbai_Khar West _Dc (Maharashtra),Mumbai,Maharashtra,400052,18.9808,72.8338,"V.P. Road, Khar Delivery, Danda, Khar Colony",Maharashtra,geonames-pin
IND400078AAB,Mumbai_Bhandup West_Dc (Maharashtra),Mumbai,Maharashtra,400078,18.9808,72.8338,"Usha Nagar, J.M. Road, Bhandup Ind. Estate, P.H. Colony, Bhandup West",Maharashtra,geonames-pin
IND401208AAA,Nalasopara (Maharashtra),,Maharashtra,401208,19.36,73.3279,"Gokhiware, Rajawali, Juchandra, Pelhar, Sasun Navghar, Satiwai, Vasai East IE, Kaman, Valiv",Maharashtra,geonames-pin
IND410209AAA,Mumbai_Khandeshwar_Dc (Maharashtra),Mumbai,Maharashtra,410209,,,,,
IND410210AAA,Mumbai_Kharghar_D (Maharashtra),Mumbai,Maharashtra,410210,19.0498,73.0702,Kharghar,Maharashtra,geonames-pin
IND411057AAF,Pune_East_D_7 (Maharashtra),Pune,Maharashtra,411057,18.6032,73.7626,"Infotech  Park (Hinjawadi), Maan SO, Marunji, Wakad",Maharashtra,geonames-pin
IND421004AAA,Mumbai_Ulhasngr_DC (Maharashtra),Mumbai,Maharashtra,421004,19.36,73.3279,Ulhasnagar-4,Maharashtra,geonames-pin
IND421302AAH,Bhiwandi_Mankoli_GW (Maharashtra),Bhiwandi,Maharashtra,421302,19.222834782608697,73.22239565217392,"Chimbipada, Shastrinagar (Thane), Anjur, Angaon, Kalher, Kunde, Mahapoli, Shantinagar E.D., Kharbav, Lonad, Dunge, Dighashi, Chinchwali, Shelar, Dandekarwadi, Dabhad, Amane, Rehnal, Pachhapur, Vadpe, Vadavali, Paye, Dugad",Maharashtra,geonames-pin
IND421302AAS,Mumbai_East_L_23 (Maharashtra),Mumbai,Maharashtra,421302,19.222834782608697,73.22239565217392,"Chimbipada, Shastrinagar (Thane), Anjur, Angaon, Kalher, Kunde, Mahapoli, Shantinagar E.D., Kharbav, Lonad, Dunge, Dighashi, Chinchwali, Shelar, Dandekarwadi, Dabhad, Amane, Rehnal, Pachhapur, Vadpe, Vadavali, Paye, Dugad",Maharashtra,geonames-pin
IND423301AAB,Satana_ThrbadRD_D (Maharashtra),Satana,Maharashtra,423301,20.595803125,74.25860625,"Vanoli, Arai, Khalap, Kandane, Chaundana, Aundane, Tilwan, Dangsaundane, Khamtane, Akhatwade, Kikwari KH, Munjwad, Jorandigar, Ajmer Saundana, Savki  Lohoner, Talwadedigar, Thengoda, Lohoner, Satana, Vasol, Virgaon, Karhe, Kersane, Mulane, Kelzar, Karanjad, Nitane, Vithewadi, Morenagar, Satana Market, Chaugaon, Khamkheda",Maharashtra,geonames-pin
IND431001AAA,Aurangabad (Maharashtra),,Maharashtra,431001,20.0291,75.2816,"Saraswati Colony, Shahaganj (Aurangabad), Samarthnagar, Fazalpura, Medical College (Aurangabad), Aurangabad City, Aurangabad (MH) H.O",Maharashtra,geonames-pin
IND431103AAA,Kannad_KolheDPP_D (Maharashtra),Kannad,Maharashtra,431103,20.16540909090909,75.35962727272728,"Kannad, Andhaner, Jaitapur, Wadner, Wadali, Aurala, Kolwadi, Bramhani, Hatnoor, Rail, Nagad, Mundwadi, Kalimath, Saigavan, Eta, Chikhalthan, Jehur, Jaitkheda, Amba (Upla), Bahirgaon, Banshendra, Chapaner",Maharashtra,geonames-pin
IND431401AAA,Parbhani_Rjndrngr_D (Maharashtra),Parbhani,Maharashtra,431401,19.2695,76.6969,"Parbhani H.O, Kranti Chowk-Parbhani, Naya Mondha Parbhani, Parbhani Town, Station Parbhani, Shivajinagar Parbhani",Maharashtra,geonames-pin
IND440014AAA,Nagpur_Jaripatk_DC (Maharashtra),Nagpur,Maharashtra,440014,21.1793,79.0923,"Bezonbagh, Jaripatka",Maharashtra,geonames-pin
IND441107AAB,Savner_Wagodha_D (Maharashtra),Savner,Maharashtra,441107,21.373222222222225,78.91287777777777,"Telkamathi, Malegaon, Waghoda, Umri, Saoner, Gaimukh Nanda, Telgaon, Adasa, Khangaon",Maharashtra,geonames-pin
IND445001AAB,Yavatmal_JajuDPP_D (Maharashtra),Yavatmal,Maharashtra,445001,20.14733846153846,78.14557692307693,"Karalgaon, Sawar, Yavatmal Town, Moha, Asola, Asegaon Devi, Tilakwadi (Yavatmal), Yavatmal H.O, Awdhutwadi (Yavatma)l, Govt Poly (Yavatmal), Kapra Methad, Chhoti Gujri (Yavatmal), Postal Colony (Yavatmal)",Maharashtra,geonames-pin
IND457661AAA,Jhabua_Ward11_D (Madhya Pradesh),Jhabua,Madhya Pradesh,457661,22.68795,74.64845,"Bhimfalia, Machhlia, Baodibadi, Devjhiri Panda, Dhekal, Jhabua H.O, Kalmoda, Khardubadi, Jhabua Collectorate, Kardawad Badi, Para, Rama, Khedi, Rehanda, Rajla, Pithanpur, Pitol, Piplia, Kundanpur, Rotla",Madhya Pradesh,geonames-pin
IND470227AAB,Rehli_Ward7DPP_D (Madhya Pradesh),Rehli,Madhya Pradesh,470227,23.601618181818186,78.99370909090909,"Pipariya Kachhi, Chandpur, Kasal Pipariya, Anantpura, Chhirari, Sawal Khiriya, Muhli, Rehli, Barkheda Sikandar, Khairana, Baleh",Madhya Pradesh,geonames-pin
IND473551AAA,Shivpuri_BypassRD_D (Madhya Pradesh),Shivpuri,Madhya Pradesh,473551,25.49085625,77.7098,"Surwaya, Tongra, Theh, Bamhari, Piparsama, Kunwarpur, Khandi, Bhangarh, Karsena, Chak Kamalpur, Dholagarh, Collectorate Bhawan Shiv, Kanker, Purani Basti, Munderi, Tharra Darroni, Subhashpura, Sirsaud, Singhniwas, Shivpuri H.O, Shivprui City, Satanwada, Raishree, Gangora, Kota, I.T.B.P Shivpuri, Karmaj Kalan, Garibarod, Barodi Sadak, Khorghar, Bara, V.R.Colony Shivpuri",Madhya Pradesh,geonames-pin
IND475661AAB,Datia_TownDPP_D (Madhya Pradesh),Datia,Madhya Pradesh,475661,25.734593333333336,78.46216333333334,"Jujharpur, Baswaha, Datia, Datia Civil Line, Bardhuan, Satlon, Gohana, Imalia, Renda, Nichroli, Basai, Semai, Kumhedi, Sirol, Durga Pur, Datia RSI, Datia Rajgarh, Datia Bada Bazar, Bahadurpur, Derachirula, Naya Kheda, Dursada, Khiria Ghongu, Beekar, Makdari, Larayata, Karkheda, Kamrari, Buhara, Silori",Madhya Pradesh,geonames-pin
IND480106AAA,Sausar_Central_DPP_1 (Madhya Pradesh),Sausar,Madhya Pradesh,480106,21.689441666666667,78.76055833333334,"Amladepot, Nimni, Sausar, Ranpeth, Berdi, Jamsaoli, Jobnikhapa, Bhimalgondi, Lohangi, Ramakona, Borgaon, Devi",Madhya Pradesh,geonames-pin
IND481001AAA,Balaghat_Kosmi_D (Madhya Pradesh),Balaghat,Madhya Pradesh,481001,21.870492307692302,80.16241538461539,"Sarekha-kosmi, Gongalai, Mohgaon Dhapera, Magardarra, Linga, Kanki, Garra, Kumhari, Roshna, Samnapur, Deori, Balaghat City, Balaghat H.O",Madhya Pradesh,geonames-pin
IND490023AAA,Durg_Bhilai_DC (Chhattisgarh),Durg,Chhattisgarh,490023,21.2367,81.3973,"Supela Bhilai, Vaishali Nagar Bhilai, Kohka Bhilai",Chhattisgarh,geonames-pin
IND491995AAB,Kawardha_TrnsptNGR_D (Chhattisgarh),Kawardha,Chhattisgarh,491995,21.770115789473685,81.41740526315789,"Bodla, Khairbana, Sonbarsa, Neurgaon, Madmada, Sonpuri, Pondi, Kawardha, Khairhatta, Raveli, Ramhepur, Chilfi, Dhamramura, Rajanawagaon, Kawardha Collectorate, Maharjpur, Sarangpurkhurd, Piparia, Baijalpur",Chhattisgarh,geonames-pin
IND492007AAA,Raipur_Central_D_5 (Chhattisgarh),Raipur,Chhattisgarh,492007,,,,,
IND495671AAA,Champa_Brplicwk_D (Chhattisgarh),Champa,Chhattisgarh,495671,21.980661904761902,82.7077,"Umreli, Seoni, Pathiapali, Karainara, Basantpur, Kothari, Pithampur, Kurda, Mahuda, Kosmanda, Birgahni, Gaud, Sukhrikala, Katrenagar, Hathnewra, Faraswani, Champa R.S., Champa, Chicholi, Sohagpur, Pisaud",Chhattisgarh,geonames-pin
IND496001AAA,Raigarh_MithmdRd_D (Chhattisgarh),Raigarh,Chhattisgarh,496001,21.87641875,83.3774,"Dhanagar, Garh-umaria, Raigarh H.O, Tarapur, Jurda, Nandeli, Banora, Boirdadar, Jivri, Raigarh Jute Mill, Nawapara, Bangursiya, Kantaahardi, Usrot, Jamgaon, Gerwani, Saraipali, Sambalpuri, Urdana Camp, Tarkela, Chhatamura, Kotra, Gorra, Jhalmala, Kukurda, Bhagora, Chakradharnagar, Naurngpur, Kotarlia, Raigarh Sadar Bazar, Putkapuri, Loing",Chhattisgarh,geonames-pin
IND500035AAD,Hyderabad_South_D_12 (Telangana),Hyderabad,Telangana,500035,17.27515,78.44035,"Saroornagar, Huda Residential Complex",Telangana,geonames-pin
IND500084AAB,Hyderabad_Kondapur_D (Telangana),Hyderabad,Telangana,500084,17.44135,78.40955,"Kothaguda (K.V.Rangareddy), Kondapur",Telangana,geonames-pin
IND501218AAC,Shamshabad_Lngrguda_D (Telangana),Shamshabad,Telangana,501218,17.2414,78.39208571428571,"Shamshabad (K.V.Rangareddy), Kotwalguda, Narkhoda, Nagaram, Gollapalli Kalan, Nanajipur, Chinnagolkonda",Telangana,geonames-pin
IND501359AAF,Hyderabad_Shamshbd_P (Telangana),Hyderabad,Telangana,501359,17.201649999999997,78.51263333333334,"Maisaram, Kandukur, Lemur, Gudur, Chippalapalli, Rachaloor, Tummalur, Dabbedguda, Pulmamidi, Nedunur, Jaitwaram, Mankhal",Telangana,geonames-pin
IND505172AAA,Peddapalli_UdaynDPP_D (Telangana),Peddapalli,Telangana,505172,18.376,79.2449,"Peddapalli RS, Peddapalli H.O",Telangana,geonames-pin
IND506164AAA,Parkal_AmbedDPP_D (Telangana),Parkal,Telangana,506164,17.9218,79.7582,Parkal H.O,Telangana,geonames-pin
IND507167AAA,Tallada_PtrlBunk_D (Telangana),Tallada,Telangana,507167,17.20978,80.37134,"Mallaram, Kesavapuram, Mittapalli, Kurnavalli, Billupahad, Kalakodima, Noothankal, Muddunuru, Annaruguda, Tallada",Telangana,geonames-pin
IND517408AAA,Palamaner_Lakshmi_D (Andhra Pradesh),Palamaner,Andhra Pradesh,517408,13.24428,78.69560666666666,"Mandipetkotur, Chalamangalam, Kurmai, Pengaragunta, L.S.Farm, Kalagatur, Pathapeta-palamaner, Panjani, Melmai, Keelapatla, Kallupalle, Gangavaram, Palamaner, Maredupalle, Dandapalle",Andhra Pradesh,geonames-pin
IND531162AAA,Vishakhapatnam (Andhra Pradesh),,Andhra Pradesh,531162,17.90538260869565,82.77430000000001,"Polipalli, Pandranki, Nagarapupalem, Chippada, Ravada, Amanam, Tallavalasa, Majjivalasa, Modavalasa, Nagamayyapalem, Mulakuddu, Dakamarri, Revidi, Sangivalasa, Gudivada, Singannabanda, Mopada, Bodamettapalam, Boni, Korada, Tatituru, Annavaram, Chittivalasa",Andhra Pradesh,geonames-pin
IND560064AAA,Bengaluru_NwYlhnka_DC (Karnataka),Bengaluru,Karnataka,560064,13.207771428571428,77.6155142857143,"Yelahanka Satellite Town, Attur, Yelahanka, Jakkur, Singanayakanahalli, CRPF Campus Yelahanka, Rajanakunte",Karnataka,geonames-pin
IND560066AAB,Bengaluru_Whitefld_L (Karnataka),Bengaluru,Karnataka,560066,13.2257,77.575,"EPIP, Whitefield",Karnataka,geonames-pin
IND560099AAA,Bengaluru_Bomsndra_PC (Karnataka),Bengaluru,Karnataka,560099,13.239875,77.550075,"Bommasandra Industrial Estate, Muthanallur, Chandapura, Huskur",Karnataka,geonames-pin
IND562160AAB,Chanapatna_Central_D_2 (Karnataka),Chanapatna,Karnataka,562160,12.735664285714288,77.39850714285714,"Shettihalli, Malur, Rampura, Chakkalur, Channapatna H.O, Kudlur, Channapatna Bazar, Mylanayakanhalli, Chakkere, Sulleri, Tagachagere, Marchanhalli, Mudugere, Lalaghatta",Karnataka,geonames-pin
IND571602AAA,Krishnarajngr_JublieRD_D (Karnataka),Krishnarajngr,Karnataka,571602,12.319633333333334,76.42067333333333,"Tippur, Kalenahalli, Byadarahalli, Mavathur, Hebbalu, Basavarajapura, Dornahalli, Hosur Kallahalli, Kestur(Hunsur), Krishna Raja Nagar, Kaggere, Marchahalli, Krishnapura, Siddapura, Chandagala",Karnataka,geonames-pin
IND580030AAA,Hubli_Dc (Karnataka),Hubli,Karnataka,580030,15.3773,75.116,"Hubli Udyamnagar, Hubballi Akashaya Colony, Hubli Gandhi Nagar",Karnataka,geonames-pin
IND583121AAA,Siruguppa_Wrd12DPP_D (Karnataka),Siruguppa,Karnataka,583121,15.333813333333334,76.72572,"Chanakanur, Kudadarahal, K.Sugur, Desanur, Kenchanagudda, Arliganur, Bandrahalu, Bagewadi, Nagalapura, K.Belagal, Agricultural Research Centre, Raravi, Siruguppa Sadashivanagar, Kuruvalli, Siruguppa",Karnataka,geonames-pin
IND600013AAA,Chennai_Royapuram (Tamil Nadu),Chennai,Tamil Nadu,600013,13.1141,80.2947,Rayapuram,Tamil Nadu,geonames-pin
IND600044AAC,Chennai_Chrompet_PC (Tamil Nadu),Chennai,Tamil Nadu,600044,12.8072125,80.0591125,"Nehrunagar, Nagalkeni, Ganapathipuram Chromepet, Bharathipuram (Kanchipuram), Radhanagar (Kanchipuram), Nemilichery, Lakshmipuram, Chromepet",Tamil Nadu,geonames-pin
IND600056AAD,Chennai_Poonamallee_L (Tamil Nadu),Chennai,Tamil Nadu,600056,13.05164,79.89666,"Poonamallee, Kattupakkam, Senneerkuppam, Poonamallee East, Iyyappanthangal",Tamil Nadu,geonames-pin
IND602105AAB,Chennai_Sriperumbudur_Dc (Tamil Nadu),Chennai,Tamil Nadu,602105,12.907808333333334,79.90485833333334,"Thodukadu, Ulundai, Gunduperumbedu, Pillaipakkam, Sriperumbudur, Pondur, Pennalur, Vayalur, Thandalam, Valarpuram, Mathur, Pattunoolchatram",Tamil Nadu,geonames-pin
IND613104AAA,Thirukkatupli_Poondi_D (Tamil Nadu),Thirukkatupli,Tamil Nadu,613104,10.853416666666668,78.97181666666667,"Michaelpatti, Valappakudi, Nemam, Kandamangalam, Maharajapuram, Tirukattupalli, Elangadu-TPL, Mullakudi, Palamaneri, Kuthur, Renganathapuram, Tirukattupalli East",Tamil Nadu,geonames-pin
IND620012AAA,Tiruchi_Manikndm_H (Tamil Nadu),Tiruchi,Tamil Nadu,620012,10.8202,78.70276,"Manikandam, Edamalaipatti Pudur, Craw Ford Colony, Fathimanagar, Nagamangalam",Tamil Nadu,geonames-pin
IND622001AAA,Pudukkotti_Mrthndpr_D (Tamil Nadu),Pudukkotti,Tamil Nadu,622001,10.3559,78.6876,"Pudukkottai Pub Offices, Pudukkottai H.O, Pudukkottai East, Ganesh Nagar, Pudukkottai Bus Stand, Pillaithannirpandal, Machuvadi, Gandhinagar, Bhuvaneswarinagar",Tamil Nadu,geonames-pin
IND629001AAA,Nagarcoil_AsrplmRd_DC (Tamil Nadu),Nagarcoil,Tamil Nadu,629001,8.170991666666666,77.4982,"Oluganacheri, Nagercoil Town, Nesamony Nagar, Catherin Booth Hospital, Krishnancoil, Nagercoil Bazaar, Nagercoil West, Putheri, Vadasery, Vadiveeswaram, Nagercoil H.O, Nagercoil Collectorate",Tamil Nadu,geonames-pin
IND636005AAC,Salem_Kadtmpty_D (Tamil Nadu),Salem,Tamil Nadu,636005,11.6741,78.2221,"Suramangalam H.O, Thangamapuripattinam, Jawahar Mills, Meyyanur, Suramangalam Railway Colony",Tamil Nadu,geonames-pin
IND636402AAA,Mettur_RTOroad_D (Tamil Nadu),Mettur,Tamil Nadu,636402,11.8219,77.8601,"Metturdam RS, Nedunchalai Nagar",Tamil Nadu,geonames-pin
IND637001AAA,Namakkal_Rkcomplx_DC (Tamil Nadu),Namakkal,Tamil Nadu,637001,11.1561,78.1905,"Namakkal H.O, Namakkal Fort, Namakkal Bazaar, Santhaipettaipudur, Natarajapuram (Namakkal), Thillaipuram, Ramapuram Pudur",Tamil Nadu,geonames-pin
IND638052AAA,Perundurai_Viveka_DC (Tamil Nadu),Perundurai,Tamil Nadu,638052,11.2501,77.5846,"Pichandampalayam, Karumandisellipalayam, Periyavettuvapalayam, Olapalayam, Perundurai R.S., Perundurai West, Perundurai, Ingur",Tamil Nadu,geonames-pin
IND673639AAA,Areacode_Puthalam_D (Kerala),Areacode,Kerala,673639,11.237192857142857,76.06589285714286,"Areacode, Peruparamba-ugrapuram, Vettilappara, Kizhuparamba, Urangattiri, Kavanur, Panampilavu, Thottilangadi, Thottumukkam, Maithra, Chemmarakkattur, Iruvetti, Valillapuzha, Poovathikkal",Kerala,geonames-pin
IND678583AAA,Thachnttukra_Nattukal_D (Kerala),Thachnttukra,Kerala,678583,10.87545,76.49680833333333,"Chethallur, Palode, Kundurkunnu, Kottopadam, Mannarkad College, Kodakkad, Pallikunnu, Payyanadam, Ariyur, Nattukal, Kumaramputhur, Kandamangalam",Kerala,geonames-pin
IND679576AAA,Edappal_PonaniRD_D (Kerala),Edappal,Kerala,679576,10.784685714285716,75.99698571428571,"Perumparamba, Edapal, Ayilakkad, Polpakara, Biyyam, Sugapuram, Kololamba",Kerala,geonames-pin
IND683511AAB,Kerala_Cochin_L (Kerala),Kerala,Kerala,683511,10.1019,76.291,"Alangad, West Veliyathunad, Panaikulam, Neericode, Karumalloor",Kerala,geonames-pin
IND686141AAA,Vaikom_KotyamRD_D (Kerala),Vaikom,Kerala,686141,9.6875,76.7789,Vaikom H.O,Kerala,geonames-pin
IND690573AAA,Karungaply_Mrtrklgr_D (Kerala),Karungaply,Kerala,690573,9.1067,76.5933,"Alumkadavu, S V Market, Cheriyazheekal",Kerala,geonames-pin
IND711409AAA,Howrah_Salap_DC (West Bengal),Howrah,West Bengal,711409,22.58,88.1958,"Makardaha, Nibra, Tentulkuli, Salap",West Bengal,geonames-pin
IND712310AAA,Kolkata_Dankuni_P (West Bengal),Kolkata,West Bengal,712310,22.6685,88.291,"Chakundi, Dankuni Coal Complex",West Bengal,geonames-pin
IND721507AAA,Jhargram_UBamdDPP_D (West Bengal),Jhargram,West Bengal,721507,22.6125,87.7099,"Raghunathpur (West Midnapore), Jhargram H.O, Jamda (West Midnapore)",West Bengal,geonames-pin
IND722101AAC,Bankura_BhowmDPP_D (West Bengal),Bankura,West Bengal,722101,23.2505,87.3849,"Bankura H.O, Lalbazar (Bankura), Feder Road, Nutanchati, Bankura  DSB, Pilgrim Road",West Bengal,geonames-pin
IND733124AAA,Gangarmpur_KhdimDPP_D (West Bengal),Gangarmpur,West Bengal,733124,24.88756,88.238845,"Madnabati, Nalagola, Dobakhokshan, Purba Mollapara, Chenchra, Kantabari, Kaldighi, Laxmitola, Narai, Sarbamangala, Jahangirpur, Rajibpur, Nandanpur, Champatali, Raghabpur, Gangarampur, Sukdebpur, Ratanpur, Jalalpur, Belbari",West Bengal,geonames-pin
IND733210AAA,Lodhan_GoalpDPP_D (West Bengal),Lodhan,West Bengal,733210,25.87675238095238,88.14727142857143,"Sahapur, Goalpokher, Bahar, Jharbari, Malkunda, Goagaon, Dehar, Goti, Kichaktola, Khagore, Hatkholasahapur, Goalin, Gendabari, Solpara, Bhendabari, Bhabanbari, Betna, Barbilla, Baramajlishpur, Lalkuri, Debiganj",West Bengal,geonames-pin
IND734203AAA,Kurseong_ABPath_D (West Bengal),Kurseong,West Bengal,734203,26.8784,88.259275,"Dumaram Busty, Mahanadi, Kurseong, Ambootia",West Bengal,geonames-pin
IND736101AAA,CoochBehar_Psthrjhr_D (West Bengal),CoochBehar,West Bengal,736101,26.291,89.3437,"Cooch Behar Bazar, Cooch Behar Railway Station, Durgabari Subhash Pally, Gunjabari, Bangchatra, Kharimala Khagrbari, Cooch Behar H.O, Patakura (Cooch Behar), Cooch Behar New Town",West Bengal,geonames-pin
IND736165AAA,Pundibari_StatonRD_D (West Bengal),Pundibari,West Bengal,736165,26.35415,89.53702499999999,"Madhupur, Chhoto Khairatibari, Maranadirkuthi., Sajerpar Ghoramara, Pundibari, Holongerkuthi, Sukhdhanerkuthi, Rajarhat, Dhangdhinguri, Patlakhawa, Chandanchaura, East Sakunibala",West Bengal,geonames-pin
IND741316AAA,Nabadwip_Srirmpur_D (West Bengal),Nabadwip,West Bengal,741316,23.482700000000005,88.5215,"Bablari, Bahirchara, Srirampur (Nadia), Mahisura, Fakirdanga, Idrakpur",West Bengal,geonames-pin
IND741502AAB,Hanskhali_Central_D_1 (West Bengal),Hanskhali,West Bengal,741502,23.3591,88.6625,"Chupria, Mayurhat, Kumari Ramnagar, Haldipara, Haritala, Muraghachacolony, Nabarupdaha, Patikabari, Santinagar, Garapota-nadia, Bhayna, Bhairabchandrapur, Benali, Ulashi, Taraknagar, Bagula",West Bengal,geonames-pin
IND761020AAA,Berhampur_Chatrpr_DC (Orissa),Berhampur,Orissa,761020,19.8744,84.4258,"Sitarampalli, Chatrapur Bazar, Chatrapur H.O",Odisha,geonames-pin
IND764073AAA,Umerkote_Central_DPP_1 (Orissa),Umerkote,Orissa,764073,19.446294736842106,82.67448421052632,"Umerkote Bazar, Burja, Badabharandi, Adhikariguda, Umerkote, Sirliguda, Hirapur, Sunabeda, Khanda, Bokoda, Bhamini, Beheda, Benara, Dhodra, Badakumari, Badabasini, Murtuma, Jamranda, Chikalpadar",Odisha,geonames-pin
IND770017AAB,Rajgangpur_Central_D_2 (Orissa),Rajgangpur,Orissa,770017,22.093155555555555,84.51864444444443,"Alanda, Garbhana, Malidihi, Kutunia, Buchukupara, Kesramal, Jareikela, Ranibandha, Rajgangpur",Odisha,geonames-pin
IND786602AAA,Duliajan_StatonRd_D (Assam),Duliajan,Assam,786602,27.3604,95.3181,"Duliajan, Raja Ali, Tingrai Chariali, Kathalguri, Kachari Pathar, Jaloni Dibruduar, Kendriya  Vidyalaya, Lilapur",Assam,geonames-pin
IND790114AAA,Bhalukpong_Khenewa_D (Arunachal Pradesh),Bhalukpong,Arunachal Pradesh,790114,27.2625,92.439,"Bhalukpong, Khellong, Tippi",Arunachal Pradesh,geonames-pin
IND791111AAC,Itanagar_WageDPP_D (Arunachal Pradesh),Itanagar,Arunachal Pradesh,791111,27.2888,93.5969,"Arunachal Pradesh Secretariat, Itanagar H.O",Arunachal Pradesh,geonames-pin
IND799008AAA,Agartala_Chmpmura_I (Tripura),Agartala,Tripura,799008,23.8903,91.4025,"Khayerpur, Khasnoagaon, Ramachandranagar, Reshambagan, Paschim Noabadi, Mariamnagar, Neepco, Old Agartala, Paschim Champamur",Tripura,geonames-pin
IND803108AAB,Chandi_SH78_D (Bihar),Chandi,Bihar,803108,25.366266666666665,85.403325,"Raisa, Gunjarchak, Badhauna, Rukhai, Tulsigarh, Dayalpur, Chandi, Satnag, Kaila, Bhadru, Madhopur, Gonkura",Bihar,geonames-pin
IND803212AAB,Bakhtiarpur_BypassRD_D (Bihar),Bakhtiarpur,Bihar,803212,25.4569,85.5434,"Bakhtiyarpur, Burhara, Karnauti, Ramnagar Diara, Chanda, Rawaich, Ghoswari, Tola Sohan Rai, Satya Bhaiya, Sabnima Khurd, Madhopur",Bihar,geonames-pin
IND804401AAA,Arwal_Rozapar_D (Bihar),Arwal,Bihar,804401,24.993066666666667,84.7069,"Sakarichowki, Pakharpur, Jalpura, Bhadasi, Arwal, Prasadi English, Kodra, Bara Koriun, Akbarpur",Bihar,geonames-pin
IND813203AAA,Kahalgaon_NdiaTola_D (Bihar),Kahalgaon,Bihar,813203,25.3468,87.1949,"Bhawanipur, Kahalgaon, Patharghatta, Kasri, Kalgigaj, Mahesh Munda, Shobnathpur, Lalapur Bhader, Sangitbaita",Bihar,geonames-pin
IND813213AAA,Sultanganj_Wardno3_D (Bihar),Sultanganj,Bihar,813213,25.1782,86.8442,"Kathara, Afzugaj, Gangapur Diara, S R Sultanganj, Hathiyok, Jahagira, Khanpurmal, Mardimushari, Mirhatti, Nansar, TILAKPUR, Udhadih, Kumaitha, Sultanganj (Bhagalpur)",Bihar,geonames-pin
IND828205AAA,Nirsa_ShantiDPP_D (Jharkhand),Nirsa,Jharkhand,828205,23.831146153846152,86.46797692307693,"Madanpur, Moradih, Kaliasole, Nirsa Chatti, Barbendia, Pandra, Birsinghpur, Debiana, Poddardih, Thaparnagar, Benagoria, Dumaria, Barwa",Jharkhand,geonames-pin
IND841207AAB,Dighwara_SadarHPL_D (Bihar),Dighwara,Bihar,841207,25.75696,84.97047,"Malkhachak, Mujauna, Saidpur, Dighwara, Khanpur, Aami, Jaitipur, Manupur, Haraji, Goraipur",Bihar,geonames-pin
IND841428AAA,Gopalganj_GopalDPP_D (Bihar),Gopalganj,Bihar,841428,26.36735,84.46327916666667,"Basdila, Manikpur, U.R. Bangra, Kararia, Rajwahi, Semrahi, Ekderwa, Amwa Nakchhed, Narkatia, Gopalganj H.O, Babubishunpur, Parwan, Sukulwa, R.P. Tengrahi, Yadavpur Dukhharan, V.S. Mill, Bhitbherwa, Dahibhata, Dumaria Dhamapakar, Gopalganj College, Khawajapur, Pasrama, Baraiptti, P.Bhagwanpur",Bihar,geonames-pin
IND851112AAB,Barauni_Wardno10_D (Bihar),Barauni,Bihar,851112,25.50045384615385,86.06383846153845,"M.Babhangama, Khizirchak, Pipra Devas, Jayintigram, Tilrath, Mirzapurchand, Nonpur, Pasopur, Ninga, Barauni, Amba, Sahuri, Dhankaul",Bihar,geonames-pin
IND851204AAA,Khagaria_GodamDPP_D (Bihar),Khagaria,Bihar,851204,25.51268846153846,86.54081538461539,"Bahuara, Labhgaon, Durgapur, Mathurapur, Hardia, Jalkaura, Bhadas, Rahimpur, Bishanpur Dumri, Bachauta, Chandpur Khurd, Dighni, Babhabgama, Khagaria Bazar, Tetrabad Chandpura, Chatarghat, Jahangir Tola, Rani Sakarpura, Ram Nagar Math, Olapur Ganguar, Barai Bangraha, Khargi Terasi, Bishanpur Ahok, Khagaria Mukhya Dakghar, Asli Kothia, Bela Simri",Bihar,geonames-pin
