corridor_id,legs_observed,mean_gap_ratio,median_gap_ratio,mean_gap_min,source_name,destination_name
IND562132AAA>IND560300AAA,151,1.8289046392226862,1.7291666666666667,39.82781456953642,Bangalore_Nelmngla_H (Karnataka),Bengaluru_KGAirprt_HB (Karnataka)
IND562132AAA>IND560099AAB,127,1.81933956434914,1.6666666666666667,41.31496062992126,Bangalore_Nelmngla_H (Karnataka),Bengaluru_Bomsndra_HB (Karnataka)
IND560099AAB>IND560300AAA,121,2.007954347738265,1.8333333333333333,57.917355371900825,Bengaluru_Bomsndra_HB (Karnataka),Bengaluru_KGAirprt_HB (Karnataka)
IND560300AAA>IND562132AAA,108,2.0864472272821013,1.83,54.7962962962963,Bengaluru_KGAirprt_HB (Karnataka),Bangalore_Nelmngla_H (Karnataka)
IND411033AAA>IND421302AAG,107,2.174800679360398,1.9904761904761905,118.27102803738318,Pune_Tathawde_H (Maharashtra),Bhiwandi_Mankoli_HB (Maharashtra)
IND421302AAG>IND400072AAB,105,2.7168634443541273,2.5454545454545454,38.97142857142857,Bhiwandi_Mankoli_HB (Maharashtra),Mumbai Hub (Maharashtra)
IND560099AAB>IND562132AAA,102,1.7184114074826216,1.5185185185185186,40.666666666666664,Bengaluru_Bomsndra_HB (Karnataka),Bangalore_Nelmngla_H (Karnataka)
IND000000ACT>IND000000ACB,100,1.6858813879986574,1.3585526315789473,28.36,Delhi_Gateway_HB (Delhi),Gurgaon_Bilaspur_HB (Haryana)
IND400072AAD>IND421302AAG,99,3.7800775727930573,2.727272727272727,60.0,Mumbai_Chndivli_PC (Maharashtra),Bhiwandi_Mankoli_HB (Maharashtra)
IND000000ACB>IND131028AAB,92,2.2228373037015827,2.074076147816349,119.01086956521739,Gurgaon_Bilaspur_HB (Haryana),Sonipat_Kundli_H (Haryana)
IND131028AAB>IND000000ACB,86,2.1938403586689508,1.9064264003473732,114.18604651162791,Sonipat_Kundli_H (Haryana),Gurgaon_Bilaspur_HB (Haryana)
IND560300AAA>IND560099AAB,86,2.4317844521458527,2.4543650793650795,79.97674418604652,Bengaluru_KGAirprt_HB (Karnataka),Bengaluru_Bomsndra_HB (Karnataka)
IND421302AAG>IND401104AAA,78,3.2546352666024623,2.755928853754941,55.91025641025641,Bhiwandi_Mankoli_HB (Maharashtra),Mumbai_MiraRd_IP (Maharashtra)
IND110044AAB>IND000000ACB,76,1.8824957577780939,1.7295698924731182,53.69736842105263,Del_Okhla_PC (Delhi),Gurgaon_Bilaspur_HB (Haryana)
IND400072AAB>IND401104AAA,72,3.1684763720302933,3.092156862745098,34.708333333333336,Mumbai Hub (Maharashtra),Mumbai_MiraRd_IP (Maharashtra)
IND421302AAG>IND411033AAA,72,2.2994281988818672,2.195876288659794,126.5,Bhiwandi_Mankoli_HB (Maharashtra),Pune_Tathawde_H (Maharashtra)
IND000000ACA>IND160002AAC,71,2.1126510949049186,2.064516129032258,71.40845070422536,Ludhiana_MilrGanj_HB (Punjab),Chandigarh_Mehmdpur_H (Punjab)
IND400072AAB>IND000000AFT,67,2.9000088034472746,2.526315789473684,36.223880597014926,Mumbai Hub (Maharashtra),Mumbai_Sanpada_I (Maharashtra)
IND000000ACB>IND562132AAA,66,1.919783873866053,1.8991700527248199,1387.3939393939395,Gurgaon_Bilaspur_HB (Haryana),Bangalore_Nelmngla_H (Karnataka)
IND160002AAC>IND000000ACB,66,2.1355204038212015,1.9905436823750335,240.24242424242425,Chandigarh_Mehmdpur_H (Punjab),Gurgaon_Bilaspur_HB (Haryana)
IND600032AAB>IND600056AAB,64,2.260777400448816,1.8920454545454546,41.34375,Chennai_Hub (Tamil Nadu),MAA_Poonamallee_HB (Tamil Nadu)
IND400072AAB>IND421302AAG,63,4.053998916504092,2.9583333333333335,69.15873015873017,Mumbai Hub (Maharashtra),Bhiwandi_Mankoli_HB (Maharashtra)
IND421302AAG>IND400102AAC,62,3.4208535946340497,2.6685185185185185,68.45161290322581,Bhiwandi_Mankoli_HB (Maharashtra),Mumbai_Jogshwri_I (Maharashtra)
IND400072AAB>IND400015AAA,60,3.683683473389356,3.1470588235294117,44.7,Mumbai Hub (Maharashtra),Mumbai_CottonGreen_DPC (Maharashtra)
IND000000ACB>IND160002AAC,58,2.496337071638337,2.205188679245283,317.5689655172414,Gurgaon_Bilaspur_HB (Haryana),Chandigarh_Mehmdpur_H (Punjab)
IND131021AAA>IND131028AAA,58,1.71545671761189,1.625,7.137931034482759,Sonipat_AmzonDev_V (Haryana),Sonipat_Kundli_P (Haryana)
IND000000ACB>IND121002AAB,57,2.1085422841809733,1.876923076923077,72.36842105263158,Gurgaon_Bilaspur_HB (Haryana),Faridabad_Mthurard_L (Haryana)
IND000000ACB>IND122001AAA,57,1.9251697630180602,1.7352941176470589,31.894736842105264,Gurgaon_Bilaspur_HB (Haryana),GGN_DPC (Haryana)
IND562132AAA>IND560058AAD,57,2.503334359290038,1.7619047619047619,30.92982456140351,Bangalore_Nelmngla_H (Karnataka),Bengaluru_Peenya_L (Karnataka)
IND421302AAG>IND000000AFT,54,3.9156069910557765,2.5,58.407407407407405,Bhiwandi_Mankoli_HB (Maharashtra),Mumbai_Sanpada_I (Maharashtra)
IND400011AAA>IND400072AAD,53,2.883613769903857,2.7222222222222223,33.20754716981132,LowerParel_CP (Maharashtra),Mumbai_Chndivli_PC (Maharashtra)
IND600056AAB>IND600032AAB,52,2.287120915927842,2.328877005347594,41.92307692307692,MAA_Poonamallee_HB (Tamil Nadu),Chennai_Hub (Tamil Nadu)
IND562132AAA>IND560083AAB,50,1.9744099135068327,1.5060975609756098,38.42,Bangalore_Nelmngla_H (Karnataka),Bengaluru_Bnnrghta_L (Karnataka)
IND421302AAG>IND400015AAA,49,2.965795041092582,2.4545454545454546,62.51020408163265,Bhiwandi_Mankoli_HB (Maharashtra),Mumbai_CottonGreen_DPC (Maharashtra)
IND000000ACB>IND110064AAA,48,1.7920690324070507,1.6032786885245902,45.708333333333336,Gurgaon_Bilaspur_HB (Haryana),Delhi_Mayapuri_PC (Delhi)
IND000000ACB>IND712311AAA,48,2.1411667489266377,2.032003219425158,1159.1458333333333,Gurgaon_Bilaspur_HB (Haryana),Kolkata_Dankuni_HB (West Bengal)
IND110037AAM>IND121004AAB,46,2.5571934908328946,2.1555299539170507,44.56521739130435,Delhi_Airport_H (Delhi),FBD_Balabhgarh_DPC (Haryana)
IND560058AAB>IND560060AAB,44,1.4892537093968983,1.3529411764705883,8.227272727272727,Bengaluru_Peenya_IP (Karnataka),Bengaluru_Kengeri_IP (Karnataka)
IND562132AAA>IND000000ACB,44,1.8320068006258994,1.8244915358909788,1271.1363636363637,Bangalore_Nelmngla_H (Karnataka),Gurgaon_Bilaspur_HB (Haryana)
IND122004AAA>IND122413AAE,43,1.8878052479967664,1.7647058823529411,30.674418604651162,Gurgaon_Begumpur_CP (Haryana),Gurgaon_Bilaspur_P (Haryana)
IND411033AAA>IND411014AAA,43,3.202425508472653,2.625,58.58139534883721,Pune_Tathawde_H (Maharashtra),PNQ Vadgaon Sheri DPC (Maharashtra)
IND110037AAK>IND000000ACB,43,3.70043292478133,2.1842105263157894,103.46511627906976,Delhi_Kapshera_L (Delhi),Gurgaon_Bilaspur_HB (Haryana)
IND600032AAB>IND600076AAB,42,2.2935749299719888,2.2270833333333333,20.38095238095238,Chennai_Hub (Tamil Nadu),Chennai_Madhavaram_DPC (Tamil Nadu)
IND560064AAD>IND560043AAC,41,2.5457020143892453,2.466666666666667,23.195121951219512,Bengaluru_Bagaluru_D (Karnataka),HBR Layout PC (Karnataka)
IND411033AAA>IND411021AAA,41,3.216400875547217,1.9230769230769231,27.341463414634145,Pune_Tathawde_H (Maharashtra),PNQ Pashan DPC (Maharashtra)
IND121004AAB>IND121102AAA,41,2.063395952254059,1.9310344827586208,30.902439024390244,FBD_Balabhgarh_DPC (Haryana),Palwal (Haryana)
IND811399AAA>IND110044AAB,40,4.375601165904959,3.138095238095238,54.6,Noida_Sector02_C (Uttar Pradesh),Del_Okhla_PC (Delhi)
IND110044AAB>IND131028AAB,40,1.8220297792960114,1.6232193732193732,43.375,Del_Okhla_PC (Delhi),Sonipat_Kundli_H (Haryana)
IND382430AAB>IND380054AAA,40,2.774583333333333,2.235294117647059,29.75,Ahmedabad_East_H_1 (Gujarat),AMD_Memnagar (Gujarat)
IND000000AFT>IND410209AAA,40,2.5416353166760777,2.2857142857142856,21.625,Mumbai_Sanpada_I (Maharashtra),Mumbai_Khandeshwar_Dc (Maharashtra)
IND000000ACB>IND110037AAK,39,2.4820771580917724,1.8157894736842106,57.92307692307692,Gurgaon_Bilaspur_HB (Haryana),Delhi_Kapshera_L (Delhi)
IND560043AAC>IND560064AAA,39,1.6776793510926638,1.588235294117647,11.871794871794872,HBR Layout PC (Karnataka),Bengaluru_NwYlhnka_DC (Karnataka)
IND110064AAA>IND000000ACB,39,6.535925321610443,1.9285714285714286,296.35897435897436,Delhi_Mayapuri_PC (Delhi),Gurgaon_Bilaspur_HB (Haryana)
IND000000ACT>IND131028AAB,39,1.7238568179215918,1.6481481481481481,40.666666666666664,Delhi_Gateway_HB (Delhi),Sonipat_Kundli_H (Haryana)
IND000000ACB>IND201301AAM,39,2.749542844546219,2.6202531645569622,141.76923076923077,Gurgaon_Bilaspur_HB (Haryana),Noida_Sector63_L (Uttar Pradesh)
IND500010AAB>IND501359AAE,39,3.6695137244221234,3.3783783783783785,96.82051282051282,Hyderabad_Alwal_L (Telangana),Hyderabad_Shamshbd_H (Telangana)
IND421302AAG>IND400072AAJ,38,3.053872007092831,2.5954545454545457,46.078947368421055,Bhiwandi_Mankoli_HB (Maharashtra),Mumbai_Tejpal_I (Maharashtra)
IND560099AAB>IND560058AAB,38,1.899455940499471,1.6704107830551989,32.526315789473685,Bengaluru_Bomsndra_HB (Karnataka),Bengaluru_Peenya_IP (Karnataka)
IND560099AAB>IND560043AAC,37,1.9273096394474973,1.6071428571428572,27.89189189189189,Bengaluru_Bomsndra_HB (Karnataka),HBR Layout PC (Karnataka)
IND560300AAA>IND560058AAB,37,1.492193949984093,1.393939393939394,16.91891891891892,Bengaluru_KGAirprt_HB (Karnataka),Bengaluru_Peenya_IP (Karnataka)
IND121004AAB>IND110037AAM,37,2.7303226303226307,2.5833333333333335,43.24324324324324,FBD_Balabhgarh_DPC (Haryana),Delhi_Airport_H (Delhi)
IND401104AAA>IND401208AAA,37,2.67233564834184,2.5555555555555554,29.513513513513512,Mumbai_MiraRd_IP (Maharashtra),Nalasopara (Maharashtra)
IND382430AAB>IND380005AAA,36,2.342141119040096,2.1185897435897436,31.083333333333332,Ahmedabad_East_H_1 (Gujarat),Amd_Chandkheda_Dc (Gujarat)
IND110037AAM>IND110035AAC,36,2.910979497671104,2.2857142857142856,41.361111111111114,Delhi_Airport_H (Delhi),Delhi_North_R_8 (Delhi)
IND400015AAA>IND400072AAB,36,3.6331403074050135,2.8455882352941178,44.25,Mumbai_CottonGreen_DPC (Maharashtra),Mumbai Hub (Maharashtra)
IND000000ACB>IND110095AAB,36,2.4031533652586283,1.9802631578947367,106.75,Gurgaon_Bilaspur_HB (Haryana),Delhi_Jhilmil_L (Delhi)
IND560058AAD>IND562132AAA,36,3.229540314757706,1.7019927536231885,52.25,Bengaluru_Peenya_L (Karnataka),Bangalore_Nelmngla_H (Karnataka)
IND410206AAB>IND000000AFT,36,2.808141984864121,2.3033088235294117,30.22222222222222,Mumbai_Panvel_D (Maharashtra),Mumbai_Sanpada_I (Maharashtra)
IND382430AAB>IND380015AAB,35,3.165969268826412,2.3333333333333335,25.742857142857144,Ahmedabad_East_H_1 (Gujarat),AMD_Satellite (Gujarat)
IND209304AAA>IND000000ACB,35,2.0640921439034896,1.9603658536585367,348.8,Kanpur_Central_H_6 (Uttar Pradesh),Gurgaon_Bilaspur_HB (Haryana)
IND121004AAB>IND000000ACB,34,2.0568282744324122,1.809090909090909,68.11764705882354,FBD_Balabhgarh_DPC (Haryana),Gurgaon_Bilaspur_HB (Haryana)
IND560099AAB>IND560048AAB,34,1.9289997698947738,1.5610948191593352,29.5,Bengaluru_Bomsndra_HB (Karnataka),Bengaluru_Hoodi_IP (Karnataka)
IND600056AAB>IND600044AAE,34,1.9677058051625527,1.9003267973856208,33.64705882352941,MAA_Poonamallee_HB (Tamil Nadu),Chennai_Chrompet_L (Tamil Nadu)
IND382430AAB>IND382345AAA,34,3.076620625625816,2.2113970588235294,33.029411764705884,Ahmedabad_East_H_1 (Gujarat),Amdavad_East (Gujarat)
IND411036AAA>IND411033AAA,33,2.619445253496767,2.310344827586207,46.84848484848485,Pune_Mundhawa_L (Maharashtra),Pune_Tathawde_H (Maharashtra)
IND412105AAC>IND411017AAA,33,2.487856115332896,2.3333333333333335,23.303030303030305,Pune_North_D_3 (Maharashtra),PNQ Rahatani DPC (Maharashtra)
IND560300AAA>IND560043AAC,33,1.4526554834419634,1.25,14.06060606060606,Bengaluru_KGAirprt_HB (Karnataka),HBR Layout PC (Karnataka)
IND110043AAA>IND110078AAA,33,1.9339618659776763,1.7,19.90909090909091,Delhi_Nangli_IP (Delhi),Janakpuri (Delhi)
IND421302AAG>IND400102AAB,33,2.7875034797323655,2.3076923076923075,50.54545454545455,Bhiwandi_Mankoli_HB (Maharashtra),Mumbai_Jogeshwri_L (Maharashtra)
IND501359AAE>IND500010AAB,33,3.8064740400222954,2.871794871794872,110.36363636363636,Hyderabad_Shamshbd_H (Telangana),Hyderabad_Alwal_L (Telangana)
IND000000ACB>IND421302AAG,33,1.9757656067441633,1.9273858921161826,939.5454545454545,Gurgaon_Bilaspur_HB (Haryana),Bhiwandi_Mankoli_HB (Maharashtra)
IND380021AAA>IND382430AAB,32,5.177051637598512,3.1666666666666665,50.375,AMD_Rakhial (Gujarat),Ahmedabad_East_H_1 (Gujarat)
IND411021AAA>IND411033AAA,32,3.13183170995671,2.0,31.0,PNQ Pashan DPC (Maharashtra),Pune_Tathawde_H (Maharashtra)
IND411033AAA>IND411036AAA,32,2.459309613997114,1.8261904761904764,41.34375,Pune_Tathawde_H (Maharashtra),Pune_Mundhawa_L (Maharashtra)
IND600056AAB>IND600008AAC,32,3.233856597072249,3.0,76.90625,MAA_Poonamallee_HB (Tamil Nadu),Chennai_Egmore_DPC (Tamil Nadu)
IND000000ACK>IND501359AAF,32,3.502150803763361,3.2739130434782613,52.71875,Hyderabad_Chikdply_C (Telangana),Hyderabad_Shamshbd_P (Telangana)
IND560083AAB>IND562132AAA,31,2.091614786813586,1.6590909090909092,47.645161290322584,Bengaluru_Bnnrghta_L (Karnataka),Bangalore_Nelmngla_H (Karnataka)
IND000000ACB>IND121004AAB,31,1.9097373392736297,1.796875,59.25806451612903,Gurgaon_Bilaspur_HB (Haryana),FBD_Balabhgarh_DPC (Haryana)
IND560099AAB>IND560060AAB,31,1.567540565738714,1.375,18.774193548387096,Bengaluru_Bomsndra_HB (Karnataka),Bengaluru_Kengeri_IP (Karnataka)
IND421302AAG>IND400015AAB,31,2.5326042386428638,2.21875,47.61290322580645,Bhiwandi_Mankoli_HB (Maharashtra),Mumbai_CotnGren_M (Maharashtra)
IND401104AAA>IND400072AAB,31,4.533776091081594,2.875,56.38709677419355,Mumbai_MiraRd_IP (Maharashtra),Mumbai Hub (Maharashtra)
IND462022AAA>IND462011AAA,30,2.7396150146150147,2.439102564102564,21.3,Bhopal_Trnsport_H (Madhya Pradesh),Bhopal MP Nagar (Madhya Pradesh)
IND712311AAA>IND700088AAA,30,4.774597938350255,3.586206896551724,113.36666666666666,Kolkata_Dankuni_HB (West Bengal),Kolkata_TrtllaRD_L (West Bengal)
IND712310AAE>IND712124AAA,30,3.860704539125592,3.7309941520467835,54.0,Kolkata_North_I_4 (West Bengal),Hooghly_DC (West Bengal)
IND421302AAG>IND562132AAA,30,1.8953828010525002,1.857946273144485,635.3333333333334,Bhiwandi_Mankoli_HB (Maharashtra),Bangalore_Nelmngla_H (Karnataka)
IND000000ACB>IND302014AAA,30,1.880046303974353,1.8794117647058823,148.36666666666667,Gurgaon_Bilaspur_HB (Haryana),Jaipur_Hub (Rajasthan)
IND382430AAB>IND395023AAA,30,1.8451354244865066,1.851115708585784,169.5,Ahmedabad_East_H_1 (Gujarat),Surat_HUB (Gujarat)
IND110044AAB>IND110030AAD,30,1.7822883597883599,1.5857142857142859,12.1,Del_Okhla_PC (Delhi),Delhi_Kishangarh_DPC (Delhi)
IND131028AAB>IND160002AAC,30,1.7873658735686075,1.7595419847328244,102.23333333333333,Sonipat_Kundli_H (Haryana),Chandigarh_Mehmdpur_H (Punjab)
IND121002AAB>IND000000ACB,29,2.5405726751678057,2.09375,100.41379310344827,Faridabad_Mthurard_L (Haryana),Gurgaon_Bilaspur_HB (Haryana)
IND142001AAB>IND152026AAA,29,1.6796934952873814,1.6451612903225807,42.241379310344826,Moga_DPC (Punjab),Muktsar_DPC (Punjab)
IND600044AAE>IND600056AAB,29,2.1919187623139726,2.0285714285714285,41.44827586206897,Chennai_Chrompet_L (Tamil Nadu),MAA_Poonamallee_HB (Tamil Nadu)
IND712311AAA>IND700065AAA,29,3.8336732607722115,3.3636363636363638,62.724137931034484,Kolkata_Dankuni_HB (West Bengal),CCU_Beliaghata_DPC (West Bengal)
IND160002AAC>IND140603AAA,29,1.3776983183285203,1.2413793103448276,10.758620689655173,Chandigarh_Mehmdpur_H (Punjab),Zirakpur_DC (Punjab)
IND421302AAG>IND400072AAA,29,2.8046484250382298,2.4347826086956523,40.724137931034484,Bhiwandi_Mankoli_HB (Maharashtra),Mumbai_Tejpal_M (Maharashtra)
IND000000ACB>IND501359AAE,29,1.9776231732406082,1.909871244635193,1139.655172413793,Gurgaon_Bilaspur_HB (Haryana),Hyderabad_Shamshbd_H (Telangana)
IND712311AAA>IND700026AAC,29,2.906534196520318,2.5,67.48275862068965,Kolkata_Dankuni_HB (West Bengal),CCU_Lake Avenue_DPC (West Bengal)
IND560099AAB>IND560078AAC,28,1.8598168110357551,1.7863636363636364,19.035714285714285,Bengaluru_Bomsndra_HB (Karnataka),BLR_JPNagar_Pc (Karnataka)
IND600056AAB>IND600110AAA,28,2.724220138505853,2.5945945945945947,62.714285714285715,MAA_Poonamallee_HB (Tamil Nadu),Chennai_Madhavaram_L (Tamil Nadu)
IND201307AAA>IND201301AAL,28,1.5207903073937004,1.256578947368421,11.107142857142858,Noida_Chukhndi_D (Uttar Pradesh),Dadri_ICDCant_D (Uttar Pradesh)
IND000000ACB>IND110030AAD,28,1.8980929074926673,1.6726844583987441,45.035714285714285,Gurgaon_Bilaspur_HB (Haryana),Delhi_Kishangarh_DPC (Delhi)
IND400102AAC>IND421302AAG,28,4.734081244011068,3.759259259259259,110.03571428571429,Mumbai_Jogshwri_I (Maharashtra),Bhiwandi_Mankoli_HB (Maharashtra)
IND160102AAC>IND160002AAC,28,2.069408074450091,2.0702614379084965,36.75,Chandigarh_Raiprvlg_L (Chandigarh),Chandigarh_Mehmdpur_H (Punjab)
IND462001AAA>IND462022AAA,28,5.640055777555778,3.916666666666667,62.785714285714285,Bhopal_Old City (Madhya Pradesh),Bhopal_Trnsport_H (Madhya Pradesh)
IND160002AAC>IND000000ACA,28,1.9591712548184994,1.9841269841269842,61.17857142857143,Chandigarh_Mehmdpur_H (Punjab),Ludhiana_MilrGanj_HB (Punjab)
IND201301AAM>IND000000ACB,27,2.7707518037942203,2.987012987012987,138.07407407407408,Noida_Sector63_L (Uttar Pradesh),Gurgaon_Bilaspur_HB (Haryana)
IND395023AAD>IND395006AAA,27,2.016798941798942,1.9230769230769231,13.703703703703704,Surat_Central_I_4 (Gujarat),Surat_Varachha_DC (Gujarat)
IND380006AAB>IND382430AAB,27,3.8519274963719408,3.5833333333333335,33.148148148148145,Ahmedabad_Mithakal_D (Gujarat),Ahmedabad_East_H_1 (Gujarat)
IND121001AAA>IND121004AAB,27,2.4886557886557887,1.9,16.333333333333332,Faridabad (Haryana),FBD_Balabhgarh_DPC (Haryana)
IND421302AAR>IND421004AAA,27,3.737978071311405,3.4,31.77777777777778,Mumbai_East_I_21 (Maharashtra),Mumbai_Ulhasngr_DC (Maharashtra)
IND411033AAA>IND413002AAA,27,1.7798105490652318,1.7735849056603774,165.33333333333334,Pune_Tathawde_H (Maharashtra),Solapur_Central_I_2 (Maharashtra)
IND712311AAA>IND751002AAB,27,2.205838501018172,1.9193548387096775,375.6296296296296,Kolkata_Dankuni_HB (West Bengal),Bhubaneshwar_Hub (Orissa)
IND462022AAA>IND000000ACB,26,1.9734659941032786,1.9131577857823046,568.5384615384615,Bhopal_Trnsport_H (Madhya Pradesh),Gurgaon_Bilaspur_HB (Haryana)
IND560048AAB>IND560099AAB,26,2.271309529656222,1.6352370689655173,39.73076923076923,Bengaluru_Hoodi_IP (Karnataka),Bengaluru_Bomsndra_HB (Karnataka)
IND110037AAM>IND202001AAB,26,1.8809662184954183,1.7954382826475848,113.8076923076923,Delhi_Airport_H (Delhi),Aligarh_KhirByps_I (Uttar Pradesh)
IND400701AAB>IND421302AAG,26,3.2702565408447763,2.475,44.80769230769231,Mumbai_Pawane_L (Maharashtra),Bhiwandi_Mankoli_HB (Maharashtra)
IND421302AAG>IND000000ACB,26,2.0212144678351995,1.998452012383901,988.8461538461538,Bhiwandi_Mankoli_HB (Maharashtra),Gurgaon_Bilaspur_HB (Haryana)
IND474003AAA>IND000000ACB,26,1.6905245439947292,1.6346153846153846,180.34615384615384,Gwalior_HrihrNgr_I (Madhya Pradesh),Gurgaon_Bilaspur_HB (Haryana)
IND302014AAB>IND302004AAA,26,2.3956795741238466,2.3658088235294117,23.346153846153847,Jaipur_Central_I_7 (Rajasthan),Jaipur_NgrNigam_DC (Rajasthan)
IND620020AAA>IND621112AAA,25,1.8699798534798535,1.7692307692307692,11.32,Tiruchi (Tamil Nadu),Tiruchi_Samyaprm_D (Tamil Nadu)
IND110037AAM>IND209304AAA,25,2.181334279079307,2.1167664670658684,396.0,Delhi_Airport_H (Delhi),Kanpur_Central_H_6 (Uttar Pradesh)
IND462022AAA>IND209304AAA,25,2.129567992474648,2.1108247422680413,445.16,Bhopal_Trnsport_H (Madhya Pradesh),Kanpur_Central_H_6 (Uttar Pradesh)
IND562132AAA>IND560002AAA,25,2.6830106746382607,2.8461538461538463,44.92,Bangalore_Nelmngla_H (Karnataka),Bengaluru_KHRoad_I (Karnataka)
IND562132AAA>IND560078AAC,25,2.168641563016146,2.0689655172413794,36.32,Bangalore_Nelmngla_H (Karnataka),BLR_JPNagar_Pc (Karnataka)
IND160002AAC>IND160102AAC,25,1.8738964185860738,1.7647058823529411,30.08,Chandigarh_Mehmdpur_H (Punjab),Chandigarh_Raiprvlg_L (Chandigarh)
IND712124AAA>IND712103AAA,25,2.887676767676768,2.8333333333333335,20.48,Hooghly_DC (West Bengal),Hoogly_Bandel_D (West Bengal)
IND751002AAB>IND712311AAA,25,2.270493605167871,2.0434782608695654,410.36,Bhubaneshwar_Hub (Orissa),Kolkata_Dankuni_HB (West Bengal)
IND560099AAB>IND560002AAA,25,1.9580281231757877,2.1,20.04,Bengaluru_Bomsndra_HB (Karnataka),Bengaluru_KHRoad_I (Karnataka)
IND380054AAA>IND382430AAB,24,2.4890238770946973,2.3639705882352944,24.541666666666668,AMD_Memnagar (Gujarat),Ahmedabad_East_H_1 (Gujarat)
IND501359AAE>IND500080AAB,24,2.4963002527919578,1.98,35.333333333333336,Hyderabad_Shamshbd_H (Telangana),Hyderabad_Chikdply_I (Telangana)
IND530012AAA>IND532001AAB,24,1.8200525679955595,1.763966049382716,67.04166666666667,Visakhapatnam_Gajuwaka_IP (Andhra Pradesh),Srikakulam_Kuslpram_I (Andhra Pradesh)
IND421302AAG>IND501359AAE,24,1.9935434017478488,1.9865462700205272,553.625,Bhiwandi_Mankoli_HB (Maharashtra),Hyderabad_Shamshbd_H (Telangana)
IND560043AAC>IND560099AAB,24,1.9477422319734343,1.9563025210084035,29.625,HBR Layout PC (Karnataka),Bengaluru_Bomsndra_HB (Karnataka)
IND700065AAA>IND712311AAA,24,6.665824516825661,3.7386363636363633,122.875,CCU_Beliaghata_DPC (West Bengal),Kolkata_Dankuni_HB (West Bengal)
IND562132AAA>IND560060AAB,24,1.8307034733040481,1.641025641025641,22.833333333333332,Bangalore_Nelmngla_H (Karnataka),Bengaluru_Kengeri_IP (Karnataka)
IND121004AAB>IND121001AAA,24,1.7904564763939765,1.809090909090909,9.083333333333334,FBD_Balabhgarh_DPC (Haryana),Faridabad (Haryana)
IND000000ACB>IND110085AAB,24,1.7667349542629804,1.622366110623354,51.125,Gurgaon_Bilaspur_HB (Haryana),Delhi_Rohini_DPC (Delhi)
IND000000ACB>IND000000AEL,23,2.245715198331496,1.7704918032786885,77.26086956521739,Gurgaon_Bilaspur_HB (Haryana),Delhi_PunjabiB_L (Delhi)
IND302014AAA>IND000000ACB,23,1.919702257857608,1.9268292682926829,151.0,Jaipur_Hub (Rajasthan),Gurgaon_Bilaspur_HB (Haryana)
IND401104AAB>IND421302AAG,23,4.21887257704838,2.923076923076923,81.82608695652173,Mumbai_MiraRoad_M (Maharashtra),Bhiwandi_Mankoli_HB (Maharashtra)
IND400015AAB>IND421302AAG,23,3.6285657461290053,3.1724137931034484,84.30434782608695,Mumbai_CotnGren_M (Maharashtra),Bhiwandi_Mankoli_HB (Maharashtra)
IND401209AAA>IND401104AAA,23,6.079861235835766,6.7272727272727275,107.56521739130434,Mumbai_Virar_DC (Maharashtra),Mumbai_MiraRd_IP (Maharashtra)
IND700136AAG>IND712310AAA,23,4.736014204308725,4.2631578947368425,74.1304347826087,Kolkata_Narynpur_C (West Bengal),Kolkata_Dankuni_P (West Bengal)
IND121004AAB>IND121004AAA,23,1.857964680247289,1.75,11.043478260869565,FBD_Balabhgarh_DPC (Haryana),Faridabad_Blbgarh_DC (Haryana)
IND712311AAA>IND700028AAB,23,3.8162438278133526,3.526315789473684,53.30434782608695,Kolkata_Dankuni_HB (West Bengal),CCU_DumDum_DPC (West Bengal)
IND712103AAA>IND712310AAE,23,3.676576559070695,3.6551724137931036,78.3913043478261,Hoogly_Bandel_D (West Bengal),Kolkata_North_I_4 (West Bengal)
IND144001AAB>IND000000ACA,23,2.366237470661222,2.358490566037736,72.08695652173913,Jalandhar_DPC (Punjab),Ludhiana_MilrGanj_HB (Punjab)
IND600056AAB>IND600116AAB,22,3.1091637991637993,2.353021978021978,59.36363636363637,MAA_Poonamallee_HB (Tamil Nadu),Chennai_Porur_DPC (Tamil Nadu)
IND842001AAA>IND846004AAA,22,2.3554207137400414,2.1900000000000004,67.54545454545455,Muzaffrpur_Bbganj_I (Bihar),Darbhanga (Bihar)
IND136118AAA>IND136128AAA,22,1.4114659925004753,1.4001322751322751,11.363636363636363,Kurukshetra_DC (Haryana),Pehowa_WdN14DPP_D (Haryana)
IND421302AAG>IND400701AAB,22,3.208689551745328,2.4486215538847116,45.22727272727273,Bhiwandi_Mankoli_HB (Maharashtra),Mumbai_Pawane_L (Maharashtra)
IND600016AAB>IND600044AAC,22,2.40696185498993,2.124526515151515,46.22727272727273,Chennai_Alandur_C (Tamil Nadu),Chennai_Chrompet_PC (Tamil Nadu)
IND832109AAB>IND834002AAB,22,2.731556948798328,2.505813953488372,151.5909090909091,Jamshedpur_Central_I_3 (Jharkhand),Ranchi_Hub (Jharkhand)
IND302014AAB>IND302006AAC,22,2.7528250753024825,2.333333333333333,34.45454545454545,Jaipur_Central_I_7 (Rajasthan),Jaipur_Central_D_10 (Rajasthan)
IND532001AAB>IND530012AAA,22,2.194447416539234,2.101692484222605,100.4090909090909,Srikakulam_Kuslpram_I (Andhra Pradesh),Visakhapatnam_Gajuwaka_IP (Andhra Pradesh)
IND560058AAB>IND560099AAB,22,1.912501637299129,1.7378378378378379,34.13636363636363,Bengaluru_Peenya_IP (Karnataka),Bengaluru_Bomsndra_HB (Karnataka)
IND560002AAA>IND562132AAA,22,2.3747106162599807,2.268716577540107,45.36363636363637,Bengaluru_KHRoad_I (Karnataka),Bangalore_Nelmngla_H (Karnataka)
IND562132AAA>IND560043AAC,22,1.8810499520893906,1.8385416666666665,29.454545454545453,Bangalore_Nelmngla_H (Karnataka),HBR Layout PC (Karnataka)
IND502286AAB>IND502220AAC,22,2.0932432022239995,2.1002747252747254,53.5,Narayankhed_Datatrya_D (Telangana),Zahirabad_Mohim_D (Telangana)
IND502220AAC>IND501359AAE,22,1.331493076226834,1.320453190220632,42.54545454545455,Zahirabad_Mohim_D (Telangana),Hyderabad_Shamshbd_H (Telangana)
IND845401AAA>IND845305AAA,22,2.6131512236775394,2.5634920634920633,57.45454545454545,Motihari_RajaBzr_D (Bihar),Raxaul_KairiyaT_D (Bihar)
IND000000ACB>IND411033AAA,22,1.7690679513678942,1.7695691890617633,776.6818181818181,Gurgaon_Bilaspur_HB (Haryana),Pune_Tathawde_H (Maharashtra)
IND842001AAA>IND847212AAA,22,2.298031686730317,2.191780821917808,94.31818181818181,Muzaffrpur_Bbganj_I (Bihar),Madhubani_Bardivan_D (Bihar)
IND136128AAA>IND136027AAA,22,2.090675725125486,2.0954545454545457,21.818181818181817,Pehowa_WdN14DPP_D (Haryana),Kaithal_DC (Haryana)
IND585401AAA>IND502286AAB,22,2.388573677843324,2.392229154849688,59.22727272727273,Bidar (Karnataka),Narayankhed_Datatrya_D (Telangana)
IND110037AAM>IND110085AAB,22,2.3961516146996833,2.0217391304347827,35.90909090909091,Delhi_Airport_H (Delhi),Delhi_Rohini_DPC (Delhi)
IND400072AAB>IND421302AAR,21,2.684779385938806,2.0434782608695654,41.714285714285715,Mumbai Hub (Maharashtra),Mumbai_East_I_21 (Maharashtra)
IND585330AAE>IND585401AAA,21,1.8444990117259024,1.7941176470588236,28.952380952380953,Humnabad_EBroad_D (Karnataka),Bidar (Karnataka)
IND136027AAA>IND132039AAA,21,2.0893951574623846,1.8235294117647058,38.19047619047619,Kaithal_DC (Haryana),Assandh_MhrjaDPP_D (Haryana)
IND140301AAA>IND140001AAA,21,1.822142857142857,1.6666666666666667,19.761904761904763,Chandigarh_Kharar_DC (Chandigarh),RoopNagar_ChotiHvl_DC (Punjab)
IND834002AAB>IND826004AAA,21,2.4782369852382176,2.4206349206349205,187.38095238095238,Ranchi_Hub (Jharkhand),Dhanbad_Kalynpur_I (Jharkhand)
IND421302AAG>IND422011AAD,21,1.7626313431993608,1.731958762886598,74.52380952380952,Bhiwandi_Mankoli_HB (Maharashtra),Nashik_TgrniaRD_I (Maharashtra)
IND532127AAA>IND535591AAA,21,1.697748809362272,1.6744186046511629,30.0,Rajam_SamathBv_D (Andhra Pradesh),Salur_ward9_D (Andhra Pradesh)
IND521225AAB>IND521201AAA,21,1.9008742829497547,1.5660377358490567,47.523809523809526,Vijayawada_Rynapadu_H (Andhra Pradesh),Nuzvid_Ward17_D (Andhra Pradesh)
IND523002AAA>IND523230AAA,21,1.661341439941774,1.608695652173913,46.04761904761905,Ongole_SubhVRTL_I (Andhra Pradesh),Kanigiri_Tiglgndi_D (Andhra Pradesh)
IND262802AAA>IND262723AAB,21,2.6187889648613067,2.536231884057971,111.33333333333333,Gola_BkgnRoad_D (Uttar Pradesh),Dhaurahara_TahsilRD_D (Uttar Pradesh)
IND847226AAA>IND842001AAA,21,8.884306452570755,8.976190476190476,660.3809523809524,Jaynagar_Wardno6_D (Bihar),Muzaffrpur_Bbganj_I (Bihar)
IND532001AAB>IND532127AAA,21,2.21049800688469,1.9333333333333333,37.476190476190474,Srikakulam_Kuslpram_I (Andhra Pradesh),Rajam_SamathBv_D (Andhra Pradesh)
IND501359AAE>IND585104AAA,21,1.661858798725539,1.6686746987951808,110.95238095238095,Hyderabad_Shamshbd_H (Telangana),Gulbarga_Nehrugnj_I (Karnataka)
IND691001AAB>IND691506AAA,21,1.3940034529114989,1.36,10.0,Kollam_Central_H_1 (Kerala),Kottarakkara_Amankovl_D (Kerala)
IND500050AAA>IND501359AAE,21,3.731199334735508,2.4193548387096775,91.71428571428571,Patancheru_Ameenpur_I (Telangana),Hyderabad_Shamshbd_H (Telangana)
IND422011AAD>IND421302AAG,21,3.0029638625739645,2.288659793814433,194.61904761904762,Nashik_TgrniaRD_I (Maharashtra),Bhiwandi_Mankoli_HB (Maharashtra)
IND444602AAA>IND444005AAB,21,2.1757238472379066,2.081081081081081,86.80952380952381,Amravati_DC (Maharashtra),Akola_Gaurkshn_I (Maharashtra)
IND460001AAA>IND480334AAA,21,2.2330662393162393,2.2153846153846155,80.42857142857143,Betul_PatelWrd_D (Madhya Pradesh),Pandhurna_Mataward_D (Madhya Pradesh)
IND413002AAA>IND413501AAA,21,1.584029888551165,1.553191489361702,27.80952380952381,Solapur_Central_I_2 (Maharashtra),Osmanabad_Kakdepot_D (Maharashtra)
IND000000ACT>IND160002AAC,21,2.0612249087612877,2.0372340425531914,199.04761904761904,Delhi_Gateway_HB (Delhi),Chandigarh_Mehmdpur_H (Punjab)
IND244221AAA>IND131028AAB,21,1.885198202752818,1.873015873015873,113.71428571428571,Amroha_SamitiRd_D (Uttar Pradesh),Sonipat_Kundli_H (Haryana)
IND285001AAD>IND285205AAB,21,1.5093405079529367,1.4242424242424243,16.38095238095238,Orai_Ajnari_D (Uttar Pradesh),Konch_Central_D_2 (Uttar Pradesh)
IND302014AAA>IND301001AAB,21,1.8898292377328951,1.9137931034482758,103.47619047619048,Jaipur_Hub (Rajasthan),Alwar_Central_I_1 (Rajasthan)
IND382430AAB>IND389001AAA,21,1.7155511309924936,1.6938775510204083,70.14285714285714,Ahmedabad_East_H_1 (Gujarat),Godhra_DC (Gujarat)
IND389001AAA>IND389151AAA,21,1.796004878141733,1.7254901960784315,39.666666666666664,Godhra_DC (Gujarat),Dahod_DC (Gujarat)
IND854326AAB>IND854311AAA,21,2.135223109451419,1.7,35.04761904761905,Purnia_Central_H_2 (Bihar),Araria_Wardn13_D (Bihar)
IND852139AAB>IND854326AAB,21,3.1102339181286554,3.1710526315789473,158.8095238095238,Triveninganj_Central_D_1 (Bihar),Purnia_Central_H_2 (Bihar)
IND848114AAA>IND848210AAA,21,1.7963997113997114,1.72,19.428571428571427,DalsinghSarai_Wardno13_D (Bihar),Rusera_Wardno4_D (Bihar)
IND160055AAA>IND160002AAC,21,1.3432047067267066,1.1,14.142857142857142,Chandigarh_Mohali (Chandigarh),Chandigarh_Mehmdpur_H (Punjab)
IND160002AAC>IND140901AAA,21,1.7751549124120816,1.446808510638298,36.19047619047619,Chandigarh_Mehmdpur_H (Punjab),Chandigarh_Mullanpr_DC (Chandigarh)
IND151001AAA>IND160002AAC,21,1.6699711725461068,1.5345911949685536,106.42857142857143,Bhatinda_DPC (Punjab),Chandigarh_Mehmdpur_H (Punjab)
IND209304AAA>IND211002AAB,21,1.5304382367050715,1.5755395683453237,80.0952380952381,Kanpur_Central_H_6 (Uttar Pradesh),Allahabad_Central_H_1 (Uttar Pradesh)
IND209111AAA>IND285001AAD,21,2.2534417465421446,2.1714285714285713,45.04761904761905,Pukhrayan_Arulimod_D (Uttar Pradesh),Orai_Ajnari_D (Uttar Pradesh)
IND209304AAA>IND208012AAA,21,1.3480430200249114,1.75,-7.380952380952381,Kanpur_Central_H_6 (Uttar Pradesh),Kanpur_Central_D_7 (Uttar Pradesh)
IND141003AAB>IND142026AAA,21,1.653338395475492,1.6774193548387097,21.285714285714285,Ludhiana_GillChwk_DC (Punjab),Jagraon_DC (Punjab)
IND691574AAA>IND695614AAA,21,1.5893364363289175,1.55,11.714285714285714,Kalluvathukal_Pariplly_D (Kerala),Kilimanoor_Krvnkuzy_D (Kerala)
IND480334AAA>IND480106AAA,21,1.478495842781557,1.4166666666666667,17.0,Pandhurna_Mataward_D (Madhya Pradesh),Sausar_Central_DPP_1 (Madhya Pradesh)
IND160002AAC>IND140301AAA,21,1.6171093784414783,1.434782608695652,28.761904761904763,Chandigarh_Mehmdpur_H (Punjab),Chandigarh_Kharar_DC (Chandigarh)
IND131028AAB>IND244235AAA,21,1.8729717872787917,1.7603305785123966,106.04761904761905,Sonipat_Kundli_H (Haryana),Gajraula_JawaharN_D (Uttar Pradesh)
IND846004AAA>IND847103AAA,21,2.433574879227053,1.7916666666666667,33.61904761904762,Darbhanga (Bihar),Benipur_Javahar_D (Bihar)
IND847212AAA>IND847226AAA,21,2.075333837238599,1.8148148148148149,28.714285714285715,Madhubani_Bardivan_D (Bihar),Jaynagar_Wardno6_D (Bihar)
IND395023AAA>IND382430AAB,21,1.8472960437527322,1.7967914438502675,158.61904761904762,Surat_HUB (Gujarat),Ahmedabad_East_H_1 (Gujarat)
IND390022AAA>IND395023AAA,21,1.7939180395853154,1.775,96.0952380952381,Vadodara_Karelibaug_DPC (Gujarat),Surat_HUB (Gujarat)
IND413501AAA>IND413401AAA,21,1.4257703081232493,1.4285714285714286,14.761904761904763,Osmanabad_Kakdepot_D (Maharashtra),Barshi_Kurduwdi_D (Maharashtra)
IND842001AAA>IND848114AAA,20,2.2968352558414673,2.2270408163265305,62.45,Muzaffrpur_Bbganj_I (Bihar),DalsinghSarai_Wardno13_D (Bihar)
IND581115AAC>IND581110AAE,20,1.844320512820513,1.7307692307692308,21.1,Ranebennur_SriRmNGR_D (Karnataka),Haveri_GuttalRD_D (Karnataka)
IND209304AAA>IND209801AAA,20,2.6368391573649523,2.25,64.6,Kanpur_Central_H_6 (Uttar Pradesh),Unnao_VikasRam_D (Uttar Pradesh)
IND261001AAA>IND262701AAA,20,2.5575896803371365,2.4141843971631207,71.65,Sitapur_Chowk_D (Uttar Pradesh),Lakhimpur_Maheva_D (Uttar Pradesh)
IND382430AAB>IND384205AAA,20,2.1116474089635853,1.5297619047619047,94.2,Ahmedabad_East_H_1 (Gujarat),Mehsana_Panchot_IP (Gujarat)
IND402109AAA>IND402301AAA,20,1.999017242265392,1.903985507246377,47.2,Roha_DataSagr_D (Maharashtra),Mahad_Govndsgr_D (Maharashtra)
IND842001AAA>IND843105AAB,20,2.907720588235294,2.84375,30.75,Muzaffrpur_Bbganj_I (Bihar),Dholi_WardNo4_D (Bihar)
IND400102AAB>IND421302AAG,20,3.7789037753588643,2.0574074074074074,82.1,Mumbai_Jogeshwri_L (Maharashtra),Bhiwandi_Mankoli_HB (Maharashtra)
IND421302AAG>IND444005AAB,20,2.3884222573395206,2.381195024605727,543.95,Bhiwandi_Mankoli_HB (Maharashtra),Akola_Gaurkshn_I (Maharashtra)
IND411033AAA>IND403726AAA,20,2.069045348661003,2.048906129912808,415.85,Pune_Tathawde_H (Maharashtra),Goa_Hub (Goa)
IND585104AAA>IND585330AAE,20,1.819254799841867,1.8372093023255813,34.7,Gulbarga_Nehrugnj_I (Karnataka),Humnabad_EBroad_D (Karnataka)
IND641607AAA>IND641062AAD,20,2.794872212511256,2.9065628476084537,50.15,Tirupur_Koliplm_I (Tamil Nadu),Coimbatore_Karayam_H (Tamil Nadu)
IND244235AAA>IND244901AAB,20,1.0246222854339644,0.8883495145631068,2.55,Gajraula_JawaharN_D (Uttar Pradesh),Rampur_RoshnBgh_I (Uttar Pradesh)
IND000000AFJ>IND695121AAA,20,1.0938404558404557,1.08,2.4,Trivandrum_Pettah_D (Kerala),Neyatinkra_Arlumodu_D (Kerala)
IND843105AAB>IND848101AAA,20,2.4253970152654363,2.025,29.3,Dholi_WardNo4_D (Bihar),Samastipur_Haripur_D (Bihar)
IND843301AAA>IND843320AAA,20,2.4069038461538463,2.6,35.4,Sitamari_Durma_D (Bihar),Pupri_SngihiRD_D (Bihar)
IND000000ACB>IND302022AAD,20,1.8107618972189379,1.6913702007749207,136.35,Gurgaon_Bilaspur_HB (Haryana),Jaipur_RIICO_L (Rajasthan)
IND395023AAA>IND562132AAA,20,1.9405448959125375,1.94386499574679,811.95,Surat_HUB (Gujarat),Bangalore_Nelmngla_H (Karnataka)
IND244901AAB>IND244221AAA,20,1.1083063325347426,0.9802436125965538,11.0,Rampur_RoshnBgh_I (Uttar Pradesh),Amroha_SamitiRd_D (Uttar Pradesh)
IND532201AAA>IND532222AAA,20,1.874343685300207,1.72,21.05,Tekkali_AmvdiDPP_D (Andhra Pradesh),Palasa_Central_DPP_1 (Andhra Pradesh)
IND560078AAC>IND560099AAB,20,3.4356593979374304,3.54,52.05,BLR_JPNagar_Pc (Karnataka),Bengaluru_Bomsndra_HB (Karnataka)
IND695101AAB>IND691574AAA,20,1.2108218415571357,1.2583333333333333,3.15,Attingal_Central_D_2 (Kerala),Kalluvathukal_Pariplly_D (Kerala)
IND562132AAA>IND560058AAB,20,1.8119800420168066,1.8936651583710407,12.5,Bangalore_Nelmngla_H (Karnataka),Bengaluru_Peenya_IP (Karnataka)
IND444005AAB>IND421302AAG,20,2.290647543421398,2.306996248068859,506.55,Akola_Gaurkshn_I (Maharashtra),Bhiwandi_Mankoli_HB (Maharashtra)
IND845305AAA>IND842001AAA,20,5.357871563573883,5.838541666666666,418.8,Raxaul_KairiyaT_D (Bihar),Muzaffrpur_Bbganj_I (Bihar)
IND500080AAB>IND501359AAE,20,5.601190476190476,2.7954545454545454,98.25,Hyderabad_Chikdply_I (Telangana),Hyderabad_Shamshbd_H (Telangana)
IND503111AAC>IND503185AAA,20,1.851280290388825,1.8166666666666669,51.35,Kamareddy_Devenply_I (Telangana),Bodhan_SuryaDPP_D (Telangana)
IND535558AAA>IND535501AAB,20,1.6435347261434217,1.565217391304348,14.95,Bobbili_ColegRd_D (Andhra Pradesh),Parvathipuram_Central_D_2 (Andhra Pradesh)
IND262701AAA>IND262802AAA,20,2.314459815546772,2.1875,30.75,Lakhimpur_Maheva_D (Uttar Pradesh),Gola_BkgnRoad_D (Uttar Pradesh)
IND306401AAB>IND305001AAC,20,2.903881224302368,2.9311565696302124,233.55,Pali_Nayagaon_I (Rajasthan),Ajmer_FoySGRRD_I (Rajasthan)
IND532001AAB>IND532421AAA,20,2.8713772175536882,3.0,35.15,Srikakulam_Kuslpram_I (Andhra Pradesh),Narasnpeta_HudcoDPP_D (Andhra Pradesh)
IND560067AAC>IND562114AAA,20,2.970858585858586,2.7777777777777777,19.65,Bengaluru_Kadugodi_D (Karnataka),Hoskote_DC (Karnataka)
IND501359AAE>IND411033AAA,20,2.049111517496265,2.042466068093521,469.4,Hyderabad_Shamshbd_H (Telangana),Pune_Tathawde_H (Maharashtra)
IND741126AAB>IND741156AAA,20,2.6973406862745097,2.5588235294117645,27.9,Nakashipara_MaxDPP_D (West Bengal),Plassey_BtaiRoad_D (West Bengal)
IND501359AAE>IND462022AAA,20,2.095631887303382,2.0983676339946697,673.05,Hyderabad_Shamshbd_H (Telangana),Bhopal_Trnsport_H (Madhya Pradesh)
IND506002AAA>IND506132AAA,20,1.209937443204839,1.1265873015873016,7.3,Warangal_HunterRd_I (Telangana),Khanpur_Nrsampt_D (Telangana)
IND503187AAA>IND503122AAA,20,1.602583943833944,1.5384615384615385,15.85,Banswada_Menagrdn_D (Telangana),Yellareddy_JKRoad_D (Telangana)
IND203390AAA>IND201301AAF,20,3.0683634533010222,2.5958440721649483,201.9,Anupshahar_DcntCLY_D (Uttar Pradesh),Noida_Sec 02_DPC (Uttar Pradesh)
IND206001AAA>IND000000ACB,20,1.9741672399754175,1.9594093910491561,227.4,Etawah_MhraChng_D (Uttar Pradesh),Gurgaon_Bilaspur_HB (Haryana)
IND140901AAA>IND160055AAA,20,1.8492885872297637,1.7857142857142858,12.6,Chandigarh_Mullanpr_DC (Chandigarh),Chandigarh_Mohali (Chandigarh)
IND691551AAA>IND691001AAB,20,3.977669435379977,2.431578947368421,117.15,Adoor_Town_D (Kerala),Kollam_Central_H_1 (Kerala)
IND691506AAA>IND691305AAA,20,1.590166570615487,1.5278637770897832,11.25,Kottarakkara_Amankovl_D (Kerala),Punalur_PostofJN_D (Kerala)
IND461111AAA>IND460001AAA,20,1.870306716023268,1.8782390269698572,53.6,Itarsi_DivrsnRd_D (Madhya Pradesh),Betul_PatelWrd_D (Madhya Pradesh)
IND122001AAA>IND000000ACB,20,1.702705692227751,1.7235521235521234,24.3,GGN_DPC (Haryana),Gurgaon_Bilaspur_HB (Haryana)
IND560300AAA>IND560002AAA,20,1.3329687102113572,1.1176470588235294,10.95,Bengaluru_KGAirprt_HB (Karnataka),Bengaluru_KHRoad_I (Karnataka)
IND431136AAC>IND431001AAA,20,7.039949494949495,3.111111111111111,61.15,Aurangabad_Central_H_1 (Maharashtra),Aurangabad (Maharashtra)
IND140901AAA>IND160002AAC,20,1.7877264492753624,1.8390379278445885,37.05,Chandigarh_Mullanpr_DC (Chandigarh),Chandigarh_Mehmdpur_H (Punjab)
IND209304AAA>IND206122AAA,20,1.6586335957459908,1.6274509803921569,32.6,Kanpur_Central_H_6 (Uttar Pradesh),Auraiya_AryaNagr_D (Uttar Pradesh)
IND517583AAA>IND516101AAA,19,2.1739753233685506,2.1458333333333335,55.63157894736842,Puttur_Artmclny_D (Andhra Pradesh),Koduru_MGRoad_D (Andhra Pradesh)
IND852113AAA>IND852139AAB,19,2.9859366783737493,2.7916666666666665,50.0,Madhepura_Krishnpr_D (Bihar),Triveninganj_Central_D_1 (Bihar)
IND302014AAB>IND302023AAA,19,2.841810847328431,2.736842105263158,40.73684210526316,Jaipur_Central_I_7 (Rajasthan),Ambabadi_DC (Rajasthan)
IND261201AAB>IND261001AAA,19,2.7589159849771057,2.6451612903225805,56.68421052631579,Biswan_PatelNGR_D (Uttar Pradesh),Sitapur_Chowk_D (Uttar Pradesh)
IND140001AAA>IND140118AAA,19,1.749176584509402,1.7575757575757576,24.894736842105264,RoopNagar_ChotiHvl_DC (Punjab),AnandprShb_PnjPiara_D (Punjab)
IND000000ACB>IND842001AAA,19,2.0498120571104383,2.0474254742547426,774.2105263157895,Gurgaon_Bilaspur_HB (Haryana),Muzaffrpur_Bbganj_I (Bihar)
IND847103AAA>IND847404AAB,19,2.124362721095804,2.0,36.05263157894737,Benipur_Javahar_D (Bihar),Jhanjharpur_Nagar_D (Bihar)
IND842001AAA>IND854326AAB,19,1.98102074921,1.9019607843137254,199.6315789473684,Muzaffrpur_Bbganj_I (Bihar),Purnia_Central_H_2 (Bihar)
IND523230AAA>IND523105AAA,19,1.423022792642869,1.3829787234042554,18.68421052631579,Kanigiri_Tiglgndi_D (Andhra Pradesh),Kandukur_LICOffce_D (Andhra Pradesh)
IND517501AAB>IND517583AAA,19,2.179819313240366,2.1538461538461537,30.210526315789473,Tirupati_Balajicly_I (Andhra Pradesh),Puttur_Artmclny_D (Andhra Pradesh)
IND523105AAA>IND524201AAA,19,1.31875670194522,1.3076923076923077,12.947368421052632,Kandukur_LICOffce_D (Andhra Pradesh),Kavali_Kacheri_D (Andhra Pradesh)
IND302020AAA>IND302014AAB,19,4.896996278575226,5.75,43.63157894736842,Jaipur_VarunCly_DC (Rajasthan),Jaipur_Central_I_7 (Rajasthan)
IND302014AAB>IND302026AAA,19,3.926434542590645,4.705882352941177,51.78947368421053,Jaipur_Central_I_7 (Rajasthan),Jaipur_Bhankrot_DC (Rajasthan)
IND509203AAA>IND509301AAA,19,1.5167024584873556,1.5,13.210526315789474,Bijnapally_nagar_D (Telangana),Jadcherla_Badeplly_D (Telangana)
IND560060AAB>IND562132AAA,19,2.0470390380846446,1.7333333333333334,30.736842105263158,Bengaluru_Kengeri_IP (Karnataka),Bangalore_Nelmngla_H (Karnataka)
IND695582AAA>IND695101AAB,19,1.306699555212141,1.1428571428571428,6.947368421052632,Kazhakkoottam_Rdiosttn_D (Kerala),Attingal_Central_D_2 (Kerala)
IND506132AAA>IND122001AAJ,19,1.8707873101393668,1.8235294117647058,30.0,Khanpur_Nrsampt_D (Telangana),Mahbubabad_Yellanda_D (Telangana)
IND503122AAA>IND502110AAA,19,1.685505727333982,1.5526315789473684,25.210526315789473,Yellareddy_JKRoad_D (Telangana),Medak_Dwaraka_D (Telangana)
IND503185AAA>IND503187AAA,19,1.5648148148148149,1.5,15.526315789473685,Bodhan_SuryaDPP_D (Telangana),Banswada_Menagrdn_D (Telangana)
IND501359AAE>IND500008AAC,19,1.8606936922726398,1.8571428571428572,18.36842105263158,Hyderabad_Shamshbd_H (Telangana),Hyderabad_Tolichwk_I (Telangana)
IND731301AAA>IND713205AAB,19,2.1027365654633727,1.943661971830986,78.42105263157895,Nanoor_Central_DPP_1 (West Bengal),Durgapur_Central_I_1 (West Bengal)
IND201301AAF>IND203205AAA,19,2.1068684482901565,2.0,49.8421052631579,Noida_Sec 02_DPC (Uttar Pradesh),Sikandrabd_GTRoad_D (Uttar Pradesh)
IND500008AAF>IND500039AAC,19,3.6065519190132194,3.357142857142857,41.10526315789474,Hyderabad_South_D_4 (Telangana),Hyderabad_Uppal_I (Telangana)
IND502110AAA>IND502313AAA,19,1.4167761746709115,1.3714285714285714,15.052631578947368,Medak_Dwaraka_D (Telangana),Narsapur_Xroad_D (Telangana)
IND140301AAA>IND140901AAA,19,2.1206766917293236,2.066666666666667,16.473684210526315,Chandigarh_Kharar_DC (Chandigarh),Chandigarh_Mullanpr_DC (Chandigarh)
IND143001AAA>IND144001AAB,19,2.3070875803758715,2.272727272727273,82.73684210526316,Amritsar_DPC (Punjab),Jalandhar_DPC (Punjab)
IND206122AAA>IND206001AAA,19,1.4722960660708664,1.4893617021276595,22.63157894736842,Auraiya_AryaNagr_D (Uttar Pradesh),Etawah_MhraChng_D (Uttar Pradesh)
IND515761AAA>IND515004AAA,19,1.8203978152425229,1.7735849056603774,44.1578947368421,Kalyandurg_Shankrpa_D (Andhra Pradesh),Anantapur_KamaStrt_I (Andhra Pradesh)
IND509001AAA>IND509203AAA,19,1.5692841729993432,1.542857142857143,19.263157894736842,Mahabubnagar_DC (Telangana),Bijnapally_nagar_D (Telangana)
IND401209AAB>IND421302AAH,19,2.8130727330804732,2.7058823529411766,60.473684210526315,Mumbai_Vasai_CP (Maharashtra),Bhiwandi_Mankoli_GW (Maharashtra)
IND413401AAA>IND411033AAA,19,2.1445304189458128,2.134831460674157,200.6315789473684,Barshi_Kurduwdi_D (Maharashtra),Pune_Tathawde_H (Maharashtra)
IND577002AAA>IND581115AAC,19,2.4450020583531504,2.357142857142857,42.421052631578945,Davangere_Central_I_1 (Karnataka),Ranebennur_SriRmNGR_D (Karnataka)
IND591123AAC>IND587103AAB,19,1.6964979831975568,1.7058823529411764,36.0,Ramdurg_GndhiNGR_D (Karnataka),Bagalkot_Sector4_D (Karnataka)
IND131028AAB>IND244001AAA,19,2.4550592664730386,1.9440993788819876,231.1578947368421,Sonipat_Kundli_H (Haryana),Moradabad_DC (Uttar Pradesh)
IND421302AAG>IND110037AAM,19,2.101789561470151,2.0813492063492065,1109.578947368421,Bhiwandi_Mankoli_HB (Maharashtra),Delhi_Airport_H (Delhi)
IND521301AAA>IND521001AAA,19,1.9638183631776307,1.8461538461538463,24.473684210526315,Gudivada_GvrCompx_D (Andhra Pradesh),Machilipatnam_DC (Andhra Pradesh)
IND521225AAB>IND521301AAA,19,2.0856853610493027,1.7333333333333334,48.68421052631579,Vijayawada_Rynapadu_H (Andhra Pradesh),Gudivada_GvrCompx_D (Andhra Pradesh)
IND522647AAA>IND523201AAA,19,1.5390505675954593,1.56,27.105263157894736,Vinukonda_Kothapet_D (Andhra Pradesh),Addanki_Oilmilrd_D (Andhra Pradesh)
IND507111AAA>IND507117AAB,19,1.7397250156562403,1.6875,22.894736842105264,Bhadrachalam_ITDARd_D (Telangana),Manuguru_AskNagar_D (Telangana)
IND532421AAA>IND532201AAA,19,2.074857710229227,2.0,20.736842105263158,Narasnpeta_HudcoDPP_D (Andhra Pradesh),Tekkali_AmvdiDPP_D (Andhra Pradesh)
IND152026AAA>IND000000ACA,19,4.528432295343426,4.533333333333333,426.4736842105263,Muktsar_DPC (Punjab),Ludhiana_MilrGanj_HB (Punjab)
IND580028AAA>IND591123AAC,18,2.886023106707569,1.9252873563218391,164.22222222222223,Hubli_Adargchi_IP (Karnataka),Ramdurg_GndhiNGR_D (Karnataka)
IND812002AAA>IND813203AAA,18,4.620746805529414,3.8903162055335967,81.27777777777777,Bhagalpur_Pbroad_DC (Bihar),Kahalgaon_NdiaTola_D (Bihar)
IND421302AAG>IND382430AAB,18,2.114321611555743,2.068408979190562,398.6666666666667,Bhiwandi_Mankoli_HB (Maharashtra),Ahmedabad_East_H_1 (Gujarat)
IND402107AAA>IND402109AAA,18,2.319723174926873,2.283333333333333,39.77777777777778,Pen_BljiMrkt_D (Maharashtra),Roha_DataSagr_D (Maharashtra)
IND788026AAC>IND781018AAB,18,2.4253008003207803,2.398080125379567,347.6111111111111,Silchar_Sirikona_H (Assam),Guwahati_Hub (Assam)
IND209304AAA>IND209206AAB,18,0.870471197149963,0.7982456140350878,-7.5,Kanpur_Central_H_6 (Uttar Pradesh),Ghatampur_StatinRD_D (Uttar Pradesh)
IND583101AAA>IND583201AAA,18,2.7364911838084827,2.746376811594203,80.05555555555556,Bellary_Dc (Karnataka),Hospet (Karnataka)
IND582101AAB>IND580028AAA,18,2.9905620081999977,2.9035615171137836,91.61111111111111,Gadag_Cdosclrd_D (Karnataka),Hubli_Adargchi_IP (Karnataka)
IND585222AAA>IND585307AAB,18,1.5687872420328561,1.5270270270270272,20.833333333333332,Sedam_DBRCmplx_D (Karnataka),Chincholi_Mainroad_D (Karnataka)
IND742303AAB>IND741165AAB,18,3.0690029942222927,3.187055476529161,77.16666666666667,Domkal_Central_D_2 (West Bengal),Nazirpur_Central_D_1 (West Bengal)
IND273014AAB>IND277303AAC,18,2.0102013436637782,1.98,101.72222222222223,Gorakhpur_Matriprm_IP (Uttar Pradesh),Sikandarpur_Central_D_3 (Uttar Pradesh)
IND282001AAF>IND283122AAB,18,2.407285575048733,2.2441520467836256,26.61111111111111,Agra_Central_D_3 (Uttar Pradesh),Kirauli_AchneraRD_D (Uttar Pradesh)
IND249407AAA>IND249201AAA,18,2.164255804412393,1.8397435897435899,30.72222222222222,Haridwar (Uttarakhand),Rishikesh_DC (Uttarakhand)
IND854326AAB>IND000000ACB,18,2.1907736631050714,2.1855343803149268,1107.1666666666667,Purnia_Central_H_2 (Bihar),Gurgaon_Bilaspur_HB (Haryana)
IND382715AAA>IND382430AAB,18,2.114601994790674,1.981818181818182,60.27777777777778,Kadi_KaranNGR_D (Gujarat),Ahmedabad_East_H_1 (Gujarat)
IND249407AAA>IND131028AAB,18,2.7933696038290785,2.733867930450066,320.0,Haridwar (Uttarakhand),Sonipat_Kundli_H (Haryana)
IND249407AAA>IND246149AAA,18,2.6555004050678326,2.4596491228070176,94.88888888888889,Haridwar (Uttarakhand),Kotdwara_Nzbadrd_D (Uttarakhand)
IND380006AAA>IND382430AAB,18,2.480246913580247,2.090909090909091,15.11111111111111,Ahmedabad_Paldi_D (Gujarat),Ahmedabad_East_H_1 (Gujarat)
IND390022AAA>IND388320AAA,18,2.0821700996605212,2.039230769230769,28.555555555555557,Vadodara_Karelibaug_DPC (Gujarat),Anand_Vaghasi_IP (Gujarat)
IND384205AAA>IND382715AAA,18,1.5535818713450291,1.4935897435897436,21.88888888888889,Mehsana_Panchot_IP (Gujarat),Kadi_KaranNGR_D (Gujarat)
IND000000ACB>IND462022AAA,18,1.8419531931907487,1.8545841853631164,495.27777777777777,Gurgaon_Bilaspur_HB (Haryana),Bhopal_Trnsport_H (Madhya Pradesh)
IND000000ACB>IND821115AAB,18,2.0568239767135204,2.0533625066393597,682.7777777777778,Gurgaon_Bilaspur_HB (Haryana),Sasaram_Central_I_2 (Bihar)
IND000000ADV>IND600044AAC,18,2.109238624589502,2.0533428165007113,41.166666666666664,Chennai_Mdhavram_C (Tamil Nadu),Chennai_Chrompet_PC (Tamil Nadu)
IND591102AAA>IND591307AAC,18,2.0587425349990593,1.976467331118494,45.166666666666664,Bailhongal_NamoNagr_D (Karnataka),Gokak_Bsavangr_D (Karnataka)
IND411033AAA>IND000000ACB,18,1.7404073826067192,1.7198479500407275,751.0555555555555,Pune_Tathawde_H (Maharashtra),Gurgaon_Bilaspur_HB (Haryana)
IND395023AAA>IND110037AAM,18,1.8645208056497968,1.8358147896495103,727.2222222222222,Surat_HUB (Gujarat),Delhi_Airport_H (Delhi)
IND177033AAA>IND160002AAC,18,2.841844543012576,2.886503443374262,372.55555555555554,Nadaun_Ward6_D (Himachal Pradesh),Chandigarh_Mehmdpur_H (Punjab)
IND741123AAB>IND741126AAB,18,2.4846170033670036,2.4157196969696972,47.72222222222222,Chapra_NagarDPP_D (West Bengal),Nakashipara_MaxDPP_D (West Bengal)
IND201304AAA>IND201301AAF,18,2.4725885225885227,2.2225274725274726,20.27777777777778,Noida_Sec-83_DC (Uttar Pradesh),Noida_Sec 02_DPC (Uttar Pradesh)
IND501359AAE>IND500050AAA,18,2.0372016347266624,1.8060344827586206,30.11111111111111,Hyderabad_Shamshbd_H (Telangana),Patancheru_Ameenpur_I (Telangana)
IND209304AAA>IND208019AAA,18,4.999022201473182,4.80625,62.94444444444444,Kanpur_Central_H_6 (Uttar Pradesh),Kanpur_Rawatpur_D (Uttar Pradesh)
IND560300AAA>IND560085AAA,18,1.586213471131411,1.4324324324324325,21.944444444444443,Bengaluru_KGAirprt_HB (Karnataka),Bengaluru_Banshkri_DC (Karnataka)
IND562132AAA>IND560048AAB,18,2.1160524749099845,2.12530487804878,43.666666666666664,Bangalore_Nelmngla_H (Karnataka),Bengaluru_Hoodi_IP (Karnataka)
IND562132AAA>IND560085AAA,18,2.325625879136725,1.95,39.111111111111114,Bangalore_Nelmngla_H (Karnataka),Bengaluru_Banshkri_DC (Karnataka)
IND142026AAA>IND141109AAA,18,1.4349322380024134,1.436904761904762,15.444444444444445,Jagraon_DC (Punjab),Raikot_DC (Punjab)
IND141109AAA>IND000000ACA,18,1.4046106645925158,1.2916666666666665,22.833333333333332,Raikot_DC (Punjab),Ludhiana_MilrGanj_HB (Punjab)
IND431001AAB>IND431136AAC,18,3.788403263403263,3.2613636363636367,30.055555555555557,Aurangabad_Pratpngr_D (Maharashtra),Aurangabad_Central_H_1 (Maharashtra)
IND423701AAB>IND422011AAD,18,2.3149917939885123,2.2550154320987654,103.66666666666667,Vaijiapur_YeolaRD_D (Maharashtra),Nashik_TgrniaRD_I (Maharashtra)
IND151506AAA>IND151001AAA,18,1.784274141174314,1.3705985915492958,58.666666666666664,Jhunir_BhaRDDPP_D (Punjab),Bhatinda_DPC (Punjab)
IND110037AAM>IND421302AAG,18,2.04111663995264,1.9914744232698096,1038.388888888889,Delhi_Airport_H (Delhi),Bhiwandi_Mankoli_HB (Maharashtra)
IND712310AAE>IND711303AAA,18,2.6519201744169654,2.402439024390244,65.5,Kolkata_North_I_4 (West Bengal),Bagnan_Harop_D (West Bengal)
IND533003AAA>IND533401AAA,18,1.986966739105962,1.939209726443769,47.27777777777778,Kakinada_DC (Andhra Pradesh),Tuni_Eaglvari_D (Andhra Pradesh)
IND515401AAB>IND515801AAA,18,2.657257184187962,2.4347826086956523,35.611111111111114,Gooty_StatonRd_D (Andhra Pradesh),Guntakal_Verpatem_D (Andhra Pradesh)
IND160002AAC>IND142001AAB,18,1.8426237105768832,1.8360875706214688,100.88888888888889,Chandigarh_Mehmdpur_H (Punjab),Moga_DPC (Punjab)
IND507117AAB>IND507303AAA,18,2.136870285962194,1.9780855539971949,105.61111111111111,Manuguru_AskNagar_D (Telangana),Sathupally_VidyaNGR_D (Telangana)
IND507303AAA>IND507002AAA,18,2.8449991420751655,2.4685185185185183,101.11111111111111,Sathupally_VidyaNGR_D (Telangana),Khammam_NSTRoad_I (Telangana)
IND560002AAA>IND560099AAB,18,2.8826392745881684,2.625,39.22222222222222,Bengaluru_KHRoad_I (Karnataka),Bengaluru_Bomsndra_HB (Karnataka)
IND515801AAA>IND515865AAB,18,1.6311066398193481,1.565700104493208,55.333333333333336,Guntakal_Verpatem_D (Andhra Pradesh),Rayadurgam_RailGate_D (Andhra Pradesh)
IND524201AAA>IND523002AAA,18,1.6487788828888261,1.1702898550724639,42.666666666666664,Kavali_Kacheri_D (Andhra Pradesh),Ongole_SubhVRTL_I (Andhra Pradesh)
IND160002AAC>IND173212AAA,18,2.166544206184849,2.1426985370950886,102.88888888888889,Chandigarh_Mehmdpur_H (Punjab),Solan_MohanPrk_D (Himachal Pradesh)
IND000000AAL>IND411033AAA,18,3.1288671858871133,2.6950000000000003,60.22222222222222,Pune_PC (Maharashtra),Pune_Tathawde_H (Maharashtra)
IND518002AAA>IND518501AAA,18,1.5336586718253482,1.5259216589861753,30.22222222222222,Kurnool_AbbasNgr_I (Andhra Pradesh),Nandyal_SrnvsNgr_D (Andhra Pradesh)
IND515865AAB>IND515761AAA,18,1.6864535815140653,1.696969696969697,22.11111111111111,Rayadurgam_RailGate_D (Andhra Pradesh),Kalyandurg_Shankrpa_D (Andhra Pradesh)
IND516101AAA>IND516115AAA,18,2.6002045177045177,2.479166666666667,40.27777777777778,Koduru_MGRoad_D (Andhra Pradesh),Rajampet_RSRoad_D (Andhra Pradesh)
IND302014AAB>IND302020AAA,18,2.508948458948459,2.041666666666667,17.38888888888889,Jaipur_Central_I_7 (Rajasthan),Jaipur_VarunCly_DC (Rajasthan)
IND306401AAB>IND342005AAD,18,1.910817959424082,1.68657937806874,49.166666666666664,Pali_Nayagaon_I (Rajasthan),Jodhpur_Basni_I (Rajasthan)
IND305601AAC>IND305001AAC,18,2.0238453630610493,1.9575163398692812,34.666666666666664,Nasirabad_Central_DPP_2 (Rajasthan),Ajmer_FoySGRRD_I (Rajasthan)
IND847404AAB>IND842001AAA,18,8.397030635100812,8.433677098150781,560.3333333333334,Jhanjharpur_Nagar_D (Bihar),Muzaffrpur_Bbganj_I (Bihar)
IND852111AAA>IND854326AAB,17,3.964117046001824,4.0843373493975905,246.0,Simrahi_Bazar_D (Bihar),Purnia_Central_H_2 (Bihar)
IND848210AAA>IND851127AAA,17,2.0132576999584675,1.8461538461538463,26.352941176470587,Rusera_Wardno4_D (Bihar),Manjhaul_Purbari_D (Bihar)
IND852201AAA>IND852113AAA,17,3.887584987555394,3.75,48.94117647058823,Saharsa_Gangjala_D (Bihar),Madhepura_Krishnpr_D (Bihar)
IND305001AAC>IND305901AAA,17,2.792508738460073,2.0232558139534884,82.0,Ajmer_FoySGRRD_I (Rajasthan),Beawar_DC (Rajasthan)
IND306401AAB>IND302014AAA,17,1.9717679802786146,1.9587155963302751,209.2941176470588,Pali_Nayagaon_I (Rajasthan),Jaipur_Hub (Rajasthan)
IND313001AAB>IND306401AAB,17,2.0612427517162613,2.0492957746478875,149.35294117647058,Udaipur_Mangri_I (Rajasthan),Pali_Nayagaon_I (Rajasthan)
IND263153AAB>IND131028AAB,17,2.0205832813466933,2.017543859649123,232.05882352941177,Rudrapur_UdhamNgr_H (Uttarakhand),Sonipat_Kundli_H (Haryana)
IND516115AAA>IND517501AAB,17,2.399674483847907,2.227272727272727,93.52941176470588,Rajampet_RSRoad_D (Andhra Pradesh),Tirupati_Balajicly_I (Andhra Pradesh)
IND533401AAA>IND533106AAA,17,2.3063516397567874,2.2739726027397262,90.0,Tuni_Eaglvari_D (Andhra Pradesh),Rajamundry_AtoNgrRd_I (Andhra Pradesh)
IND532440AAA>IND532001AAB,17,1.564739617990392,1.5277777777777777,20.764705882352942,Palakonda_VadaiDPP_D (Andhra Pradesh),Srikakulam_Kuslpram_I (Andhra Pradesh)
IND151001AAA>IND151302AAA,17,0.7947230674633831,0.7804878048780488,-8.470588235294118,Bhatinda_DPC (Punjab),TalwandiSabo_Wardno3_D (Punjab)
IND560048AAB>IND562132AAA,17,2.374652456385543,1.8936170212765957,62.94117647058823,Bengaluru_Hoodi_IP (Karnataka),Bangalore_Nelmngla_H (Karnataka)
IND560099AAB>IND560085AAA,17,2.6195327017846872,2.0833333333333335,33.470588235294116,Bengaluru_Bomsndra_HB (Karnataka),Bengaluru_Banshkri_DC (Karnataka)
IND501359AAE>IND509358AAA,17,1.9509325097560393,1.5555555555555556,25.58823529411765,Hyderabad_Shamshbd_H (Telangana),Kadthal_GndhiDPP_D (Telangana)
IND506002AAA>IND506143AAA,17,1.9966037798518617,2.0,21.235294117647058,Warangal_HunterRd_I (Telangana),Ghanpur_Palakrty_D (Telangana)
IND535501AAB>IND532440AAA,17,1.5346527858122399,1.5,22.58823529411765,Parvathipuram_Central_D_2 (Andhra Pradesh),Palakonda_VadaiDPP_D (Andhra Pradesh)
IND515004AAA>IND501359AAE,17,1.7516508503662913,1.7407407407407407,182.8235294117647,Anantapur_KamaStrt_I (Andhra Pradesh),Hyderabad_Shamshbd_H (Telangana)
IND175001AAA>IND175101AAA,17,2.006316394727693,1.9726027397260273,74.76470588235294,Mandi_PlaceCol_D (Himachal Pradesh),Kullu_AkhraBzr_D (Himachal Pradesh)
IND711303AAA>IND721134AAB,17,0.9239573798397328,0.8333333333333334,-2.8823529411764706,Bagnan_Harop_D (West Bengal),Kolaghat_Central_DPP_2 (West Bengal)
IND515004AAA>IND515401AAB,17,1.846261976519471,1.763157894736842,33.411764705882355,Anantapur_KamaStrt_I (Andhra Pradesh),Gooty_StatonRd_D (Andhra Pradesh)
IND174307AAA>IND176041AAA,17,1.170719579998044,1.0769230769230769,9.294117647058824,Bangana_Bhaleti_D (Himachal Pradesh),Bhota_BpassDPP_D (Himachal Pradesh)
IND501359AAE>IND509001AAA,17,1.6886511063755645,1.5357142857142858,38.76470588235294,Hyderabad_Shamshbd_H (Telangana),Mahabubnagar_DC (Telangana)
IND695121AAA>IND695572AAB,17,1.7487835693718046,1.7333333333333334,10.058823529411764,Neyatinkra_Arlumodu_D (Kerala),Kallikkad_Mutyvila_D (Kerala)
IND454001AAA>IND457001AAA,17,1.3246693638299718,1.146067415730337,29.0,Dhar_Trimurti_D (Madhya Pradesh),Ratlam_Khjurwli_DC (Madhya Pradesh)
IND144001AAB>IND143001AAA,17,1.5467982023824234,1.5,34.8235294117647,Jalandhar_DPC (Punjab),Amritsar_DPC (Punjab)
IND577598AAB>IND573142AAA,17,2.115447001010197,1.896551724137931,63.05882352941177,Madikeri_MuthpTmp_D (Karnataka),Ramanathapura_Central_D_2 (Karnataka)
IND573142AAA>IND573201AAB,17,2.0560490592998333,1.8157894736842106,41.0,Ramanathapura_Central_D_2 (Karnataka),Hassan_Pandrnga_I (Karnataka)
IND421502AAA>IND421302AAR,17,3.654611041844697,3.2941176470588234,43.1764705882353,Mumbai_Ambernath_Dc (Maharashtra),Mumbai_East_I_21 (Maharashtra)
IND642126AAA>IND642001AAA,17,1.4006337379223102,1.3870967741935485,12.235294117647058,Udumalpet_Artclgrd_D (Tamil Nadu),Pollachi_Venkatsa_DC (Tamil Nadu)
IND144401AAB>IND144001AAB,17,2.099641371700195,1.9166666666666667,11.294117647058824,Phagwara_Lovely_D (Punjab),Jalandhar_DPC (Punjab)
IND673506AAA>IND670643AAA,17,1.4449523822549246,1.4583333333333333,10.0,Kallachi_ZamQuatr_D (Kerala),Kuthuparamba_IdstrlAr_D (Kerala)
IND713148AAA>IND713128AAB,17,2.739973636513429,2.638888888888889,61.470588235294116,Panagarh_Central_D_1 (West Bengal),Guskhara_Itachnda_D (West Bengal)
IND713130AAA>IND741123AAB,17,2.1869064962814964,2.09375,76.17647058823529,Katwa_BSarani_D (West Bengal),Chapra_NagarDPP_D (West Bengal)
IND673104AAA>IND673506AAA,17,1.80859685979655,1.7142857142857142,13.294117647058824,Vadakara_Mandodi_D (Kerala),Kallachi_ZamQuatr_D (Kerala)
IND462042AAA>IND462022AAA,17,5.170483193277311,4.9,83.47058823529412,Bhopal_Kolar Mandakni (Madhya Pradesh),Bhopal_Trnsport_H (Madhya Pradesh)
IND140118AAA>IND160002AAC,17,1.6188271982389628,1.6,64.70588235294117,AnandprShb_PnjPiara_D (Punjab),Chandigarh_Mehmdpur_H (Punjab)
IND421302AAR>IND421301AAA,17,4.46779560308972,4.0,36.1764705882353,Mumbai_East_I_21 (Maharashtra),Mumbai_Kalyan West _Dc (Maharashtra)
IND209101AAA>IND209111AAA,17,1.0674542534250995,0.8863636363636364,-3.1176470588235294,Akbarpur_NehruNGR_D (Uttar Pradesh),Pukhrayan_Arulimod_D (Uttar Pradesh)
IND680104AAA>IND679576AAA,17,1.5398307990610423,1.4705882352941178,17.529411764705884,Guruvayoor_ManhrBld_D (Kerala),Edappal_PonaniRD_D (Kerala)
IND500055AAC>IND501401AAC,17,2.5386192239133414,2.5384615384615383,16.705882352941178,Hyderabad_North_D_2 (Telangana),Medchal_MROoffce_D (Telangana)
IND473331AAA>IND473226AAA,17,8.100854204473544,2.0609756097560976,572.0,Ashokngr_Bypassrd_D (Madhya Pradesh),Guna_Raghogrh_D (Madhya Pradesh)
IND401501AAA>IND401602AAA,17,2.228312409908671,2.076923076923077,31.705882352941178,Boisar_OstwlEmp_D (Maharashtra),Dahanu_KetyDPP_D (Maharashtra)
IND400701AAA>IND410206AAA,17,2.406772987832904,2.235294117647059,26.58823529411765,Mumbai_Ghansoli_DC (Maharashtra),Jasai_JNPT_D (Maharashtra)
IND401602AAA>IND401501AAA,17,8.041865902859817,7.3076923076923075,185.52941176470588,Dahanu_KetyDPP_D (Maharashtra),Boisar_OstwlEmp_D (Maharashtra)
IND627756AAA>IND626117AAA,17,1.714914624853773,1.6551724137931034,20.41176470588235,Sankaran_Kovil_D (Tamil Nadu),Rajpalayam_AshkTalk_D (Tamil Nadu)
IND224141AAB>IND224122AAA,17,3.125748194014448,2.8947368421052633,41.05882352941177,Gosainganj_Pakrela_D (Uttar Pradesh),Akbarpur_Auliyapr_D (Uttar Pradesh)
IND413002AAA>IND501359AAE,17,1.860626184443581,1.7695167286245352,231.7058823529412,Solapur_Central_I_2 (Maharashtra),Hyderabad_Shamshbd_H (Telangana)
IND742223AAA>IND742226AAA,17,1.7038002048014562,1.5227272727272727,31.647058823529413,Jangipur_Central_D_1 (West Bengal),Sagardighi_UtBzrDPP_D (West Bengal)
IND600044AAD>IND600056AAB,17,1.8838456103161985,1.8611111111111112,31.235294117647058,Chennai_Chrompet_DPC (Tamil Nadu),MAA_Poonamallee_HB (Tamil Nadu)
IND585104AAA>IND585211AAA,17,1.934112369096889,1.945945945945946,35.11764705882353,Gulbarga_Nehrugnj_I (Karnataka),Chittapur_GlbrgaRD_D (Karnataka)
IND585211AAA>IND585222AAA,17,1.6679411764705883,1.5,16.294117647058822,Chittapur_GlbrgaRD_D (Karnataka),Sedam_DBRCmplx_D (Karnataka)
IND585307AAB>IND585104AAA,17,5.083742381325401,4.432835820895522,272.1764705882353,Chincholi_Mainroad_D (Karnataka),Gulbarga_Nehrugnj_I (Karnataka)
IND781018AAB>IND110037AAM,17,2.5472694744100446,2.5298563869992443,2047.1764705882354,Guwahati_Hub (Assam),Delhi_Airport_H (Delhi)
IND813102AAA>IND812002AAA,17,2.1232424677187947,2.025,45.05882352941177,Banka_Wardno6_D (Bihar),Bhagalpur_Pbroad_DC (Bihar)
IND571432AAB>IND571426AAA,17,1.4851798407310255,1.3783783783783783,17.823529411764707,Nagamangala_MandyaRD_D (Karnataka),Krishnarajpet_MuruPost_D (Karnataka)
IND628801AAA>IND628204AAA,17,1.5186192123908386,1.4375,8.058823529411764,Eral_Busstand_D (Tamil Nadu),Tirchchndr_Shnmgprm_D (Tamil Nadu)
IND628204AAA>IND627657AAA,17,1.2962423993987837,1.2439024390243902,12.176470588235293,Tirchchndr_Shnmgprm_D (Tamil Nadu),Thisayanvilai_UdnkdiRD_D (Tamil Nadu)
IND396321AAA>IND396580AAB,17,1.8709055813649151,1.8666666666666667,27.58823529411765,Bilimora_DC (Gujarat),Vansda_CikhliRD_D (Gujarat)
IND000000ACB>IND382430AAB,17,1.8525462483075619,1.860759493670886,538.7647058823529,Gurgaon_Bilaspur_HB (Haryana),Ahmedabad_East_H_1 (Gujarat)
IND396191AAC>IND396232AAA,17,2.5605015082956264,2.6923076923076925,21.058823529411764,Vapi_IndEstat_I (Gujarat),Silvassa_Samrvrni_D (Dadra and Nagar Haveli)
IND614809AAA>IND610001AAA,17,2.2521040781942987,2.159090909090909,54.529411764705884,Pushpavanam_Thmpulam_D (Tamil Nadu),Thiruvarur_Bypasrd_D (Tamil Nadu)
IND621704AAA>IND621802AAA,17,2.0852864838927783,2.033333333333333,32.35294117647059,Ariyalur_Kmrajngr_D (Tamil Nadu),Jayamkondan_Chithbrm_D (Tamil Nadu)
IND411033AAA>IND000000AAL,17,3.1675874778081763,2.7037037037037037,58.411764705882355,Pune_Tathawde_H (Maharashtra),Pune_PC (Maharashtra)
IND638701AAA>IND641607AAA,17,2.290874159940656,2.2,30.11764705882353,Kangayam_Thvlrsrt_D (Tamil Nadu),Tirupur_Koliplm_I (Tamil Nadu)
IND642001AAA>IND641062AAD,17,1.5882861311493746,1.5789473684210527,33.76470588235294,Pollachi_Venkatsa_DC (Tamil Nadu),Coimbatore_Karayam_H (Tamil Nadu)
IND632006AAA>IND600056AAB,17,1.823631205837218,1.783132530120482,68.0,Vellore_GndhiNgr_IP (Tamil Nadu),MAA_Poonamallee_HB (Tamil Nadu)
IND641062AAD>IND642126AAA,17,1.7186496949590953,1.4794520547945205,53.11764705882353,Coimbatore_Karayam_H (Tamil Nadu),Udumalpet_Artclgrd_D (Tamil Nadu)
IND400064AAB>IND400072AAD,17,3.3311355311355313,3.076923076923077,32.05882352941177,Mumbai_MaladWest_CP (Maharashtra),Mumbai_Chndivli_PC (Maharashtra)
IND400072AAC>IND400011AAA,17,3.495439940682155,3.35,41.529411764705884,BOM_Sakinaka_RP (Maharashtra),LowerParel_CP (Maharashtra)
IND834002AAB>IND827013AAA,17,4.431009951713851,4.333333333333333,305.7647058823529,Ranchi_Hub (Jharkhand),Bokaro_KSClny_DC (Jharkhand)
IND000000AEL>IND000000ACB,17,2.6932395191919705,1.8448275862068966,98.23529411764706,Delhi_PunjabiB_L (Delhi),Gurgaon_Bilaspur_HB (Haryana)
IND131028AAB>IND136118AAA,17,2.1223771040030748,1.9893617021276595,107.05882352941177,Sonipat_Kundli_H (Haryana),Kurukshetra_DC (Haryana)
IND587103AAB>IND582209AAA,17,1.917508332064491,1.901639344262295,55.470588235294116,Bagalkot_Sector4_D (Karnataka),Rona_GadagRD_D (Karnataka)
IND625008AAA>IND626123AAA,17,1.855233093237295,1.8125,41.76470588235294,Madurai_Kappalur_H (Tamil Nadu),Sivakasi_Msstreet_DC (Tamil Nadu)
IND854335AAA>IND852111AAA,17,2.0413906739166254,2.15,20.647058823529413,Narpatganj_Central_DPP_1 (Bihar),Simrahi_Bazar_D (Bihar)
IND000000ACA>IND144001AAB,17,1.7131714306454793,1.6041666666666667,35.64705882352941,Ludhiana_MilrGanj_HB (Punjab),Jalandhar_DPC (Punjab)
IND249201AAA>IND249407AAA,17,11.06258558435029,7.88,266.3529411764706,Rishikesh_DC (Uttarakhand),Haridwar (Uttarakhand)
IND362720AAA>IND362560AAA,17,2.038392736404907,2.0,28.764705882352942,Kodinar_NCplxDPP_D (Gujarat),Una_Mamlatdr_DC (Gujarat)
IND395023AAD>IND395004AAB,17,2.6529036803258257,2.4285714285714284,25.647058823529413,Surat_Central_I_4 (Gujarat),Surat_Central_D_3 (Gujarat)
IND614715AAA>IND614809AAA,17,1.4440536034963278,1.4736842105263157,17.0,Thirthurpondi_Madaprum_D (Tamil Nadu),Pushpavanam_Thmpulam_D (Tamil Nadu)
IND610001AAA>IND614715AAA,17,1.6792978930702716,1.6923076923076923,16.823529411764707,Thiruvarur_Bypasrd_D (Tamil Nadu),Thirthurpondi_Madaprum_D (Tamil Nadu)
IND382430AAB>IND000000ACB,17,2.1043534229468914,1.8523809523809525,695.4705882352941,Ahmedabad_East_H_1 (Gujarat),Gurgaon_Bilaspur_HB (Haryana)
IND845455AAB>IND842001AAA,17,2.5221115889925527,2.312,191.2941176470588,Narktiganj_Central_DPP_2 (Bihar),Muzaffrpur_Bbganj_I (Bihar)
IND626123AAA>IND627756AAA,17,1.887873149259704,1.86,43.64705882352941,Sivakasi_Msstreet_DC (Tamil Nadu),Sankaran_Kovil_D (Tamil Nadu)
IND627005AAA>IND628801AAA,17,1.732733418765061,1.6136363636363635,32.64705882352941,Tirunelveli_VdkkuSrt_I (Tamil Nadu),Eral_Busstand_D (Tamil Nadu)
IND385535AAA>IND384205AAA,17,2.0066865613925033,1.95,79.94117647058823,Deesa_HawaiPlr_DC (Gujarat),Mehsana_Panchot_IP (Gujarat)
IND000000ACB>IND110043AAA,17,2.102568339952241,1.725,42.0,Gurgaon_Bilaspur_HB (Haryana),Delhi_Nangli_IP (Delhi)
IND209304AAA>IND212601AAA,16,2.187423416377863,2.2164179104477615,86.0625,Kanpur_Central_H_6 (Uttar Pradesh),Fatehpur_Kotwali_D (Uttar Pradesh)
IND421302AAN>IND400072AAB,16,2.5089530892448515,2.5454545454545454,32.375,GreaterThane_Anjur_C (Maharashtra),Mumbai Hub (Maharashtra)
IND683511AAA>IND000000ABA,16,1.2536209213941416,1.1829810901001112,7.125,Aluva_Peedika_H (Kerala),Cochin_Chtrpuza_D (Kerala)
IND211002AAB>IND209304AAA,16,1.8896888540265948,1.855072463768116,127.125,Allahabad_Central_H_1 (Uttar Pradesh),Kanpur_Central_H_6 (Uttar Pradesh)
IND581110AAE>IND581119AAB,16,1.8144820295983086,1.8636363636363635,35.1875,Haveri_GuttalRD_D (Karnataka),Ukkadagatri_Tuminkte_D (Karnataka)
IND563131AAB>IND563116AAA,16,2.2129771042188806,2.0,21.5625,Bangarapet_KolarRd_D (Karnataka),Bethamangala_FshryOFC_D (Karnataka)
IND686028AAB>IND689101AAA,16,1.430772792022792,1.3675000000000002,10.625,Kottayam_Central_H_1 (Kerala),Tiruvalla_TKRoad_D (Kerala)
IND425508AAB>IND450331AAA,16,2.868923073615411,2.7529411764705882,33.375,Raver_Truptingr_D (Maharashtra),Burhanpur_StRoad_D (Madhya Pradesh)
IND210501AAB>IND209304AAA,16,2.414363354037267,2.4615384615384617,128.75,Bewar_BndhuTRH_D (Uttar Pradesh),Kanpur_Central_H_6 (Uttar Pradesh)
IND571104AAA>IND577598AAB,16,2.0139503588516745,1.85,20.1875,Koppa_BMRd_D (Karnataka),Madikeri_MuthpTmp_D (Karnataka)
IND144001AAA>IND144040AAA,16,2.0567251461988305,1.8723684210526317,20.8125,Jalandhar_DC (Punjab),Nakodar_ChowkDPP_D (Punjab)
IND457226AAA>IND382430AAB,16,1.8151740385273964,1.795221843003413,239.625,Jaora_RtlamNka_D (Madhya Pradesh),Ahmedabad_East_H_1 (Gujarat)
IND431514AAA>IND431515AAA,16,2.198890692640693,2.046536796536796,25.25,Gangakher_Busstand_D (Maharashtra),Parli_JirgeNgr_D (Maharashtra)
IND431708AAA>IND431514AAA,16,2.0179341133004924,2.0689655172413794,29.3125,Loha_SivjiCWK_D (Maharashtra),Gangakher_Busstand_D (Maharashtra)
IND688009AAA>IND686028AAB,16,4.468002797183156,3.67550505050505,157.0,Alappuzha_Pazhvedu_D (Kerala),Kottayam_Central_H_1 (Kerala)
IND560078AAC>IND562132AAA,16,1.7363819464110162,1.5119047619047619,30.3125,BLR_JPNagar_Pc (Karnataka),Bangalore_Nelmngla_H (Karnataka)
IND160002AAC>IND160055AAA,16,1.1725703425644372,1.095292115711855,7.25,Chandigarh_Mehmdpur_H (Punjab),Chandigarh_Mohali (Chandigarh)
IND160002AAC>IND174001AAA,16,2.153520041109969,2.043011305241521,160.0625,Chandigarh_Mehmdpur_H (Punjab),BilaspurHP_Indsarea_D (Himachal Pradesh)
IND151302AAA>IND151505AAA,16,0.923068203578072,0.8947368421052632,-2.9375,TalwandiSabo_Wardno3_D (Punjab),Mansa_GreenVly_D (Punjab)
IND560043AAC>IND562132AAA,16,2.4014525643376734,2.0513157894736844,56.0625,HBR Layout PC (Karnataka),Bangalore_Nelmngla_H (Karnataka)
IND501359AAE>IND518002AAA,16,1.8352499120542805,1.7789855072463767,115.6875,Hyderabad_Shamshbd_H (Telangana),Kurnool_AbbasNgr_I (Andhra Pradesh)
IND505122AAA>IND506002AAA,16,4.206403205180147,3.232142857142857,127.1875,Jammikunta_ConduDPP_D (Telangana),Warangal_HunterRd_I (Telangana)
IND506167AAB>IND501359AAE,16,2.489183279336892,2.2183133322373827,117.6875,Jangaon_Hanmkond_D (Telangana),Hyderabad_Shamshbd_H (Telangana)
IND506143AAA>IND506167AAB,16,1.7170931695046439,1.7295321637426901,12.5,Ghanpur_Palakrty_D (Telangana),Jangaon_Hanmkond_D (Telangana)
IND303303AAA>IND322230AAA,16,1.3806726168568273,1.344155844155844,29.375,Dausa_IndraCln_D (Rajasthan),Hindaun_MndwrRod_D (Rajasthan)
IND517501AAB>IND517644AAA,16,2.4203617897855625,2.447619047619048,45.8125,Tirupati_Balajicly_I (Andhra Pradesh),Sriklahsti_SDKNgr_D (Andhra Pradesh)
IND263153AAB>IND244715AAA,16,1.7886090574736653,1.704209065679926,73.0,Rudrapur_UdhamNgr_H (Uttarakhand),Ramnagar_BhwniGnj_D (Uttarakhand)
IND851127AAA>IND842001AAA,16,4.175168231819468,4.333333333333333,303.875,Manjhaul_Purbari_D (Bihar),Muzaffrpur_Bbganj_I (Bihar)
IND506314AAA>IND506002AAA,16,5.485374163879599,3.5525,110.5625,Rayaparthi_Perkadrd_D (Telangana),Warangal_HunterRd_I (Telangana)
IND524101AAB>IND517501AAB,16,2.1996998025422685,2.126600284495021,89.5625,Gudur_Bngisheb_D (Andhra Pradesh),Tirupati_Balajicly_I (Andhra Pradesh)
IND302014AAB>IND302006AAA,16,2.0733047385620917,1.9354166666666668,17.125,Jaipur_Central_I_7 (Rajasthan),Jaipur (Rajasthan)
IND175018AAA>IND175001AAA,16,3.071472223757924,2.9333333333333336,31.875,SundarNgr_Bhogpur_D (Himachal Pradesh),Mandi_PlaceCol_D (Himachal Pradesh)
IND361001AAA>IND361305AAC,16,1.8100578897995456,1.733653846153846,32.1875,Jamnagar_Dc (Gujarat),Khambhalia_JdswarRD_D (Gujarat)
IND362265AAA>IND362720AAA,16,2.52116648468598,2.4222222222222225,53.125,Veraval_DC (Gujarat),Kodinar_NCplxDPP_D (Gujarat)
IND248197AAA>IND248122AAB,16,2.4778745068750716,2.377068557919622,62.25,Dehradun_Selakui_D (Uttarakhand),Mussoorie_BrlwgDPP_D (Uttarakhand)
IND626138AAA>IND625008AAA,16,1.5177457354492139,1.4800437397484965,31.8125,Maharajapuram_Krsnakcl_D (Tamil Nadu),Madurai_Kappalur_H (Tamil Nadu)
IND273014AAB>IND274001AAA,16,3.027134146341463,3.048780487804878,82.125,Gorakhpur_Matriprm_IP (Uttar Pradesh),Deoria_CCRoad_D (Uttar Pradesh)
IND274301AAB>IND273014AAB,16,5.025120515252095,4.711711711711712,150.0625,Kaptanganj_Subshngr_D (Uttar Pradesh),Gorakhpur_Matriprm_IP (Uttar Pradesh)
IND600076AAB>IND600032AAB,16,2.5412280701754386,2.5409356725146197,28.25,Chennai_Madhavaram_DPC (Tamil Nadu),Chennai_Hub (Tamil Nadu)
IND385320AAA>IND385340AAB,16,0.8420579982469057,0.8293010752688172,-4.9375,Bhabhar_TirupDPP_D (Gujarat),Radhanpur_Santalpr_D (Gujarat)
IND126112AAA>IND131028AAB,16,2.426001055151358,2.264131455399061,103.3125,Safidon_HatRDDPP_D (Haryana),Sonipat_Kundli_H (Haryana)
IND395009AAA>IND395023AAD,16,9.09015012254902,9.583333333333332,136.875,Surat_Central_D_12 (Gujarat),Surat_Central_I_4 (Gujarat)
IND621212AAA>IND621704AAA,16,1.640727931488801,1.5553359683794468,14.8125,Perambalur_goplpurm_D (Tamil Nadu),Ariyalur_Kmrajngr_D (Tamil Nadu)
IND621010AAA>IND621212AAA,16,1.5569166482382426,1.4642857142857144,19.8125,Thuraiyur_Mthrapuri_D (Tamil Nadu),Perambalur_goplpurm_D (Tamil Nadu)
IND246174AAA>IND246444AAB,16,1.2673449420485146,1.2083524027459953,25.375,SrinagarUK_Srikot_D (Uttarakhand),Karnaprayag_Umalodge_D (Uttarakhand)
IND246424AAA>IND246174AAA,16,2.523368498286677,1.2563086548488007,214.1875,Chamoli_CGRoad_D (Uttarakhand),SrinagarUK_Srikot_D (Uttarakhand)
IND244001AAA>IND263153AAB,16,2.0001729803841863,1.9661686627978763,90.0625,Moradabad_DC (Uttar Pradesh),Rudrapur_UdhamNgr_H (Uttarakhand)
IND000000ACB>IND834002AAB,16,1.9115491132319598,1.8854289071680377,775.625,Gurgaon_Bilaspur_HB (Haryana),Ranchi_Hub (Jharkhand)
IND614616AAA>IND630002AAA,16,1.6937889479472141,1.6985887096774195,22.0625,Aranthangi_HsptlRod_D (Tamil Nadu),Karaikudi_Sbrmnprm_D (Tamil Nadu)
IND000000ACN>IND501359AAF,16,3.026907034743722,2.284313725490196,36.25,Hyderabad_Mhdiptnm_C (Telangana),Hyderabad_Shamshbd_P (Telangana)
IND600032AAB>IND600044AAD,16,2.023834498834499,2.0954545454545457,11.9375,Chennai_Hub (Tamil Nadu),Chennai_Chrompet_DPC (Tamil Nadu)
IND415605AAA>IND415709AAA,16,2.313099251292186,2.42,31.8125,Chiplun_LxmiNiws_D (Maharashtra),Khed_Mahad_D (Maharashtra)
IND585314AAA>IND585104AAA,16,4.683252312281917,4.757309941520468,139.6875,Aland_RazaviRd_D (Karnataka),Gulbarga_Nehrugnj_I (Karnataka)
IND608301AAA>IND639104AAB,16,1.8010781706810048,1.7490196078431373,95.0,Lalpet_PriyrNGR_D (Tamil Nadu),Kulithalai_AnnaNGR_D (Tamil Nadu)
IND614620AAA>IND630561AAA,16,1.9134403924472418,1.9044798222880415,67.375,Manamelkudi_TmpleSrt_D (Tamil Nadu),Sivaganga_Wardno3_D (Tamil Nadu)
IND614804AAA>IND614616AAA,16,1.2427375864875865,1.2724867724867726,6.625,Peravurani_SH71_D (Tamil Nadu),Aranthangi_HsptlRod_D (Tamil Nadu)
IND614602AAA>IND614804AAA,16,1.5407744565217392,1.5,12.8125,Pattukotai_anthniyr_D (Tamil Nadu),Peravurani_SH71_D (Tamil Nadu)
IND415124AAA>IND415605AAA,16,1.1065628776666387,1.0958083832335328,17.75,Karad_Mundhe_D (Maharashtra),Chiplun_LxmiNiws_D (Maharashtra)
IND627657AAA>IND628613AAA,16,1.053795913526701,1.0428571428571427,1.875,Thisayanvilai_UdnkdiRD_D (Tamil Nadu),Peikulam_SriVnktpm_D (Tamil Nadu)
IND802119AAA>IND802158AAB,16,1.908980988154508,1.8513513513513513,33.0625,Dumraon_Nishangr_D (Bihar),Jagdishpur_Wardno13_D (Bihar)
IND134102AAA>IND174103AAA,16,2.9194395065718597,2.75,27.3125,Kalka_Pinjore_DC (Haryana),Baddi_ByePass_D (Himachal Pradesh)
IND742225AAA>IND742223AAA,16,4.402083333333334,4.611111111111111,31.5625,Ragunthgnj_GopalDPP_D (West Bengal),Jangipur_Central_D_1 (West Bengal)
IND785690AAB>IND785682AAA,16,4.838966627948062,4.188235294117647,127.8125,Sonari_Central_DPP_1 (Assam),Sivasagar_Babupaty_D (Assam)
IND209304AAA>IND209101AAA,16,4.301880128915013,3.0,48.4375,Kanpur_Central_H_6 (Uttar Pradesh),Akbarpur_NehruNGR_D (Uttar Pradesh)
IND600056AAB>IND562132AAA,16,1.852285224563593,1.845694779116466,212.75,MAA_Poonamallee_HB (Tamil Nadu),Bangalore_Nelmngla_H (Karnataka)
IND600056AAB>IND600076AAB,16,2.004448600902388,1.930930930930931,36.625,MAA_Poonamallee_HB (Tamil Nadu),Chennai_Madhavaram_DPC (Tamil Nadu)
IND501359AAE>IND506002AAA,16,1.8269346428095428,1.7754898040783686,101.0625,Hyderabad_Shamshbd_H (Telangana),Warangal_HunterRd_I (Telangana)
IND472001AAA>IND485001AAC,16,2.3632029706194237,2.3142957870615195,254.25,Tikamgarh_MndiRoad_D (Madhya Pradesh),Satna_Central_I_2 (Madhya Pradesh)
IND203131AAA>IND203135AAA,16,1.5694089585536954,1.5,21.8125,Khurja_Pnjbiyon_D (Uttar Pradesh),Jewar_SJRoad_D (Uttar Pradesh)
IND721134AAB>IND721139AAC,16,1.7117206269859722,1.6125,11.75,Kolaghat_Central_DPP_2 (West Bengal),Panskura_Central_D_3 (West Bengal)
IND562132AAA>IND573201AAB,16,1.5707734967507896,1.4849624060150375,75.875,Bangalore_Nelmngla_H (Karnataka),Hassan_Pandrnga_I (Karnataka)
IND560300AAA>IND560078AAC,16,2.8184133883447906,2.841463414634146,74.0625,Bengaluru_KGAirprt_HB (Karnataka),BLR_JPNagar_Pc (Karnataka)
IND742121AAB>IND742121AAA,16,3.249015567765568,3.1538461538461537,29.5,Nowda_ArhamDPP_D (West Bengal),Nowda_AmtlaDPP_D (West Bengal)
IND683511AAA>IND680104AAA,16,1.6435034167464284,1.4969135802469136,51.25,Aluva_Peedika_H (Kerala),Guruvayoor_ManhrBld_D (Kerala)
IND457001AAA>IND457226AAA,16,1.218777883744989,1.0769736842105262,8.375,Ratlam_Khjurwli_DC (Madhya Pradesh),Jaora_RtlamNka_D (Madhya Pradesh)
IND742148AAA>IND742225AAA,16,3.8783110119047617,3.5,41.5625,Lalgola_KrsprDPP_D (West Bengal),Ragunthgnj_GopalDPP_D (West Bengal)
IND848101AAA>IND844505AAB,16,3.4596469728242174,3.301169590643275,44.5,Samastipur_Haripur_D (Bihar),HazratJandaha_HajiprRD_D (Bihar)
IND515301AAA>IND561202AAB,16,1.8897263071895425,1.7573529411764706,14.875,Madakasira_RTCStand_D (Andhra Pradesh),Pavagada_PnukndRD_D (Karnataka)
IND583201AAA>IND583227AAA,16,2.0544331664812754,2.0,31.6875,Hospet (Karnataka),Gangavathi_PhrmPlza_D (Karnataka)
IND582209AAA>IND582101AAB,16,1.937173522206417,1.840682788051209,34.5625,Rona_GadagRD_D (Karnataka),Gadag_Cdosclrd_D (Karnataka)
IND212601AAA>IND210001AAA,16,2.381935760822515,2.335668103448276,83.75,Fatehpur_Kotwali_D (Uttar Pradesh),Banda_GayatriN_D (Uttar Pradesh)
IND244901AAB>IND243002AAA,16,2.3990942028985507,2.3729468599033816,63.1875,Rampur_RoshnBgh_I (Uttar Pradesh),Bareilly (Uttar Pradesh)
IND244713AAA>IND263401AAA,16,2.1145186335403725,2.0217391304347827,24.75,Kashipur_Vaishali_D (Uttarakhand),Kashipur_BajprDPP_D (Uttarakhand)
IND638657AAA>IND638701AAA,16,1.5107454877112134,1.457471264367816,15.125,Dharapuram_Techrcly_D (Tamil Nadu),Kangayam_Thvlrsrt_D (Tamil Nadu)
IND637211AAA>IND636402AAA,16,1.4594313708208473,1.4508196721311477,28.1875,Tirchngode_Mhdhvpur_D (Tamil Nadu),Mettur_RTOroad_D (Tamil Nadu)
IND586211AAA>IND585314AAA,16,1.882248993941038,1.808311855670103,84.8125,Indi_SindgiRD_D (Karnataka),Aland_RazaviRd_D (Karnataka)
IND244715AAA>IND244713AAA,16,0.9927779183535763,0.9615384615384615,-0.3125,Ramnagar_BhwniGnj_D (Uttarakhand),Kashipur_Vaishali_D (Uttarakhand)
IND516269AAA>IND516390AAA,15,1.672413712198139,1.5921052631578947,50.2,Rayachoti_Madnpali_D (Andhra Pradesh),Pulivendula_RTCStand_D (Andhra Pradesh)
IND516390AAA>IND515004AAA,15,1.9521451793708249,1.9404761904761905,82.06666666666666,Pulivendula_RTCStand_D (Andhra Pradesh),Anantapur_KamaStrt_I (Andhra Pradesh)
IND515134AAA>IND515201AAA,15,1.6848810613349863,1.631578947368421,40.266666666666666,Puttaprthi_Gokulam_D (Andhra Pradesh),Hindupur_Parigi_D (Andhra Pradesh)
IND160002AAC>IND151001AAA,15,1.7097165932434932,1.7134146341463414,113.33333333333333,Chandigarh_Mehmdpur_H (Punjab),Bhatinda_DPC (Punjab)
IND533308AAB>IND533003AAA,15,1.655324573013172,1.6097560975609757,26.933333333333334,Mandapeta_Mainrd_D (Andhra Pradesh),Kakinada_DC (Andhra Pradesh)
IND560060AAB>IND560099AAB,15,1.4645163106702888,1.3636363636363635,14.4,Bengaluru_Kengeri_IP (Karnataka),Bengaluru_Bomsndra_HB (Karnataka)
IND712311AAA>IND700053AAA,15,3.5680842911877395,2.8,75.33333333333333,Kolkata_Dankuni_HB (West Bengal),CCU_New Alipore_DPC (West Bengal)
IND504215AAA>IND505001AAB,15,2.1499572600498302,1.9491525423728813,67.73333333333333,Luxettipet_ShivaDPP_D (Telangana),Karimnagar_KamnHbRD_I (Telangana)
IND700065AAB>IND712310AAA,15,5.240845959595959,5.416666666666667,95.93333333333334,CCU_Beleghta_CP (West Bengal),Kolkata_Dankuni_P (West Bengal)
IND580028AAA>IND581402AAA,15,1.4387555461833288,1.4216867469879517,36.46666666666667,Hubli_Adargchi_IP (Karnataka),Sirsi_Vidygiri_D (Karnataka)
IND209206AAB>IND210301AAA,15,2.529849349996409,2.2,24.0,Ghatampur_StatinRD_D (Uttar Pradesh),Hamirpur_KanpurRd_D (Uttar Pradesh)
IND571426AAA>IND571104AAA,15,1.8973751315417984,1.8974358974358974,71.13333333333334,Krishnarajpet_MuruPost_D (Karnataka),Koppa_BMRd_D (Karnataka)
IND203396AAB>IND203390AAA,15,1.3888034188034188,1.3333333333333333,15.2,Pahasu_Kanongyn_D (Uttar Pradesh),Anupshahar_DcntCLY_D (Uttar Pradesh)
IND431136AAC>IND431203AAA,15,2.2327746304475866,2.30188679245283,67.0,Aurangabad_Central_H_1 (Maharashtra),Jalna_BhgyaNgr_D (Maharashtra)
IND431603AAA>IND431708AAA,15,2.4985507246376812,2.0434782608695654,34.46666666666667,Nanded_Aswningr_I (Maharashtra),Loha_SivjiCWK_D (Maharashtra)
IND562132AAA>IND751002AAB,15,2.1156160342281356,2.0736137667304013,1167.7333333333333,Bangalore_Nelmngla_H (Karnataka),Bhubaneshwar_Hub (Orissa)
IND686507AAA>IND686513AAA,15,2.3925925925925924,2.375,12.2,Parakkdavu_KeRoad_D (Kerala),Mundakayam_Central_D_1 (Kerala)
IND466001AAA>IND466116AAA,15,1.8225220899699077,1.7666666666666666,26.4,Sehore_Mangalam_D (Madhya Pradesh),Ashta_ShantiNg_D (Madhya Pradesh)
IND500039AAC>IND501359AAE,15,6.619408941317544,4.037037037037037,145.26666666666668,Hyderabad_Uppal_I (Telangana),Hyderabad_Shamshbd_H (Telangana)
IND691305AAA>IND689645AAA,15,2.315766517433184,2.269230769230769,35.0,Punalur_PostofJN_D (Kerala),Pthnmthitt_Klskhrpt_D (Kerala)
IND741165AAB>IND742121AAB,15,1.4191616936629723,1.391304347826087,28.933333333333334,Nazirpur_Central_D_1 (West Bengal),Nowda_ArhamDPP_D (West Bengal)
IND723130AAA>IND723101AAA,15,2.4225108225108225,2.0476190476190474,30.533333333333335,Hura_Central_D_1 (West Bengal),Purulia_GariDPP_D (West Bengal)
IND731237AAB>IND731224AAA,15,3.2495253284726973,3.0,45.13333333333333,Morgram_Kntgorya_D (West Bengal),Rampurhat_SrifoDPP_D (West Bengal)
IND679531AAA>IND680587AAA,15,1.4892779049071956,1.36,11.533333333333333,Shoranur_KdrShrRd_D (Kerala),Pazhayannur_AlathurRD_D (Kerala)
IND144001AAC>IND160002AAC,15,2.571492931856832,2.544642857142857,178.8,Jalandhar_Sodal Road (Punjab),Chandigarh_Mehmdpur_H (Punjab)
IND689645AAA>IND691551AAA,15,1.9304444444444444,1.75,22.866666666666667,Pthnmthitt_Klskhrpt_D (Kerala),Adoor_Town_D (Kerala)
IND690548AAA>IND688009AAA,15,1.288949697256149,1.21875,9.333333333333334,Haripad_Kumrpurm_D (Kerala),Alappuzha_Pazhvedu_D (Kerala)
IND518501AAA>IND518124AAA,15,2.5493827160493825,2.3448275862068964,43.06666666666667,Nandyal_SrnvsNgr_D (Andhra Pradesh),Bngnpalle_Enkndla_D (Andhra Pradesh)
IND517644AAA>IND524132AAA,15,2.115560648501825,2.1142857142857143,38.733333333333334,Sriklahsti_SDKNgr_D (Andhra Pradesh),Venktagiri_TirupthiRd_D (Andhra Pradesh)
IND174001AAA>IND175018AAA,15,2.6731922398589063,2.5185185185185186,44.46666666666667,BilaspurHP_Indsarea_D (Himachal Pradesh),SundarNgr_Bhogpur_D (Himachal Pradesh)
IND305001AAC>IND306401AAB,15,2.104359114791833,2.0080645161290325,135.73333333333332,Ajmer_FoySGRRD_I (Rajasthan),Pali_Nayagaon_I (Rajasthan)
IND322241AAA>IND322201AAA,15,2.25001976284585,2.347826086956522,28.8,Karauli_HnsChowk_D (Rajasthan),Gangapur_Ward6DPP_D (Rajasthan)
IND000000ACB>IND125001AAA,15,2.1583134800687653,2.201492537313433,156.6,Gurgaon_Bilaspur_HB (Haryana),Hisar_ModelTwn_P (Haryana)
IND508248AAB>IND508377AAB,15,1.7546312565430213,1.7647058823529411,25.8,Devarakonda_DindiRD_D (Telangana),Haliya_PeroorRD_D (Telangana)
IND583231AAA>IND583201AAA,15,2.6965807139720184,2.409090909090909,37.733333333333334,Koppal_Banikatt_D (Karnataka),Hospet (Karnataka)
IND585104AAA>IND586128AAA,15,1.9276985143683967,1.9324324324324325,67.73333333333333,Gulbarga_Nehrugnj_I (Karnataka),Sindagi_KalyanNg_D (Karnataka)
IND000000AFT>IND421302AAG,15,3.8445452013873065,2.5238095238095237,62.46666666666667,Mumbai_Sanpada_I (Maharashtra),Bhiwandi_Mankoli_HB (Maharashtra)
IND416012AAA>IND395023AAA,15,1.748540927668389,1.7139959432048681,368.3333333333333,Kolhapur_Shivaji_I (Maharashtra),Surat_HUB (Gujarat)
IND421301AAA>IND421302AAR,15,4.0719528619528615,3.75,30.866666666666667,Mumbai_Kalyan West _Dc (Maharashtra),Mumbai_East_I_21 (Maharashtra)
IND583227AAA>IND583231AAA,15,1.7516329284750336,1.6666666666666667,29.4,Gangavathi_PhrmPlza_D (Karnataka),Koppal_Banikatt_D (Karnataka)
IND411033AAA>IND431603AAA,15,2.359617069380273,2.2639751552795033,437.46666666666664,Pune_Tathawde_H (Maharashtra),Nanded_Aswningr_I (Maharashtra)
IND636016AAA>IND637211AAA,15,1.4967413263065437,1.488888888888889,22.666666666666668,Salem (Tamil Nadu),Tirchngode_Mhdhvpur_D (Tamil Nadu)
IND641664AAA>IND638657AAA,15,1.5410633305370147,1.5,20.466666666666665,Tirpur_Palladam_DC (Tamil Nadu),Dharapuram_Techrcly_D (Tamil Nadu)
IND641062AAD>IND643231AAA,15,2.534496136753126,2.473684210526316,92.26666666666667,Coimbatore_Karayam_H (Tamil Nadu),Coonoor_Fairybnk_D (Tamil Nadu)
IND600008AAC>IND600056AAB,15,2.8233944470786576,2.3513513513513513,67.8,Chennai_Egmore_DPC (Tamil Nadu),MAA_Poonamallee_HB (Tamil Nadu)
IND131028AAB>IND247667AAB,15,1.9063552805172277,1.9285714285714286,126.86666666666666,Sonipat_Kundli_H (Haryana),Roorkee_IOTCEncl_L (Uttarakhand)
IND842001AAA>IND845412AAB,15,2.2317026656345544,2.264705882352941,42.666666666666664,Muzaffrpur_Bbganj_I (Bihar),Chakia_Wardno10_D (Bihar)
IND586128AAA>IND586211AAA,15,1.647830797957995,1.6382978723404256,30.4,Sindagi_KalyanNg_D (Karnataka),Indi_SindgiRD_D (Karnataka)
IND411014AAA>IND411033AAA,15,4.80778468657779,2.3666666666666667,116.13333333333334,PNQ Vadgaon Sheri DPC (Maharashtra),Pune_Tathawde_H (Maharashtra)
IND842001AAA>IND843109AAB,15,3.6449446849446847,3.4,26.6,Muzaffrpur_Bbganj_I (Bihar),Kanti_Central_DPP_2 (Bihar)
IND134109AAA>IND160002AAC,15,11.942266105114403,12.837837837837839,399.8,Chandigarh_Panchkula (Chandigarh),Chandigarh_Mehmdpur_H (Punjab)
IND845412AAB>IND845401AAA,15,2.014604998124606,1.8518518518518519,28.266666666666666,Chakia_Wardno10_D (Bihar),Motihari_RajaBzr_D (Bihar)
IND630561AAA>IND623407AAA,15,1.8349747474747473,1.78125,27.133333333333333,Sivaganga_Wardno3_D (Tamil Nadu),Thiruvadanai_RamnadRD_D (Tamil Nadu)
IND000000ACB>IND751002AAB,15,2.0654340825400785,2.0403087478559176,1242.9333333333334,Gurgaon_Bilaspur_HB (Haryana),Bhubaneshwar_Hub (Orissa)
IND396232AAA>IND396191AAC,15,3.552380952380952,3.5,34.733333333333334,Silvassa_Samrvrni_D (Dadra and Nagar Haveli),Vapi_IndEstat_I (Gujarat)
IND246149AAA>IND249407AAA,15,2.9485292502193974,2.689655172413793,110.8,Kotdwara_Nzbadrd_D (Uttarakhand),Haridwar (Uttarakhand)
IND245101AAA>IND245304AAA,15,2.4077922351736394,2.3333333333333335,25.4,Hapur_Swargash_D (Uttar Pradesh),Pilkhuwa_HapurRD_D (Uttar Pradesh)
IND248122AAB>IND248001AAA,15,2.1648706314610204,2.210526315789474,39.8,Mussoorie_BrlwgDPP_D (Uttarakhand),Dehradun (Uttarakhand)
IND621211AAA>IND621010AAA,15,1.58997113997114,1.5,12.733333333333333,Musiri_ThryrRD_D (Tamil Nadu),Thuraiyur_Mthrapuri_D (Tamil Nadu)
IND400016AAB>IND400072AAD,15,3.102889702889703,2.9166666666666665,28.133333333333333,Mumbai_MhimWest_C (Maharashtra),Mumbai_Chndivli_PC (Maharashtra)
IND263401AAA>IND263153AAB,15,2.3057759784075573,1.868421052631579,50.2,Kashipur_BajprDPP_D (Uttarakhand),Rudrapur_UdhamNgr_H (Uttarakhand)
IND246444AAB>IND246424AAA,15,1.4069786721158486,1.4090909090909092,16.933333333333334,Karnaprayag_Umalodge_D (Uttarakhand),Chamoli_CGRoad_D (Uttarakhand)
IND606201AAC>IND605601AAA,15,2.2870828382556856,2.276315789473684,93.86666666666666,Chinnasalem_VkotRoad_D (Tamil Nadu),Villupuram_Thirumtr_IP (Tamil Nadu)
IND607801AAA>IND606003AAA,15,2.281858146684234,2.130434782608696,29.733333333333334,Neyveli_NJVNgr_D (Tamil Nadu),Virudhchlm_SelamRd_D (Tamil Nadu)
IND382721AAA>IND382430AAB,15,2.696640169842994,2.731707317073171,68.8,Gandhinagar_Kalol_DC (Gujarat),Ahmedabad_East_H_1 (Gujarat)
IND847223AAA>IND842001AAA,15,9.914391025641027,10.296875,575.4,Benipatti_WardNo1_D (Bihar),Muzaffrpur_Bbganj_I (Bihar)
IND000000ACB>IND209304AAA,15,2.3495987898394444,2.2803738317757007,432.8666666666667,Gurgaon_Bilaspur_HB (Haryana),Kanpur_Central_H_6 (Uttar Pradesh)
IND623407AAA>IND623315AAB,15,1.0842478632478634,1.0416666666666667,2.1333333333333333,Thiruvadanai_RamnadRD_D (Tamil Nadu),Oriyur_Vllyaprm_D (Tamil Nadu)
IND623315AAB>IND614620AAA,15,1.5363020640217526,1.5172413793103448,16.0,Oriyur_Vllyaprm_D (Tamil Nadu),Manamelkudi_TmpleSrt_D (Tamil Nadu)
IND845438AAA>IND845455AAB,15,2.0362346184808233,1.8064516129032258,33.666666666666664,Bettiah_BypassRd_D (Bihar),Narktiganj_Central_DPP_2 (Bihar)
IND624601AAA>IND624101AAA,15,0.7795030753670237,0.7835820895522388,-29.266666666666666,Palani_RjndraRd_D (Tamil Nadu),Kodaikanal_Athithnr_DC (Tamil Nadu)
IND382421AAA>IND382430AAB,15,4.648808883768561,4.53125,113.13333333333334,Gandhinagar_DC (Gujarat),Ahmedabad_East_H_1 (Gujarat)
IND360530AAB>IND362001AAA,15,2.175536978364783,2.0,81.46666666666667,Jamjodhpur_Court_D (Gujarat),Junagadh_DPC (Gujarat)
IND521333AAA>IND521225AAB,14,2.81961040861392,2.5223880597014925,123.85714285714286,Kaikaluru_Atapaka_D (Andhra Pradesh),Vijayawada_Rynapadu_H (Andhra Pradesh)
IND523316AAB>IND522647AAA,14,1.748504971618179,1.6513468013468013,40.5,Markapur_VidyaNgr_D (Andhra Pradesh),Vinukonda_Kothapet_D (Andhra Pradesh)
IND524003AAA>IND501359AAE,14,1.6977457002862528,1.6933701657458564,252.42857142857142,Nellore_DC (Andhra Pradesh),Hyderabad_Shamshbd_H (Telangana)
IND363001AAA>IND363421AAB,14,1.1995670995670995,1.1515151515151516,6.571428571428571,Surendranagar_DC (Gujarat),Limbdi_Busstand_D (Gujarat)
IND370110AAA>IND370001AAA,14,2.2229692478918683,2.1483870967741936,37.92857142857143,Anjar_DC (Gujarat),Bhuj_DC (Gujarat)
IND560058AAB>IND562132AAA,14,1.6810060866451846,1.6421052631578947,12.285714285714286,Bengaluru_Peenya_IP (Karnataka),Bangalore_Nelmngla_H (Karnataka)
IND533106AAA>IND533308AAB,14,3.680320873869261,3.636904761904762,76.35714285714286,Rajamundry_AtoNgrRd_I (Andhra Pradesh),Mandapeta_Mainrd_D (Andhra Pradesh)
IND673305AAA>IND673104AAA,14,1.3084241164741328,1.266798418972332,6.785714285714286,Koyilandy_Pshrikvu_D (Kerala),Vadakara_Mandodi_D (Kerala)
IND421302AAG>IND131028AAB,14,1.9109502757737082,1.9119395657329183,945.6428571428571,Bhiwandi_Mankoli_HB (Maharashtra),Sonipat_Kundli_H (Haryana)
IND385001AAA>IND385535AAA,14,1.663779239766082,1.5277777777777777,11.714285714285714,Palanpur_DC (Gujarat),Deesa_HawaiPlr_DC (Gujarat)
IND387001AAA>IND388220AAA,14,1.977879395162004,1.76,24.5,Nadiad_DC (Gujarat),Umreth_Dakor_DC (Gujarat)
IND388220AAA>IND388320AAA,14,2.0665842490842494,1.7446153846153845,27.071428571428573,Umreth_Dakor_DC (Gujarat),Anand_Vaghasi_IP (Gujarat)
IND605601AAA>IND607106AAA,14,2.2531849103277675,2.1363636363636362,26.0,Villupuram_Thirumtr_IP (Tamil Nadu),Panruti_GandhiRd_D (Tamil Nadu)
IND603301AAA>IND600044AAD,14,2.451453883100504,2.3561705989110706,84.71428571428571,Malemruvathur_Achipkam_D (Tamil Nadu),Chennai_Chrompet_DPC (Tamil Nadu)
IND584101AAA>IND509124AAA,14,1.489340625209188,1.4465709728867624,27.214285714285715,Raichur_LSRoad_DC (Karnataka),JoguGadwal_ColctrOf_D (Telangana)
IND382421AAA>IND382721AAA,14,1.3435924369747898,1.3137254901960784,5.428571428571429,Gandhinagar_DC (Gujarat),Gandhinagar_Kalol_DC (Gujarat)
IND110037AAM>IND110024AAA,14,2.605051715595194,2.667826086956522,38.642857142857146,Delhi_Airport_H (Delhi),Delhi_Lajpat_IP (Delhi)
IND723202AAA>IND713205AAB,14,2.24676889328519,2.250156739811912,181.28571428571428,Jhalda_GMukrDPP_D (West Bengal),Durgapur_Central_I_1 (West Bengal)
IND742149AAA>IND742148AAA,14,2.9818636117160966,2.821428571428571,40.142857142857146,Murshidabad_Sirjudol_D (West Bengal),Lalgola_KrsprDPP_D (West Bengal)
IND518102AAA>IND518002AAA,14,1.9752139688557406,1.9694656488549618,128.71428571428572,Srisailam_Sishumdr_D (Andhra Pradesh),Kurnool_AbbasNgr_I (Andhra Pradesh)
IND302014AAA>IND110037AAM,14,1.8009353873077896,1.737104564114948,163.21428571428572,Jaipur_Hub (Rajasthan),Delhi_Airport_H (Delhi)
IND829122AAA>IND825301AAA,14,2.034749034749035,2.0135135135135136,38.357142857142854,Ramgarh_HotelPrk_D (Jharkhand),Hazaribag_BodomBzr_DC (Jharkhand)
IND834002AAB>IND829122AAA,14,2.3138056835637477,2.390625,41.57142857142857,Ranchi_Hub (Jharkhand),Ramgarh_HotelPrk_D (Jharkhand)
IND834002AAB>IND832109AAB,14,2.358100135573904,2.339080459770115,117.64285714285714,Ranchi_Hub (Jharkhand),Jamshedpur_Central_I_3 (Jharkhand)
IND518422AAB>IND518102AAA,14,2.0568679440859894,2.0455465587044532,80.78571428571429,Atmakur_IndraNgr_D (Andhra Pradesh),Srisailam_Sishumdr_D (Andhra Pradesh)
IND140501AAA>IND160002AAC,14,2.8201882676147383,2.514705882352941,27.928571428571427,Lalru_OnkarDPP_D (Punjab),Chandigarh_Mehmdpur_H (Punjab)
IND581119AAB>IND577002AAA,14,2.097971861784515,1.8180878552971576,49.214285714285715,Ukkadagatri_Tuminkte_D (Karnataka),Davangere_Central_I_1 (Karnataka)
IND581325AAA>IND580028AAA,14,1.981540722333315,1.9196504688832055,66.28571428571429,Dandeli_RKComplx_D (Karnataka),Hubli_Adargchi_IP (Karnataka)
IND362001AAA>IND362220AAA,14,2.4300109310978875,2.1291666666666664,35.357142857142854,Junagadh_DPC (Gujarat),Junagadh_keshod_DC (Gujarat)
IND134203AAA>IND140501AAA,14,1.673996158649102,1.575,27.142857142857142,Naraingarh_Ward2DPP_D (Haryana),Lalru_OnkarDPP_D (Punjab)
IND244901AAB>IND246725AAB,14,1.1413906821915119,1.148,17.785714285714285,Rampur_RoshnBgh_I (Uttar Pradesh),Chandpur_NorprRD_D (Uttar Pradesh)
IND247667AAA>IND249407AAA,14,2.2203764897694844,1.8439189189189191,46.07142857142857,Roorkee_Dc (Uttarakhand),Haridwar (Uttarakhand)
IND723101AAA>IND723202AAA,14,2.0099286678234045,1.794871794871795,38.857142857142854,Purulia_GariDPP_D (West Bengal),Jhalda_GMukrDPP_D (West Bengal)
IND395001AAA>IND395023AAD,14,9.757116692830978,10.142857142857142,121.35714285714286,Surat_Central_D_9 (Gujarat),Surat_Central_I_4 (Gujarat)
IND342301AAA>IND342005AAD,14,5.476803037880835,5.859375,565.7857142857143,Phalodi_PalikDPP_D (Rajasthan),Jodhpur_Basni_I (Rajasthan)
IND508213AAB>IND508001AAA,14,1.9480047572152834,1.8441295546558705,35.0,Suryapet_Krishna_D (Telangana),Nalgonda_HydRoad_DC (Telangana)
IND508223AAA>IND500039AAC,14,1.8696153686304204,1.789939300012915,76.71428571428571,Thirumalagiri_Xroad_D (Telangana),Hyderabad_Uppal_I (Telangana)
IND302014AAA>IND305001AAC,14,2.530571138858734,2.514150943396227,164.35714285714286,Jaipur_Hub (Rajasthan),Ajmer_FoySGRRD_I (Rajasthan)
IND679303AAA>IND679531AAA,14,2.5965703589127958,2.564705882352941,26.0,Sankaramangalam_Central_D_1 (Kerala),Shoranur_KdrShrRd_D (Kerala)
IND68004AAA>IND678683AAA,14,3.099096276727856,2.419590643274854,77.28571428571429,Thrissur_Poothole_D (Kerala),Vadakkencherry_Robinson_D (Kerala)
IND638501AAB>IND641062AAD,14,1.4800880626223092,1.4258447488584474,36.0,Anthiyour_TherSRT_D (Tamil Nadu),Coimbatore_Karayam_H (Tamil Nadu)
IND825301AAA>IND825409AAA,14,2.6679817424155403,2.667582417582418,68.42857142857143,Hazaribag_BodomBzr_DC (Jharkhand),JhumriTlya_RadhaCpx_D (Jharkhand)
IND825409AAA>IND000000ACB,14,1.9421911522991482,1.9372153349621453,727.7142857142857,JhumriTlya_RadhaCpx_D (Jharkhand),Gurgaon_Bilaspur_HB (Haryana)
IND501401AAC>IND500010AAA,14,8.10257500436072,8.904166666666667,90.85714285714286,Medchal_MROoffce_D (Telangana),Hyderabad_Alwal_I (Telangana)
IND462022AAA>IND466001AAA,14,2.9267377141131297,2.8488372093023253,83.28571428571429,Bhopal_Trnsport_H (Madhya Pradesh),Sehore_Mangalam_D (Madhya Pradesh)
IND607106AAA>IND607801AAA,14,2.312021312021312,2.16025641025641,15.928571428571429,Panruti_GandhiRd_D (Tamil Nadu),Neyveli_NJVNgr_D (Tamil Nadu)
IND573134AAB>IND573201AAB,14,2.4201517047561265,2.3479960899315735,45.214285714285715,Sakleshpur_RgvdrDPP_D (Karnataka),Hassan_Pandrnga_I (Karnataka)
IND573201AAB>IND573116AAA,14,2.2727999449773644,2.083916083916084,38.57142857142857,Hassan_Pandrnga_I (Karnataka),Channaraya_patna_D (Karnataka)
IND573201AAB>IND575004AAB,14,3.15727125248211,3.2430173092053503,267.42857142857144,Hassan_Pandrnga_I (Karnataka),Mangalore_Kuntikna_H (Karnataka)
IND141115AAA>IND000000ACA,14,1.4837235972926728,1.4488095238095238,14.642857142857142,Machhiwara_MnBzrDPP_D (Punjab),Ludhiana_MilrGanj_HB (Punjab)
IND507002AAA>IND508213AAB,14,1.7968907390276494,1.8181818181818181,36.07142857142857,Khammam_NSTRoad_I (Telangana),Suryapet_Krishna_D (Telangana)
IND560300AAB>IND563101AAB,14,1.8823060368635827,1.7655844155844156,49.5,Bangalore_East_I_20 (Karnataka),Kolar_Ambedkar_D (Karnataka)
IND561202AAB>IND515134AAA,14,1.866933887764821,1.8046875,55.42857142857143,Pavagada_PnukndRD_D (Karnataka),Puttaprthi_Gokulam_D (Andhra Pradesh)
IND313001AAB>IND382430AAB,14,2.1977314919607047,2.1315825923155765,227.71428571428572,Udaipur_Mangri_I (Rajasthan),Ahmedabad_East_H_1 (Gujarat)
IND313324AAA>IND313001AAB,14,1.925056990881459,1.7987588652482271,44.285714285714285,Rajsamand_kankroli_D (Rajasthan),Udaipur_Mangri_I (Rajasthan)
IND560099AAB>IND683511AAA,14,1.6434823123290578,1.6381190659481653,278.0,Bengaluru_Bomsndra_HB (Karnataka),Aluva_Peedika_H (Kerala)
IND515201AAA>IND515301AAA,14,2.725235944180043,2.7456709956709955,37.285714285714285,Hindupur_Parigi_D (Andhra Pradesh),Madakasira_RTCStand_D (Andhra Pradesh)
IND245304AAA>IND245101AAA,14,1.749350999140915,1.7104166666666667,11.428571428571429,Pilkhuwa_HapurRD_D (Uttar Pradesh),Hapur_Swargash_D (Uttar Pradesh)
IND606003AAA>IND606105AAA,14,1.6192331478045765,1.6,8.714285714285714,Virudhchlm_SelamRd_D (Tamil Nadu),Pennadam_EastmnRD_D (Tamil Nadu)
IND606105AAA>IND606201AAC,14,1.6693357296298472,1.6791310541310542,35.57142857142857,Pennadam_EastmnRD_D (Tamil Nadu),Chinnasalem_VkotRoad_D (Tamil Nadu)
IND209304AAA>IND208006AAA,14,2.2102639751552795,1.542608695652174,29.714285714285715,Kanpur_Central_H_6 (Uttar Pradesh),Kanpur_GovndNgr_DC (Uttar Pradesh)
IND341303AAA>IND341306AAA,14,1.7597344322344324,1.6733333333333333,18.714285714285715,Didwana_KatlaDPP_D (Rajasthan),Sujangarh_LdnunDPP_D (Rajasthan)
IND341510AAB>IND305001AAC,14,2.442857142857143,2.372727272727273,79.35714285714286,Merta_Central_DPP_1 (Rajasthan),Ajmer_FoySGRRD_I (Rajasthan)
IND563131AAA>IND563125AAB,14,1.8089058188118232,1.8163319238900635,34.714285714285715,Mulbagal_Sunku_D (Karnataka),Chintamani_Central_D_2 (Karnataka)
IND570020AAA>IND571602AAA,14,2.83883395698815,2.6372549019607847,59.0,Mysore_Yadvgiri_IP (Karnataka),Krishnarajngr_JublieRD_D (Karnataka)
IND786181AAC>IND786001AAB,14,3.3852947315688406,3.2333333333333334,142.21428571428572,Margherita_CivilHPL_D (Assam),Dibrugarh_Bokule_H (Assam)
IND421302AAR>IND400612AAA,14,2.4129370629370626,2.3636363636363638,16.928571428571427,Mumbai_East_I_21 (Maharashtra),Mumbai_Mumbra_DC (Maharashtra)
IND632006AAA>IND632301AAA,14,1.9899112687597034,1.935483870967742,31.714285714285715,Vellore_GndhiNgr_IP (Tamil Nadu),Arani_KrthiKyn_D (Tamil Nadu)
IND425405AAA>IND424006AAA,14,19.072080363345687,21.232475598935224,857.5714285714286,Shirpur_KrantiNgr_D (Maharashtra),Dhule_MIDCAvdn_I (Maharashtra)
IND628613AAA>IND627005AAA,14,1.797900679116061,1.7553191489361701,36.642857142857146,Peikulam_SriVnktpm_D (Tamil Nadu),Tirunelveli_VdkkuSrt_I (Tamil Nadu)
IND421601AAB>IND421302AAG,14,4.68035763501477,3.814271749755621,116.0,Asangaon_Shahapur_D (Maharashtra),Bhiwandi_Mankoli_HB (Maharashtra)
IND509301AAA>IND501359AAE,14,1.8843913994169095,1.8583673469387754,43.285714285714285,Jadcherla_Badeplly_D (Telangana),Hyderabad_Shamshbd_H (Telangana)
IND802101AAA>IND802119AAA,14,2.9508110936682366,2.7916666666666665,25.357142857142858,Buxar_Sarswati_D (Bihar),Dumraon_Nishangr_D (Bihar)
IND401104AAA>IND421302AAG,14,3.0395490224061654,2.4823717948717947,49.92857142857143,Mumbai_MiraRd_IP (Maharashtra),Bhiwandi_Mankoli_HB (Maharashtra)
IND562132AAA>IND600056AAB,14,1.9343130382830664,1.9483471074380165,226.35714285714286,Bangalore_Nelmngla_H (Karnataka),MAA_Poonamallee_HB (Tamil Nadu)
IND563101AAB>IND563131AAA,14,1.7068476813042028,1.565217391304348,17.071428571428573,Kolar_Ambedkar_D (Karnataka),Mulbagal_Sunku_D (Karnataka)
IND563116AAA>IND563131AAB,14,2.6116424640031455,1.9166666666666665,27.285714285714285,Bethamangala_FshryOFC_D (Karnataka),Bangarapet_KolarRd_D (Karnataka)
IND144001AAB>IND144401AAB,14,2.1597658294086863,1.9444444444444444,13.428571428571429,Jalandhar_DPC (Punjab),Phagwara_Lovely_D (Punjab)
IND712311AAA>IND721306AAA,14,2.1066783148903125,2.089108910891089,111.92857142857143,Kolkata_Dankuni_HB (West Bengal),Kharagpur_DC (West Bengal)
IND403726AAA>IND411033AAA,14,2.0060986556623237,1.9510694831938356,392.57142857142856,Goa_Hub (Goa),Pune_Tathawde_H (Maharashtra)
IND622407AAA>IND622001AAA,14,1.5057623049219688,1.4777183600713013,17.071428571428573,Ponnamaravathi_Puduvalvu_D (Tamil Nadu),Pudukkotti_Mrthndpr_D (Tamil Nadu)
IND431515AAA>IND431517AAB,14,3.0213860544217686,2.933333333333333,30.642857142857142,Parli_JirgeNgr_D (Maharashtra),Ambajogai_BnsllNgr_D (Maharashtra)
IND562132AAA>IND302014AAA,14,1.956544097738156,1.9447489506362587,1306.642857142857,Bangalore_Nelmngla_H (Karnataka),Jaipur_Hub (Rajasthan)
IND322230AAA>IND322241AAA,14,1.7153152448718951,1.6071428571428572,20.214285714285715,Hindaun_MndwrRod_D (Rajasthan),Karauli_HnsChowk_D (Rajasthan)
IND332001AAB>IND333042AAA,14,2.161872840002872,1.5889689578713968,38.285714285714285,Sikar_FatehpRd_I (Rajasthan),Nawalgarh_NavldiDPP_D (Rajasthan)
IND630002AAA>IND622407AAA,14,1.450043500286331,1.4255319148936172,21.071428571428573,Karaikudi_Sbrmnprm_D (Tamil Nadu),Ponnamaravathi_Puduvalvu_D (Tamil Nadu)
IND110078AAA>IND110043AAA,14,3.055166572557877,2.732919254658385,43.0,Janakpuri (Delhi),Delhi_Nangli_IP (Delhi)
IND508001AAA>IND501359AAE,14,1.7983095076805375,1.7543103448275863,69.64285714285714,Nalgonda_HydRoad_DC (Telangana),Hyderabad_Shamshbd_H (Telangana)
IND508116AAA>IND508277AAB,14,1.0811845052911417,1.0674242424242424,3.5714285714285716,Bhuvanagiri_HBColny_D (Telangana),Mothkur_Mainroad_D (Telangana)
IND521225AAB>IND507002AAA,14,2.0453189758504204,1.8008620689655173,120.21428571428571,Vijayawada_Rynapadu_H (Andhra Pradesh),Khammam_NSTRoad_I (Telangana)
IND518002AAA>IND584101AAA,14,1.756028748259205,1.7765957446808511,69.0,Kurnool_AbbasNgr_I (Andhra Pradesh),Raichur_LSRoad_DC (Karnataka)
IND534001AAA>IND521333AAA,14,1.9002452177452176,1.7541666666666667,23.071428571428573,Eluru_Agraharm_DC (Andhra Pradesh),Kaikaluru_Atapaka_D (Andhra Pradesh)
IND160002AAC>IND174307AAA,14,1.3838663359045182,1.3536019536019537,69.42857142857143,Chandigarh_Mehmdpur_H (Punjab),Bangana_Bhaleti_D (Himachal Pradesh)
IND844505AAB>IND842001AAA,14,11.90030086635525,11.778846153846153,562.7142857142857,HazratJandaha_HajiprRD_D (Bihar),Muzaffrpur_Bbganj_I (Bihar)
IND524132AAA>IND524101AAB,14,1.6777501991787707,1.6714285714285715,24.285714285714285,Venktagiri_TirupthiRd_D (Andhra Pradesh),Gudur_Bngisheb_D (Andhra Pradesh)
IND416510AAA>IND416606AAA,14,2.07299861973775,2.0842198581560285,49.142857142857146,Sawantwadi_LaxmiNgr_D (Maharashtra),Malvan_BllvMarg_D (Maharashtra)
IND382430AAB>IND313001AAB,14,2.010317123616447,1.9821166928309786,197.28571428571428,Ahmedabad_East_H_1 (Gujarat),Udaipur_Mangri_I (Rajasthan)
IND600044AAD>IND600048AAA,14,3.7601981351981353,4.132575757575758,31.714285714285715,Chennai_Chrompet_DPC (Tamil Nadu),Chennai_Vandalur_Dc (Tamil Nadu)
IND600056AAB>IND524003AAA,14,1.6296954785292044,1.6099999999999999,94.71428571428571,MAA_Poonamallee_HB (Tamil Nadu),Nellore_DC (Andhra Pradesh)
IND600008AAA>IND600044AAC,14,2.31621452279347,2.080014224751067,49.285714285714285,Chennai_Egmore_C (Tamil Nadu),Chennai_Chrompet_PC (Tamil Nadu)
IND273304AAA>IND273014AAB,14,4.602187201339199,4.147540983606557,220.5,Nichlaul_Wardno13_D (Uttar Pradesh),Gorakhpur_Matriprm_IP (Uttar Pradesh)
IND000000ACB>IND600056AAB,14,1.9359991784709067,1.86055900621118,1507.2857142857142,Gurgaon_Bilaspur_HB (Haryana),MAA_Poonamallee_HB (Tamil Nadu)
IND843329AAB>IND843301AAA,13,3.050629779577148,2.789473684210526,39.07692307692308,Sheohar_Ward9DPP_D (Bihar),Sitamari_Durma_D (Bihar)
IND274001AAA>IND274509AAB,13,2.3306521739130437,1.875,30.076923076923077,Deoria_CCRoad_D (Uttar Pradesh),Salempur_Banjaria_D (Uttar Pradesh)
IND274304AAB>IND274301AAB,13,2.3587229763700353,2.2941176470588234,23.307692307692307,Padrauna_BawliDPPP_D (Uttar Pradesh),Kaptanganj_Subshngr_D (Uttar Pradesh)
IND122001AAJ>IND507123AAA,13,0.7887778216840938,0.7758620689655172,-12.153846153846153,Mahbubabad_Yellanda_D (Telangana),Yellandu_Sudimala_D (Telangana)
IND000000ACB>IND124103AAA,13,1.9751920829851068,1.8333333333333333,46.84615384615385,Gurgaon_Bilaspur_HB (Haryana),Jhajjar_DC (Haryana)
IND530012AAA>IND530043AAA,13,3.2251192773066513,2.888888888888889,42.30769230769231,Visakhapatnam_Gajuwaka_IP (Andhra Pradesh),Visakhapatnam_VislkNgr_DC (Andhra Pradesh)
IND281121AAB>IND110037AAM,13,2.458770326570771,2.15,172.46153846153845,Vrindavan_MathuraRD_D (Uttar Pradesh),Delhi_Airport_H (Delhi)
IND413709AAA>IND423109AAA,13,1.9938715131022824,1.8846153846153846,27.076923076923077,Shrirampur_DavkharRd_D (Maharashtra),Shirdi_SaiBansi_D (Maharashtra)
IND518002AAA>IND518401AAA,13,1.7888026785968945,1.7586206896551724,24.53846153846154,Kurnool_AbbasNgr_I (Andhra Pradesh),Nandikotkr_UmarDPP_D (Andhra Pradesh)
IND313001AAB>IND312001AAA,13,2.0477988540184255,2.0759493670886076,83.07692307692308,Udaipur_Mangri_I (Rajasthan),Chittaurgarh_DC (Rajasthan)
IND312001AAA>IND311001AAA,13,1.5887796704439348,1.565217391304348,27.0,Chittaurgarh_DC (Rajasthan),Bhilwara_DC (Rajasthan)
IND803116AAA>IND803108AAB,13,2.3256723668488375,2.2285714285714286,44.53846153846154,Rajgir_PnditNGR_D (Bihar),Chandi_SH78_D (Bihar)
IND562132AAA>IND462022AAA,13,1.9830282124735465,1.9340446168768186,1013.7692307692307,Bangalore_Nelmngla_H (Karnataka),Bhopal_Trnsport_H (Madhya Pradesh)
IND683565AAA>IND683511AAA,13,1.9077437182700339,1.894736842105263,17.692307692307693,Kunnathund_Pringla_D (Kerala),Aluva_Peedika_H (Kerala)
IND301001AAB>IND321001AAB,13,1.795507811790706,1.7384615384615385,52.61538461538461,Alwar_Central_I_1 (Rajasthan),Bharatpur_NraynDPP_D (Rajasthan)
IND842001AAA>IND843329AAB,13,1.3542574965918515,1.3793103448275863,20.53846153846154,Muzaffrpur_Bbganj_I (Bihar),Sheohar_Ward9DPP_D (Bihar)
IND000000AFT>IND410210AAA,13,3.096361836544023,2.875,32.23076923076923,Mumbai_Sanpada_I (Maharashtra),Mumbai_Kharghar_D (Maharashtra)
IND695572AAB>IND695541AAA,13,1.4536630036630038,1.4761904761904763,9.692307692307692,Kallikkad_Mutyvila_D (Kerala),Nedumangad_Arsprmbu_D (Kerala)
IND211002AAB>IND211011AAA,13,6.280677655677655,4.625,36.53846153846154,Allahabad_Central_H_1 (Uttar Pradesh),Allahabad_Central_D_5 (Uttar Pradesh)
IND713128AAB>IND731204AAB,13,3.2003598740440844,2.888888888888889,39.84615384615385,Guskhara_Itachnda_D (West Bengal),Bolpur_WebelDPP_D (West Bengal)
IND786001AAB>IND786171AAA,13,3.2378634367003754,3.1666666666666665,111.61538461538461,Dibrugarh_Bokule_H (Assam),Digboi_JyotiNgr_D (Assam)
IND788026AAC>IND788151AAA,13,2.864048994483777,2.5454545454545454,41.0,Silchar_Sirikona_H (Assam),Hailakandi_kalibari_D (Assam)
IND410206AAA>IND000000AFT,13,3.663827104268281,2.3636363636363638,39.61538461538461,Jasai_JNPT_D (Maharashtra),Mumbai_Sanpada_I (Maharashtra)
IND402301AAA>IND402107AAA,13,2.162171387798368,2.0,77.92307692307692,Mahad_Govndsgr_D (Maharashtra),Pen_BljiMrkt_D (Maharashtra)
IND431136AAC>IND411033AAA,13,2.0402929403590924,1.9298245614035088,179.15384615384616,Aurangabad_Central_H_1 (Maharashtra),Pune_Tathawde_H (Maharashtra)
IND683572AAA>IND680307AAA,13,1.6240138067061143,1.3636363636363635,7.3076923076923075,Angamaly_CivilStn_D (Kerala),Chalakudy_SurbhiTh_D (Kerala)
IND625106AAA>IND625008AAA,13,1.6745282972279938,1.7173913043478262,29.46153846153846,Melur_MduraiRD_D (Tamil Nadu),Madurai_Kappalur_H (Tamil Nadu)
IND400037AAA>IND400072AAJ,13,3.1731504281671503,3.3076923076923075,28.923076923076923,Mumbai Antop Hill (Maharashtra),Mumbai_Tejpal_I (Maharashtra)
IND506001AAC>IND505467AAA,13,1.6348299168152107,1.588235294117647,21.923076923076923,Warangal_Central_D_2 (Telangana),Husnabad_Greenmkt_D (Telangana)
IND505467AAA>IND505122AAA,13,1.7026226112257563,1.7333333333333334,32.15384615384615,Husnabad_Greenmkt_D (Telangana),Jammikunta_ConduDPP_D (Telangana)
IND403726AAA>IND581303AAA,13,1.8269397158972132,1.6585365853658536,66.84615384615384,Goa_Hub (Goa),Karwar_Central_D_1 (Karnataka)
IND562101AAA>IND561207AAB,13,1.139871808900149,1.1578947368421053,5.3076923076923075,Chikblapur_ShntiSgr_D (Karnataka),Bagepalli_TBCross_D (Karnataka)
IND627401AAA>IND627005AAA,13,2.2633811660127447,2.2222222222222223,45.84615384615385,Ambasamdrm_Solaiprm_D (Tamil Nadu),Tirunelveli_VdkkuSrt_I (Tamil Nadu)
IND305404AAA>IND305601AAC,13,1.5062902579784407,1.4464285714285714,28.076923076923077,Kekri_LxmntDPP_D (Rajasthan),Nasirabad_Central_DPP_2 (Rajasthan)
IND683511AAA>IND68004AAA,13,2.1038138381375466,1.4,53.15384615384615,Aluva_Peedika_H (Kerala),Thrissur_Poothole_D (Kerala)
IND176310AAA>IND145001AAA,13,6.140707552392612,6.177514792899408,881.8461538461538,Chamba_Bangotu_D (Himachal Pradesh),Pathankot_DC (Punjab)
IND721102AAA>IND712311AAA,13,7.579749011731966,7.9,605.0769230769231,Midnapore_Talkui_D (West Bengal),Kolkata_Dankuni_HB (West Bengal)
IND263002AAA>IND263645AAA,13,1.2319516581195262,1.1666666666666667,19.923076923076923,Nainital_Sookhtal_D (Uttarakhand),Ranikhet_Subhash_D (Uttarakhand)
IND678683AAA>IND000000ABD,13,1.2893642305407012,1.2121212121212122,10.076923076923077,Vadakkencherry_Robinson_D (Kerala),Pallakad_ChndrNgr_D (Kerala)
IND814133AAB>IND816109AAA,13,2.5208773598196674,2.4375,97.07692307692308,Godda_Central_D_2 (Jharkhand),Sahebganj_BaraLoha_D (Jharkhand)
IND751002AAB>IND562132AAA,13,2.256427612799416,2.262511803588291,1328.8461538461538,Bhubaneshwar_Hub (Orissa),Bangalore_Nelmngla_H (Karnataka)
IND756100AAC>IND758034AAA,13,2.6836901754576763,2.298136645962733,271.38461538461536,Bhadrak_Central_I_2 (Orissa),Joda_Central_D_1 (Orissa)
IND466116AAA>IND462022AAA,13,2.8980666501214447,2.3857142857142857,139.6153846153846,Ashta_ShantiNg_D (Madhya Pradesh),Bhopal_Trnsport_H (Madhya Pradesh)
IND205135AAA>IND283203AAA,13,2.4000396919901563,2.235294117647059,26.0,Shikohabad_Katrmira_D (Uttar Pradesh),Firozabad_Sudmpuri_D (Uttar Pradesh)
IND580028AAA>IND590016AAA,13,3.740994503460257,2.1733333333333333,202.69230769230768,Hubli_Adargchi_IP (Karnataka),Belgaum_Dc (Karnataka)
IND580028AAA>IND403726AAA,13,2.490311902142225,2.4532374100719423,209.23076923076923,Hubli_Adargchi_IP (Karnataka),Goa_Hub (Goa)
IND388620AAB>IND388320AAA,13,1.7907703441442044,1.8043478260869565,36.07692307692308,Khambhat_MotvdDPP_D (Gujarat),Anand_Vaghasi_IP (Gujarat)
IND500039AAC>IND508116AAA,13,2.3163275716326117,2.3214285714285716,37.07692307692308,Hyderabad_Uppal_I (Telangana),Bhuvanagiri_HBColny_D (Telangana)
IND465683AAA>IND465001AAA,13,1.7330543773896065,1.4492753623188406,49.69230769230769,Pachore_Shop3DPP_D (Madhya Pradesh),Shajapur_MhpraRD_D (Madhya Pradesh)
IND603001AAA>IND603301AAA,13,1.4557925734396322,1.4285714285714286,15.846153846153847,Chennai_Chnglptu_DC (Tamil Nadu),Malemruvathur_Achipkam_D (Tamil Nadu)
IND515671AAA>IND515134AAA,13,1.5317089228853935,1.5185185185185186,18.23076923076923,Dharmavram_SaiNgr_D (Andhra Pradesh),Puttaprthi_Gokulam_D (Andhra Pradesh)
IND503111AAC>IND501359AAE,13,2.4481062948532086,2.233009708737864,149.15384615384616,Kamareddy_Devenply_I (Telangana),Hyderabad_Shamshbd_H (Telangana)
IND360510AAB>IND360530AAB,13,1.6072332608937383,1.4230769230769231,15.76923076923077,Bhanvad_Mainroad_D (Gujarat),Jamjodhpur_Court_D (Gujarat)
IND786001AAB>IND786602AAA,13,1.7299935358758889,1.5294117647058822,25.76923076923077,Dibrugarh_Bokule_H (Assam),Duliajan_StatonRd_D (Assam)
IND721306AAA>IND721507AAA,13,2.643849054623424,2.3404255319148937,71.3076923076923,Kharagpur_DC (West Bengal),Jhargram_UBamdDPP_D (West Bengal)
IND562132AAA>IND411033AAA,13,1.668318045589212,1.6914556962025316,421.53846153846155,Bangalore_Nelmngla_H (Karnataka),Pune_Tathawde_H (Maharashtra)
IND712311AAA>IND834002AAB,13,2.4349642281096795,2.347670250896057,407.0,Kolkata_Dankuni_HB (West Bengal),Ranchi_Hub (Jharkhand)
IND245304AAA>IND201007AAA,13,2.6305509939731797,2.6470588235294117,58.07692307692308,Pilkhuwa_HapurRD_D (Uttar Pradesh),GZB_Mohan_Nagar_DPC (Uttar Pradesh)
IND175015AAA>IND174001AAA,13,7.394949390834361,7.2631578947368425,841.3076923076923,JognderNgr_Dhelu_D (Himachal Pradesh),BilaspurHP_Indsarea_D (Himachal Pradesh)
IND606803AAA>IND606801AAB,13,1.4001383399209486,1.3478260869565217,9.461538461538462,Polur_StationRD_D (Tamil Nadu),Chetpet_Blmrgnst_D (Tamil Nadu)
IND450331AAA>IND452001AAC,13,2.294482407439998,2.242857142857143,88.84615384615384,Burhanpur_StRoad_D (Madhya Pradesh),Jalgaon_DC (Maharashtra)
IND208012AAA>IND209304AAA,13,37.51325055663291,41.5,593.5384615384615,Kanpur_Central_D_7 (Uttar Pradesh),Kanpur_Central_H_6 (Uttar Pradesh)
IND606801AAB>IND632006AAA,13,2.5576750407247815,2.314814814814815,85.38461538461539,Chetpet_Blmrgnst_D (Tamil Nadu),Vellore_GndhiNgr_IP (Tamil Nadu)
IND333042AAA>IND333031AAA,13,1.6206227118408134,1.605263157894737,45.69230769230769,Nawalgarh_NavldiDPP_D (Rajasthan),Pilani (Rajasthan)
IND600056AAB>IND600016AAC,13,2.4235129552610575,2.5161290322580645,46.38461538461539,MAA_Poonamallee_HB (Tamil Nadu),Chennai_Perungudi_DPC (Tamil Nadu)
IND600056AAB>IND560099AAB,13,1.766254825162148,1.7191489361702128,180.92307692307693,MAA_Poonamallee_HB (Tamil Nadu),Bengaluru_Bomsndra_HB (Karnataka)
IND384205AAA>IND384355AAB,13,1.7918552036199098,1.6764705882352942,26.307692307692307,Mehsana_Panchot_IP (Gujarat),Vadnagar_BsstdDPP_D (Gujarat)
IND742102AAB>IND713130AAA,13,2.1149309460300447,2.010752688172043,102.6923076923077,Berhampore_Central_I_2 (West Bengal),Katwa_BSarani_D (West Bengal)
IND224001AAA>IND224141AAB,13,3.235815593424289,3.15,55.69230769230769,Faizabad_TrnspNgr_D (Uttar Pradesh),Gosainganj_Pakrela_D (Uttar Pradesh)
IND212501AAA>IND212402AAA,13,1.7551839464882943,1.72,18.692307692307693,Soraon_BypassRD_D (Uttar Pradesh),Phulpur_Shekhpur_D (Uttar Pradesh)
IND211002AAB>IND485001AAC,13,2.50471059445922,2.473684210526316,200.15384615384616,Allahabad_Central_H_1 (Uttar Pradesh),Satna_Central_I_2 (Madhya Pradesh)
IND211011AAA>IND212501AAA,13,4.289575140578485,3.9523809523809526,70.92307692307692,Allahabad_Central_D_5 (Uttar Pradesh),Soraon_BypassRD_D (Uttar Pradesh)
IND415409AAB>IND415124AAA,13,1.7330315565441423,1.6666666666666667,16.692307692307693,Islampur_Shantanu_D (Maharashtra),Karad_Mundhe_D (Maharashtra)
IND283203AAA>IND110037AAM,13,2.131107501552969,2.2142857142857144,221.0,Firozabad_Sudmpuri_D (Uttar Pradesh),Delhi_Airport_H (Delhi)
IND212402AAA>IND211002AAB,13,29.003003003003002,29.13888888888889,1014.4615384615385,Phulpur_Shekhpur_D (Uttar Pradesh),Allahabad_Central_H_1 (Uttar Pradesh)
IND531163AAA>IND535001AAA,13,2.1882810172283857,2.1818181818181817,24.76923076923077,Bheemunipatnam_SaiTempl_D (Andhra Pradesh),Vizianagaram_NcsRd_DC (Andhra Pradesh)
IND523226AAA>IND523316AAB,13,1.8826942169142111,1.88135593220339,52.15384615384615,Chimkurthy_MSRClgRd_D (Andhra Pradesh),Markapur_VidyaNgr_D (Andhra Pradesh)
IND160002AAC>IND144001AAB,13,2.3089178686862413,2.1621621621621623,150.15384615384616,Chandigarh_Mehmdpur_H (Punjab),Jalandhar_DPC (Punjab)
IND123001AAA>IND123401AAB,13,1.9941313588372411,1.911764705882353,34.0,Narnaul_DC (Haryana),Rewari_YuktiDPP_D (Haryana)
IND603203AAA>IND600044AAD,13,3.5325760777683852,3.357142857142857,36.0,Chennai_Potheri (Tamil Nadu),Chennai_Chrompet_DPC (Tamil Nadu)
IND263153AAB>IND263002AAA,13,1.6840982739313344,1.431578947368421,67.38461538461539,Rudrapur_UdhamNgr_H (Uttarakhand),Nainital_Sookhtal_D (Uttarakhand)
IND363520AAC>IND363001AAA,13,1.2133045525902668,1.183673469387755,10.384615384615385,Chotila_Central_D_2 (Gujarat),Surendranagar_DC (Gujarat)
IND363421AAB>IND364710AAA,13,1.9694799127997509,1.8974358974358974,37.23076923076923,Limbdi_Busstand_D (Gujarat),Botad_DC (Gujarat)
IND741156AAA>IND742102AAB,13,3.3090908538014796,3.3333333333333335,76.0,Plassey_BtaiRoad_D (West Bengal),Berhampore_Central_I_2 (West Bengal)
IND600056AAB>IND605010AAB,13,1.5242775679122254,1.4316546762589928,72.6923076923077,MAA_Poonamallee_HB (Tamil Nadu),Pondicherry_Vasanthm_I (Pondicherry)
IND600056AAB>IND632006AAA,13,1.8175059643876088,1.7142857142857142,68.6923076923077,MAA_Poonamallee_HB (Tamil Nadu),Vellore_GndhiNgr_IP (Tamil Nadu)
IND515004AAA>IND515671AAA,13,2.729974528160012,1.875,54.92307692307692,Anantapur_KamaStrt_I (Andhra Pradesh),Dharmavram_SaiNgr_D (Andhra Pradesh)
IND723133AAA>IND723130AAA,13,1.5129779458267831,1.4,23.153846153846153,Rghunthpur_barkarRd_D (West Bengal),Hura_Central_D_1 (West Bengal)
IND411033AAA>IND416012AAA,13,1.6996092143150965,1.6363636363636365,154.23076923076923,Pune_Tathawde_H (Maharashtra),Kolhapur_Shivaji_I (Maharashtra)
IND302006AAA>IND302014AAB,13,3.921619431347938,3.7333333333333334,36.53846153846154,Jaipur (Rajasthan),Jaipur_Central_I_7 (Rajasthan)
IND731204AAB>IND731301AAA,13,2.2972458310919848,2.4285714285714284,27.76923076923077,Bolpur_WebelDPP_D (West Bengal),Nanoor_Central_DPP_1 (West Bengal)
IND683511AAA>IND000000ADM,13,1.5893348674117904,1.4615384615384615,15.0,Aluva_Peedika_H (Kerala),Cochin_Kdvantra_D (Kerala)
IND243001AAA>IND243503AAB,13,2.4804229565502776,2.2962962962962963,40.61538461538461,Bareilly_Central_D_2 (Uttar Pradesh),Faridpur_ShjnprRD_D (Uttar Pradesh)
IND500008AAC>IND501359AAE,13,6.711967959576655,3.391304347826087,128.07692307692307,Hyderabad_Tolichwk_I (Telangana),Hyderabad_Shamshbd_H (Telangana)
IND742226AAA>IND742102AAB,13,2.2521595983134444,2.2285714285714286,45.69230769230769,Sagardighi_UtBzrDPP_D (West Bengal),Berhampore_Central_I_2 (West Bengal)
IND383001AAA>IND383315AAC,13,1.2697057063716766,1.2195121951219512,10.923076923076923,Himmatnagar_DC (Gujarat),Modasa_Central_D_1 (Gujarat)
IND332404AAA>IND332001AAB,12,1.4883404331933745,1.4189189189189189,18.166666666666668,Reengus_Shop2DPP_D (Rajasthan),Sikar_FatehpRd_I (Rajasthan)
IND821115AAB>IND209304AAA,12,1.9384100981323202,1.9460921177587844,304.5833333333333,Sasaram_Central_I_2 (Bihar),Kanpur_Central_H_6 (Uttar Pradesh)
IND121102AAA>IND121004AAB,12,4.280148847533905,3.992857142857143,93.83333333333333,Palwal (Haryana),FBD_Balabhgarh_DPC (Haryana)
IND400705AAA>IND421302AAH,12,3.755413608061659,3.1075,73.41666666666667,Mumbai_Sanpada_CP (Maharashtra),Bhiwandi_Mankoli_GW (Maharashtra)
IND509216AAC>IND501359AAE,12,2.143839031339031,2.0476923076923077,28.666666666666668,Shadnagar_Central_D_1 (Telangana),Hyderabad_Shamshbd_H (Telangana)
IND110037AAM>IND000000ACB,12,1.5790936776401894,1.5424418604651162,24.75,Delhi_Airport_H (Delhi),Gurgaon_Bilaspur_HB (Haryana)
IND423601AAA>IND423701AAB,12,2.384957307185568,2.2083333333333335,33.083333333333336,Kopargaon_NkshtrPz_D (Maharashtra),Vaijiapur_YeolaRD_D (Maharashtra)
IND423109AAA>IND423601AAA,12,2.7462962962962965,2.125,15.833333333333334,Shirdi_SaiBansi_D (Maharashtra),Kopargaon_NkshtrPz_D (Maharashtra)
IND788151AAA>IND788713AAA,12,2.888471196952843,2.6901270772238517,60.0,Hailakandi_kalibari_D (Assam),Karimganj_Alngjuri_D (Assam)
IND144001AAC>IND000000ACA,12,2.0227002002285404,1.8908355795148248,54.583333333333336,Jalandhar_Sodal Road (Punjab),Ludhiana_MilrGanj_HB (Punjab)
IND562132AAA>IND518002AAA,12,1.5826834732553061,1.5867807630965527,166.41666666666666,Bangalore_Nelmngla_H (Karnataka),Kurnool_AbbasNgr_I (Andhra Pradesh)
IND505327AAA>IND505425AAA,12,1.7709555752125412,1.5476190476190477,14.75,Jagtial_Aravind_D (Telangana),DhrmpuriTS_HanumDPP_D (Telangana)
IND712311AAA>IND713205AAB,12,2.234498806157972,2.119047619047619,130.33333333333334,Kolkata_Dankuni_HB (West Bengal),Durgapur_Central_I_1 (West Bengal)
IND442101AAB>IND445001AAB,12,2.2916999834762994,2.1998577524893315,47.833333333333336,Deoli_Central_DPP_2 (Maharashtra),Yavatmal_JajuDPP_D (Maharashtra)
IND110044AAB>IND201301AAF,12,2.49021164021164,1.9126984126984128,21.25,Del_Okhla_PC (Delhi),Noida_Sec 02_DPC (Uttar Pradesh)
IND401209AAB>IND401104AAA,12,7.051674715606604,8.142857142857142,121.5,Mumbai_Vasai_CP (Maharashtra),Mumbai_MiraRd_IP (Maharashtra)
IND600044AAD>IND603001AAA,12,2.722315579921253,2.664408866995074,51.166666666666664,Chennai_Chrompet_DPC (Tamil Nadu),Chennai_Chnglptu_DC (Tamil Nadu)
IND562132AAA>IND515004AAA,12,1.5190068469070042,1.5370676195051645,95.0,Bangalore_Nelmngla_H (Karnataka),Anantapur_KamaStrt_I (Andhra Pradesh)
IND845418AAB>IND845438AAA,12,2.15040193220774,2.1228070175438596,65.66666666666667,Dhaka_PchpkrRD_D (Bihar),Bettiah_BypassRd_D (Bihar)
IND000000ACA>IND144514AAA,12,2.140588553222962,1.8174603174603174,71.5,Ludhiana_MilrGanj_HB (Punjab),Nawanshahr_DC (Punjab)
IND641062AAD>IND638401AAA,12,1.8691059559563152,1.8112320633349825,37.666666666666664,Coimbatore_Karayam_H (Tamil Nadu),Sathyamangalam_Mlydpthr_D (Tamil Nadu)
IND641062AAD>IND641607AAA,12,1.7810291613452531,1.7000000000000002,22.5,Coimbatore_Karayam_H (Tamil Nadu),Tirupur_Koliplm_I (Tamil Nadu)
IND000000ABD>IND562132AAA,12,1.7562629383971589,1.704054054054054,280.3333333333333,Pallakad_ChndrNgr_D (Kerala),Bangalore_Nelmngla_H (Karnataka)
IND000000ACA>IND142401AAA,12,2.2806847253469233,1.9210526315789473,28.916666666666668,Ludhiana_MilrGanj_HB (Punjab),Khanna_DC (Punjab)
IND562132AAA>IND416012AAA,12,1.631996110729211,1.6183087259542543,276.5,Bangalore_Nelmngla_H (Karnataka),Kolhapur_Shivaji_I (Maharashtra)
IND695012AAA>IND691001AAB,12,1.6410416261978762,1.547008547008547,41.416666666666664,Trivandrum_Mnanthla_H (Kerala),Kollam_Central_H_1 (Kerala)
IND160102AAD>IND160002AAC,12,1.6272475325784148,1.5900735294117647,21.666666666666668,Chandigarh_Raiprkln_C (Chandigarh),Chandigarh_Mehmdpur_H (Punjab)
IND508206AAA>IND507159AAA,12,1.398367213963189,1.3513513513513513,14.5,Kodad_VidyaNgr_D (Telangana),Kusumnchi_SKRoad_D (Telangana)
IND312605AAB>IND458001AAB,12,1.8227746212121214,1.7878787878787878,26.416666666666668,Pratapgarh_Nimachrd_D (Rajasthan),Mandsaur_YashDPP_D (Madhya Pradesh)
IND322201AAA>IND303503AAA,12,1.721985832868295,1.6942528735632183,22.166666666666668,Gangapur_Ward6DPP_D (Rajasthan),Lalsot_NWclyDPP_D (Rajasthan)
IND341505AAA>IND341503AAB,12,1.977799090650753,1.8970588235294117,66.66666666666667,Makrana_Mwalibad_D (Rajasthan),Degana_BhukrdPP_D (Rajasthan)
IND431517AAB>IND411033AAA,12,2.770227780160314,2.768272113943029,409.3333333333333,Ambajogai_BnsllNgr_D (Maharashtra),Pune_Tathawde_H (Maharashtra)
IND751002AAB>IND756100AAC,12,1.8587072099127502,1.8296703296703296,75.25,Bhubaneshwar_Hub (Orissa),Bhadrak_Central_I_2 (Orissa)
IND757037AAA>IND756100AAC,12,2.914661431193183,2.783109938190152,230.33333333333334,Karanjia_Sarubali_D (Orissa),Bhadrak_Central_I_2 (Orissa)
IND135001AAA>IND173025AAA,12,2.360310396596243,2.3,61.416666666666664,YamunaNagar_DC (Haryana),PaontSahib_Gurudwar_D (Himachal Pradesh)
IND501359AAE>IND500010AAA,12,2.13204008515541,1.9358974358974357,42.75,Hyderabad_Shamshbd_H (Telangana),Hyderabad_Alwal_I (Telangana)
IND248001AAA>IND131028AAB,12,2.106775457376845,2.0512809312687006,237.41666666666666,Dehradun (Uttarakhand),Sonipat_Kundli_H (Haryana)
IND761200AAA>IND532001AAB,12,2.1983911513323275,2.144230769230769,60.333333333333336,Paralakhemundi_Ward14_D (Orissa),Srikakulam_Kuslpram_I (Andhra Pradesh)
IND501359AAE>IND533106AAA,12,2.2064681497952514,2.2142857142857144,361.0833333333333,Hyderabad_Shamshbd_H (Telangana),Rajamundry_AtoNgrRd_I (Andhra Pradesh)
IND508377AAB>IND501359AAE,12,2.0683917638273206,1.8043478260869565,123.83333333333333,Haliya_PeroorRD_D (Telangana),Hyderabad_Shamshbd_H (Telangana)
IND518002AAA>IND501359AAE,12,1.8683021180586359,1.84375,124.33333333333333,Kurnool_AbbasNgr_I (Andhra Pradesh),Hyderabad_Shamshbd_H (Telangana)
IND713364AAB>IND712311AAA,12,3.602101647595676,4.424325434871935,382.9166666666667,Rupnarayanpur_Salanpur_D (West Bengal),Kolkata_Dankuni_HB (West Bengal)
IND203135AAA>IND203396AAB,12,1.7170469929817982,1.5517241379310345,40.833333333333336,Jewar_SJRoad_D (Uttar Pradesh),Pahasu_Kanongyn_D (Uttar Pradesh)
IND573116AAA>IND571432AAB,12,1.7430384968175667,1.6704545454545454,32.833333333333336,Channaraya_patna_D (Karnataka),Nagamangala_MandyaRD_D (Karnataka)
IND638401AAA>IND638452AAA,12,1.1153128112517168,1.02,2.5833333333333335,Sathyamangalam_Mlydpthr_D (Tamil Nadu),Gobicheti_Ward25_D (Tamil Nadu)
IND631102AAA>IND600056AAB,12,1.9953050210850316,2.0707196029776673,61.75,Sholinghur_ArkonmRD_D (Tamil Nadu),MAA_Poonamallee_HB (Tamil Nadu)
IND563125AAB>IND560300AAB,12,4.3383236384661155,4.358320251177394,161.33333333333334,Chintamani_Central_D_2 (Karnataka),Bangalore_East_I_20 (Karnataka)
IND571105AAA>IND571213AAA,12,1.6976999302657196,1.6961538461538461,27.5,Hunsur_RatnaDPP_D (Karnataka),Gonikoppal_Thomas_D (Karnataka)
IND621306AAA>IND625106AAA,12,1.3691815162305472,1.3373538011695907,26.583333333333332,Manapparai_BypassRd_D (Tamil Nadu),Melur_MduraiRD_D (Tamil Nadu)
IND501359AAE>IND523002AAA,12,1.7181659216171894,1.7158244481664555,196.33333333333334,Hyderabad_Shamshbd_H (Telangana),Ongole_SubhVRTL_I (Andhra Pradesh)
IND609001AAA>IND614018AAA,12,2.2573356233444732,2.1880479251899474,74.58333333333333,Mylduthuri_Thiruviz_D (Tamil Nadu),Mannargudi_Vadasari_D (Tamil Nadu)
IND341503AAB>IND341510AAB,12,2.273098633392751,2.0606060606060606,42.333333333333336,Degana_BhukrdPP_D (Rajasthan),Merta_Central_DPP_1 (Rajasthan)
IND572101AAA>IND561203AAB,12,1.9794485860140993,1.951219512195122,41.333333333333336,Tumkur_Veersagr_I (Karnataka),Doddablpur_ChikaDPP_D (Karnataka)
IND781022AAA>IND781018AAB,12,1.48560911106867,0.9825367647058824,16.25,Guwahati_Sixmile (Assam),Guwahati_Hub (Assam)
IND713205AAB>IND712311AAA,12,6.9149689883775585,7.5160826594788865,622.6666666666666,Durgapur_Central_I_1 (West Bengal),Kolkata_Dankuni_HB (West Bengal)
IND561207AAB>IND562108AAA,12,1.3153624349437874,1.3332562442183162,14.25,Bagepalli_TBCross_D (Karnataka),Gauribidanur_Gurukrpa_D (Karnataka)
IND271210AAA>IND271001AAA,12,3.554286174460534,3.0733695652173916,121.33333333333333,Tulsipur_Central_DPP_1 (Uttar Pradesh),Gonda_KotwaliN_D (Uttar Pradesh)
IND815351AAA>IND814101AAB,12,1.0945185634391212,1.0670103092783505,9.25,Jamtara_D (Jharkhand),Dumka_Dudhani_D (Jharkhand)
IND303301AAB>IND303303AAA,12,1.565497425280034,1.525,13.083333333333334,Bassi_DmodrNGR_D (Rajasthan),Dausa_IndraCln_D (Rajasthan)
IND561203AAB>IND562101AAA,12,1.5607632953466286,1.52,14.416666666666666,Doddablpur_ChikaDPP_D (Karnataka),Chikblapur_ShntiSgr_D (Karnataka)
IND507002AAA>IND508206AAA,12,2.545575716845878,2.1311827956989244,46.25,Khammam_NSTRoad_I (Telangana),Kodad_VidyaNgr_D (Telangana)
IND507123AAA>IND506314AAA,12,1.3814334247986375,1.424142031940197,41.25,Yellandu_Sudimala_D (Telangana),Rayaparthi_Perkadrd_D (Telangana)
IND441904AAB>IND441912AAA,12,1.9588464696223316,1.7857142857142856,27.583333333333332,Bhandara_RjnaiDPP_D (Maharashtra),Bhandara_KaremDPP_D (Maharashtra)
IND400011AAA>IND400072AAB,12,2.5172940009337066,2.3119047619047617,22.333333333333332,LowerParel_CP (Maharashtra),Mumbai Hub (Maharashtra)
IND781018AAB>IND788026AAC,12,2.853661149976249,2.7214859437751002,461.3333333333333,Guwahati_Hub (Assam),Silchar_Sirikona_H (Assam)
IND603102AAA>IND600056AAB,12,1.9648250117697954,1.8582089552238807,65.25,Kalpakkam_Sadras_D (Tamil Nadu),MAA_Poonamallee_HB (Tamil Nadu)
IND246701AAA>IND246763AAA,12,2.0285897435897438,1.9230769230769231,26.0,Bijnor_NaginaRd_D (Uttar Pradesh),Najibabad_KotdwrRD_D (Uttar Pradesh)
IND742102AAB>IND742303AAB,12,2.069440643434896,2.107142857142857,30.416666666666668,Berhampore_Central_I_2 (West Bengal),Domkal_Central_D_2 (West Bengal)
IND495334AAB>IND491995AAB,12,1.6227400819792124,1.6043478260869566,27.916666666666668,Mungeli_Panderia_D (Chhattisgarh),Kawardha_TrnsptNGR_D (Chhattisgarh)
IND743513AAA>IND743347AAA,12,2.1939798025324344,2.1686507936507935,44.0,Fatepur_NH117_D (West Bengal),Kakdwip_KlngrDPP_D (West Bengal)
IND742401AAA>IND742102AAB,12,3.3264617809352557,3.015151515151515,152.0,Ghanashyampur_NditaDPP_D (West Bengal),Berhampore_Central_I_2 (West Bengal)
IND605010AAB>IND607001AAA,12,1.7516420361247949,1.7413793103448276,21.833333333333332,Pondicherry_Vasanthm_I (Pondicherry),Cuddalore_KtsiGrsm_D (Tamil Nadu)
IND751002AAB>IND760003AAB,12,2.208735529844859,2.030075187969925,163.66666666666666,Bhubaneshwar_Hub (Orissa),Berhampur_Khajuria_I (Orissa)
IND411033AAA>IND431136AAC,12,2.1688132612140616,2.192353461172311,201.0,Pune_Tathawde_H (Maharashtra),Aurangabad_Central_H_1 (Maharashtra)
IND581303AAA>IND581400AAB,12,1.4005152524883544,1.3982469512195121,14.916666666666666,Karwar_Central_D_1 (Karnataka),Mallapur_ShtDRDPP_D (Karnataka)
IND518401AAA>IND518422AAB,12,2.0053608971543753,1.9416666666666669,24.916666666666668,Nandikotkr_UmarDPP_D (Andhra Pradesh),Atmakur_IndraNgr_D (Andhra Pradesh)
IND263645AAA>IND263601AAA,12,2.178012837313753,2.046634870164282,56.75,Ranikhet_Subhash_D (Uttarakhand),Almora_SuzkiSrv_D (Uttarakhand)
IND723131AAA>IND722140AAA,12,1.3971203975236233,1.333165322580645,12.416666666666666,Manbazar_Central_DPP_1 (West Bengal),Khatra_KoralDPP_D (West Bengal)
IND160002AAC>IND131028AAB,12,1.9255024686071343,1.9154387833599622,120.41666666666667,Chandigarh_Mehmdpur_H (Punjab),Sonipat_Kundli_H (Haryana)
IND201301AAF>IND201304AAA,12,2.109165888577653,1.7951388888888888,17.666666666666668,Noida_Sec 02_DPC (Uttar Pradesh),Noida_Sec-83_DC (Uttar Pradesh)
IND384170AAA>IND384265AAB,12,1.3364786255411254,1.2864583333333335,8.5,Unjha_DC (Gujarat),Patan_Central_D_2 (Gujarat)
IND673573AAA>IND673592AAA,12,1.6306526684485616,1.60193019566367,38.666666666666664,Thamarassery_Chungam_D (Kerala),SultnBthry_Kollgpra_D (Kerala)
IND673592AAA>IND562132AAA,12,2.1193505389936935,2.07847533632287,250.41666666666666,SultnBthry_Kollgpra_D (Kerala),Bangalore_Nelmngla_H (Karnataka)
IND421302AAG>IND462022AAA,12,2.194630167708833,2.198200854364861,660.3333333333334,Bhiwandi_Mankoli_HB (Maharashtra),Bhopal_Trnsport_H (Madhya Pradesh)
IND302014AAA>IND313001AAB,12,1.9266198020513812,1.9059233449477353,266.9166666666667,Jaipur_Hub (Rajasthan),Udaipur_Mangri_I (Rajasthan)
IND421302AAF>IND421302AAR,12,2.9840277777777775,2.9444444444444446,17.833333333333332,Mumbai_Kalyan (Maharashtra),Mumbai_East_I_21 (Maharashtra)
IND742121AAA>IND742102AAB,12,3.967449891682628,3.840909090909091,64.08333333333333,Nowda_AmtlaDPP_D (West Bengal),Berhampore_Central_I_2 (West Bengal)
IND384355AAB>IND385001AAA,12,1.531652131413784,1.5,34.25,Vadnagar_BsstdDPP_D (Gujarat),Palanpur_DC (Gujarat)
IND581400AAB>IND581325AAA,12,1.2928726815204723,1.1727272727272728,21.75,Mallapur_ShtDRDPP_D (Karnataka),Dandeli_RKComplx_D (Karnataka)
IND251001AAA>IND247554AAA,12,2.2107065217391306,2.128623188405797,29.083333333333332,Muzaffrngr_MhmodNgr_D (Uttar Pradesh),Deoband_Ramvlg_D (Uttar Pradesh)
IND247554AAA>IND248001AAA,12,1.1737516729026698,1.193798449612403,22.333333333333332,Deoband_Ramvlg_D (Uttar Pradesh),Dehradun (Uttarakhand)
IND383315AAC>IND383255AAB,12,1.2400901891604121,1.1944834034595606,21.833333333333332,Modasa_Central_D_1 (Gujarat),Khedbrahma_Patelfli_D (Gujarat)
IND174021AAA>IND176048AAA,12,2.0948292644988045,2.086666666666667,29.75,Ghumarwin_Gndhichk_D (Himachal Pradesh),Jahu_Sulgwan_D (Himachal Pradesh)
IND382430AAB>IND370201AAA,12,1.5911904530114225,1.49375,189.5,Ahmedabad_East_H_1 (Gujarat),Gandhidham_Sector1A_IP (Gujarat)
IND530043AAA>IND531163AAA,12,1.6682508312943096,1.6590909090909092,14.916666666666666,Visakhapatnam_VislkNgr_DC (Andhra Pradesh),Bheemunipatnam_SaiTempl_D (Andhra Pradesh)
IND842001AAA>IND845418AAB,12,1.9517361111111111,1.84375,76.41666666666667,Muzaffrpur_Bbganj_I (Bihar),Dhaka_PchpkrRD_D (Bihar)
IND000000ABG>IND501359AAF,11,7.518201495474222,7.0,176.1818181818182,Hyderabad_Bownplly_C (Telangana),Hyderabad_Shamshbd_P (Telangana)
IND854326AAB>IND854105AAB,11,3.6045454545454545,2.65,52.09090909090909,Purnia_Central_H_2 (Bihar),Katihar_Central_D_2 (Bihar)
IND523002AAA>IND600056AAB,11,1.7327709962246411,1.7312252964426877,185.72727272727272,Ongole_SubhVRTL_I (Andhra Pradesh),MAA_Poonamallee_HB (Tamil Nadu)
IND842003AAB>IND483501AAA,11,2.681711917538919,2.6379310344827585,97.9090909090909,Jabalpur_Adhartal_IP (Madhya Pradesh),Katni_Bargawan_DC (Madhya Pradesh)
IND853204AAA>IND851204AAA,11,2.2134826526130875,2.0434782608695654,55.63636363636363,Naugchia_Vijayght_D (Bihar),Khagaria_GodamDPP_D (Bihar)
IND173025AAA>IND160002AAC,11,2.4289024517425,2.3737373737373737,142.8181818181818,PaontSahib_Gurudwar_D (Himachal Pradesh),Chandigarh_Mehmdpur_H (Punjab)
IND473001AAA>IND473331AAA,11,2.0339858099926165,2.0256410256410255,41.27272727272727,Guna_HnumnDPP_D (Madhya Pradesh),Ashokngr_Bypassrd_D (Madhya Pradesh)
IND246763AAA>IND246761AAA,11,2.5656059342029867,2.5161290322580645,48.27272727272727,Najibabad_KotdwrRD_D (Uttar Pradesh),Dhampur_NaginaRD_D (Uttar Pradesh)
IND382430AAB>IND364004AAB,11,1.6602369987172205,1.633587786259542,86.72727272727273,Ahmedabad_East_H_1 (Gujarat),Bhavnagar_ChtrGIDC_IP (Gujarat)
IND477001AAB>IND474003AAA,11,5.339057386397168,4.811320754716981,240.72727272727272,Bhind_EtwahDPP_D (Madhya Pradesh),Gwalior_HrihrNgr_I (Madhya Pradesh)
IND384265AAB>IND385320AAA,11,1.3253241106842732,1.2933333333333332,24.545454545454547,Patan_Central_D_2 (Gujarat),Bhabhar_TirupDPP_D (Gujarat)
IND742102AAB>IND731237AAB,11,3.049874559996918,2.838709677419355,61.18181818181818,Berhampore_Central_I_2 (West Bengal),Morgram_Kntgorya_D (West Bengal)
IND388121AAA>IND388620AAB,11,1.646480063878094,1.558139534883721,27.818181818181817,Anand_VUNagar_DC (Gujarat),Khambhat_MotvdDPP_D (Gujarat)
IND388320AAA>IND387001AAA,11,2.2134282384282384,1.6923076923076923,17.818181818181817,Anand_Vaghasi_IP (Gujarat),Nadiad_DC (Gujarat)
IND384205AAA>IND383001AAA,11,1.4963633264261553,1.4745762711864407,29.727272727272727,Mehsana_Panchot_IP (Gujarat),Himmatnagar_DC (Gujarat)
IND493118AAC>IND495334AAB,11,1.5954145957662123,1.6326530612244898,29.181818181818183,Bhatpara_TrengaRD_D (Chhattisgarh),Mungeli_Panderia_D (Chhattisgarh)
IND389151AAA>IND457661AAA,11,2.7844013480561145,2.8484848484848486,57.54545454545455,Dahod_DC (Gujarat),Jhabua_Ward11_D (Madhya Pradesh)
IND732202AAA>IND732204AAB,11,2.885281385281385,2.933333333333333,28.09090909090909,Manikchak_Enayetpr_D (West Bengal),Paranpur_Nijgan_D (West Bengal)
IND501359AAE>IND413002AAA,11,2.0864690489593287,1.9477911646586346,271.45454545454544,Hyderabad_Shamshbd_H (Telangana),Solapur_Central_I_2 (Maharashtra)
IND731224AAA>IND742147AAA,11,2.2459508152323404,2.25,37.36363636363637,Rampurhat_SrifoDPP_D (West Bengal),Khargram_BoiDPP_D (West Bengal)
IND602001AAB>IND609001AAA,11,2.3687516187516184,2.2962962962962963,36.27272727272727,Kumbakonam_Mettu_DC (Tamil Nadu),Mylduthuri_Thiruviz_D (Tamil Nadu)
IND361315AAA>IND361335AAA,11,1.5753688963366381,1.5555555555555556,16.363636363636363,Bhatiya_Kalyanpr_D (Gujarat),Dwarka_StnRoad_DC (Gujarat)
IND462011AAA>IND462022AAA,11,2.45518118245391,2.3636363636363638,17.545454545454547,Bhopal MP Nagar (Madhya Pradesh),Bhopal_Trnsport_H (Madhya Pradesh)
IND465669AAB>IND465683AAA,11,1.585900761442557,1.5277777777777777,21.0,Narsinghgarh_Central_D_1 (Madhya Pradesh),Pachore_Shop3DPP_D (Madhya Pradesh)
IND494334AAB>IND493445AAB,11,1.8036916985612175,1.7692307692307692,104.81818181818181,Kanker_KrisnKunj_D (Chhattisgarh),Mahasamund_RajpurRD_D (Chhattisgarh)
IND201301AAL>IND201301AAF,11,1.7201353067482101,1.68,18.90909090909091,Dadri_ICDCant_D (Uttar Pradesh),Noida_Sec 02_DPC (Uttar Pradesh)
IND250611AAA>IND247776AAA,11,1.9358840572421618,1.9090909090909092,30.272727272727273,Baraut_SrnprHwy_D (Uttar Pradesh),Shamli_KarnalRd_D (Uttar Pradesh)
IND365560AAB>IND364290AAA,11,2.669255401624701,2.4827586206896552,49.27272727272727,Amreli_Rajula_DC (Gujarat),Bhavnagar_Mahuva_DC (Gujarat)
IND600016AAC>IND600119AAA,11,2.2330406336088156,1.894736842105263,28.636363636363637,Chennai_Perungudi_DPC (Tamil Nadu),Chennai_Sholinganallur_Dc (Tamil Nadu)
IND362560AAA>IND362150AAA,11,1.7472550898995243,1.7704918032786885,45.72727272727273,Una_Mamlatdr_DC (Gujarat),Talala_SsnRdDPP_D (Gujarat)
IND395023AAA>IND411033AAA,11,2.8162772323612373,2.689655172413793,528.9090909090909,Surat_HUB (Gujarat),Pune_Tathawde_H (Maharashtra)
IND501359AAG>IND000000ACN,11,3.3117744955273563,2.75,46.27272727272727,Hyderabad_South_R_11 (Telangana),Hyderabad_Mhdiptnm_C (Telangana)
IND577132AAD>IND573134AAB,11,1.7971200744935452,1.84,24.09090909090909,Mudigere_HesglDPP_D (Karnataka),Sakleshpur_RgvdrDPP_D (Karnataka)
IND201007AAA>IND245304AAA,11,2.1936173361077085,2.2162162162162162,45.72727272727273,GZB_Mohan_Nagar_DPC (Uttar Pradesh),Pilkhuwa_HapurRD_D (Uttar Pradesh)
IND577002AAA>IND580028AAA,11,1.6678398642003238,1.613861386138614,67.27272727272727,Davangere_Central_I_1 (Karnataka),Hubli_Adargchi_IP (Karnataka)
IND607001AAA>IND608001AAA,11,2.0396924914166292,1.8571428571428572,29.181818181818183,Cuddalore_KtsiGrsm_D (Tamil Nadu),Chidambaram_ARBNorth_DC (Tamil Nadu)
IND609602AAA>IND611001AAA,11,3.0462801087801092,3.111111111111111,34.0,Karaikal_Thalthru_DC (Pondicherry),Nagapttinm_Sttyapar_D (Tamil Nadu)
IND574104AAA>IND574216AAA,11,1.9448092904488499,1.9565217391304348,43.81818181818182,Karkala_MarketRd_D (Karnataka),Dhrmsthala_Beltngdi_D (Karnataka)
IND441912AAA>IND441107AAB,11,2.9718240318240317,2.7027027027027026,146.27272727272728,Bhandara_KaremDPP_D (Maharashtra),Savner_Wagodha_D (Maharashtra)
IND458001AAB>IND458990AAA,11,1.9561428148747395,1.5185185185185186,27.545454545454547,Mandsaur_YashDPP_D (Madhya Pradesh),Sitamau_Central_DPP_1 (Madhya Pradesh)
IND362001AAA>IND360575AAA,11,1.5738799353257185,1.4819277108433735,48.0,Junagadh_DPC (Gujarat),Porbandar_DC (Gujarat)
IND721253AAC>IND721306AAA,11,2.5806302059288253,2.515151515151515,61.45454545454545,ChandroknaRD_Central_DPP_3 (West Bengal),Kharagpur_DC (West Bengal)
IND362150AAA>IND362001AAA,11,1.6670527453231578,1.626865671641791,44.54545454545455,Talala_SsnRdDPP_D (Gujarat),Junagadh_DPC (Gujarat)
IND577598AAC>IND577501AAA,11,1.8777076113036524,1.8387096774193548,28.09090909090909,Hiriyur_TahurDPP_D (Karnataka),Chitradurga_DC (Karnataka)
IND641654AAA>IND641664AAA,11,1.4676223776223778,1.44,11.636363636363637,Avinashi_Valluvar_D (Tamil Nadu),Tirpur_Palladam_DC (Tamil Nadu)
IND000000ACB>IND390022AAA,11,1.8067907330294644,1.7827338129496404,560.3636363636364,Gurgaon_Bilaspur_HB (Haryana),Vadodara_Karelibaug_DPC (Gujarat)
IND829121AAA>IND834002AAB,11,6.960023504097407,7.290322580645161,369.45454545454544,Peterbar_GagiDPP_D (Jharkhand),Ranchi_Hub (Jharkhand)
IND533106AAA>IND530012AAA,11,1.7271565647806453,1.7803030303030303,96.54545454545455,Rajamundry_AtoNgrRd_I (Andhra Pradesh),Visakhapatnam_Gajuwaka_IP (Andhra Pradesh)
IND532222AAA>IND761200AAA,11,2.0007713530721714,1.9508196721311475,60.36363636363637,Palasa_Central_DPP_1 (Andhra Pradesh),Paralakhemundi_Ward14_D (Orissa)
IND518002AAA>IND562132AAA,11,1.5023777653636727,1.5211267605633803,143.36363636363637,Kurnool_AbbasNgr_I (Andhra Pradesh),Bangalore_Nelmngla_H (Karnataka)
IND521225AAB>IND501359AAE,11,1.8615465131600366,1.7843137254901962,219.0,Vijayawada_Rynapadu_H (Andhra Pradesh),Hyderabad_Shamshbd_H (Telangana)
IND641607AAA>IND641654AAA,11,2.044229055258467,2.0,16.90909090909091,Tirupur_Koliplm_I (Tamil Nadu),Avinashi_Valluvar_D (Tamil Nadu)
IND000000ACB>IND521225AAB,11,1.9705020752378315,1.9493374902572096,1244.5454545454545,Gurgaon_Bilaspur_HB (Haryana),Vijayawada_Rynapadu_H (Andhra Pradesh)
IND421302AAG>IND410401AAA,11,2.5400802573925927,2.462686567164179,103.18181818181819,Bhiwandi_Mankoli_HB (Maharashtra),Lonavala_NngrgnRd_D (Maharashtra)
IND673592AAA>IND673121AAA,11,2.250668449197861,2.0,20.272727272727273,SultnBthry_Kollgpra_D (Kerala),Kalpetta_Ward19_D (Kerala)
IND000000AEM>IND110064AAB,11,2.0105110687646572,2.0925925925925926,55.81818181818182,Gurgaon_Bilaspur_RP (Haryana),KN_RPC (Delhi)
IND000000AEM>IND110037AAB,11,4.506817957395621,4.421052631578948,136.54545454545453,Gurgaon_Bilaspur_RP (Haryana),Del_B_RPC (Delhi)
IND843126AAA>IND842001AAA,11,4.674762329174094,2.5,65.0909090909091,Saraiya_Wardno4_D (Bihar),Muzaffrpur_Bbganj_I (Bihar)
IND176048AAA>IND175015AAA,11,1.978297385256344,2.021505376344086,92.36363636363636,Jahu_Sulgwan_D (Himachal Pradesh),JognderNgr_Dhelu_D (Himachal Pradesh)
IND160002AAC>IND143001AAA,11,2.0053116983526817,1.9830508474576272,178.54545454545453,Chandigarh_Mehmdpur_H (Punjab),Amritsar_DPC (Punjab)
IND209625AAA>IND241124AAB,11,1.4107470153094306,1.3636363636363635,26.818181818181817,Farrukhbad_Pnchlght_D (Uttar Pradesh),Shahabad_KDRoad_D (Uttar Pradesh)
IND421302AAG>IND395023AAA,11,2.4564405893145564,2.263157894736842,273.6363636363636,Bhiwandi_Mankoli_HB (Maharashtra),Surat_HUB (Gujarat)
IND814101AAB>IND816107AAA,11,1.5126648308557618,1.5232558139534884,44.36363636363637,Dumka_Dudhani_D (Jharkhand),Pakur_Hatpada_D (Jharkhand)
IND421401AAC>IND421601AAB,11,2.721125730994152,2.6666666666666665,31.545454545454547,Murbad_SnkunDPP_D (Maharashtra),Asangaon_Shahapur_D (Maharashtra)
IND792103AAB>IND792001AAA,11,0.6893563574092669,0.6808510638297872,-29.181818181818183,Namsai_HelipadRD_D (Arunachal Pradesh),Tezu_Farmnala_D (Arunachal Pradesh)
IND571124AAA>IND570020AAA,11,4.823614453770182,4.137931034482759,112.54545454545455,Tirumakudalu_Narasipr_D (Karnataka),Mysore_Yadvgiri_IP (Karnataka)
IND125001AAA>IND110037AAM,11,3.8303626495621064,3.6417910447761193,374.54545454545456,Hisar_ModelTwn_P (Haryana),Delhi_Airport_H (Delhi)
IND792121AAB>IND786181AAC,11,19.938947531272337,28.903225806451612,557.4545454545455,Jairampur_Mdiclcly_D (Arunachal Pradesh),Margherita_CivilHPL_D (Assam)
IND629179AAA>IND627005AAA,11,2.1702895781189118,2.0416666666666665,110.54545454545455,Marthandam_Nallur_D (Tamil Nadu),Tirunelveli_VdkkuSrt_I (Tamil Nadu)
IND712311AAA>IND000000ACB,11,1.9967223022726677,1.8842504743833017,1051.090909090909,Kolkata_Dankuni_HB (West Bengal),Gurgaon_Bilaspur_HB (Haryana)
IND627005AAA>IND627117AAA,11,1.7322062084257206,1.6341463414634145,29.727272727272727,Tirunelveli_VdkkuSrt_I (Tamil Nadu),Vallior_Radhaprm_D (Tamil Nadu)
IND110014AAA>IND110024AAA,11,3.5514069264069263,3.4285714285714284,24.818181818181817,Delhi_Bhogal (Delhi),Delhi_Lajpat_IP (Delhi)
IND305001AAC>IND305802AAA,11,2.425755725755726,2.142857142857143,36.18181818181818,Ajmer_FoySGRRD_I (Rajasthan),Kishangarh_Central_D_2 (Rajasthan)
IND804420AAA>IND803101AAA,11,3.133446816341553,2.8421052631578947,83.0,Jehanabad_Madarpur_D (Bihar),BiharSarif_Soghra_D (Bihar)
IND632301AAA>IND606803AAA,11,2.1137223223347625,2.1578947368421053,22.0,Arani_KrthiKyn_D (Tamil Nadu),Polur_StationRD_D (Tamil Nadu)
IND632402AAA>IND631102AAA,11,1.617727272727273,1.52,15.363636363636363,Ranipet_MBTRd_DC (Tamil Nadu),Sholinghur_ArkonmRD_D (Tamil Nadu)
IND627117AAA>IND629001AAA,11,1.98308117368515,1.9375,32.63636363636363,Vallior_Radhaprm_D (Tamil Nadu),Nagarcoil_AsrplmRd_DC (Tamil Nadu)
IND431112AAB>IND431136AAC,11,3.100773735758388,3.272727272727273,116.9090909090909,Sillod_ZebaTWR_D (Maharashtra),Aurangabad_Central_H_1 (Maharashtra)
IND505001AAB>IND504208AAB,11,1.6286575153778935,1.5076923076923077,39.45454545454545,Karimnagar_KamnHbRD_I (Telangana),Mancherial_Hitech_D (Telangana)
IND786181AAC>IND792121AAB,11,3.7051837717504883,3.3333333333333335,78.0909090909091,Margherita_CivilHPL_D (Assam),Jairampur_Mdiclcly_D (Arunachal Pradesh)
IND624202AAA>IND625218AAA,11,1.53133608815427,1.5217391304347827,12.363636363636363,Batlagundu_RTOofice_D (Tamil Nadu),Vadipatti_lalaNGR_D (Tamil Nadu)
IND786171AAA>IND786181AAC,11,2.380050505050505,2.4444444444444446,12.454545454545455,Digboi_JyotiNgr_D (Assam),Margherita_CivilHPL_D (Assam)
IND700028AAB>IND712311AAA,11,7.056446821152703,4.473684210526316,110.0909090909091,CCU_DumDum_DPC (West Bengal),Kolkata_Dankuni_HB (West Bengal)
IND562159AAA>IND562117AAA,11,1.9756865020501382,1.9259259259259258,26.09090909090909,Ramanagara_BMRd_DC (Karnataka),Kanakapura_VaniThtr_D (Karnataka)
IND624001AAA>IND624619AAA,11,1.4763196105493706,1.5384615384615385,13.090909090909092,Dindigul_Central_D_1 (Tamil Nadu),Oddnchtram_Palani_D (Tamil Nadu)
IND110037AAM>IND811399AAA,11,2.6004937912058654,2.1333333333333333,56.63636363636363,Delhi_Airport_H (Delhi),Noida_Sector02_C (Uttar Pradesh)
IND244301AAA>IND244412AAA,11,1.6222112906971082,1.6129032258064515,19.363636363636363,Sambhal_Khwssrai_D (Uttar Pradesh),Chandausi_Ganesh_D (Uttar Pradesh)
IND243503AAB>IND244901AAB,11,3.4783507763154984,2.772727272727273,163.36363636363637,Faridpur_ShjnprRD_D (Uttar Pradesh),Rampur_RoshnBgh_I (Uttar Pradesh)
IND802158AAB>IND821115AAB,11,2.452445497650459,2.408450704225352,103.63636363636364,Jagdishpur_Wardno13_D (Bihar),Sasaram_Central_I_2 (Bihar)
IND801103AAA>IND802301AAA,11,3.0222816399286985,2.6666666666666665,31.727272727272727,Bihta_ShivNgar_D (Bihar),Arrah_Katira_D (Bihar)
IND785001AAA>IND785682AAA,11,2.255430077169208,2.0238095238095237,56.09090909090909,Jorhat_RicMilRd_D (Assam),Sivasagar_Babupaty_D (Assam)
IND110044AAB>IND201007AAA,11,2.8652148247009905,2.5217391304347827,40.90909090909091,Del_Okhla_PC (Delhi),GZB_Mohan_Nagar_DPC (Uttar Pradesh)
IND573201AAB>IND572201AAB,11,1.5648171996071156,1.5918367346938775,27.90909090909091,Hassan_Pandrnga_I (Karnataka),Tiptur_YTRd_D (Karnataka)
IND783301AAA>IND783348AAA,11,2.084796831955923,1.9090909090909092,35.36363636363637,Dhubri_Tetultol_D (Assam),Bilasipara_Wardno5_D (Assam)
IND303503AAA>IND302014AAB,11,1.763398940206901,1.7272727272727273,43.72727272727273,Lalsot_NWclyDPP_D (Rajasthan),Jaipur_Central_I_7 (Rajasthan)
IND821109AAA>IND802213AAB,11,5.289686639118457,5.125,140.45454545454547,Mohania_Bhabua_D (Bihar),Dinara_Wardno7_D (Bihar)
IND411033AAA>IND501359AAE,11,1.6876008001008003,1.6479166666666667,330.1818181818182,Pune_Tathawde_H (Maharashtra),Hyderabad_Shamshbd_H (Telangana)
IND221706AAA>IND273014AAB,11,4.1992908289240525,4.083333333333333,262.8181818181818,Ratanpura_MubarDPP_D (Uttar Pradesh),Gorakhpur_Matriprm_IP (Uttar Pradesh)
IND826004AAA>IND815351AAA,11,3.430672118590779,3.388888888888889,93.0909090909091,Dhanbad_Kalynpur_I (Jharkhand),Jamtara_D (Jharkhand)
IND152026AAA>IND151001AAA,11,1.0188567864382616,1.0188679245283019,1.0909090909090908,Muktsar_DPC (Punjab),Bhatinda_DPC (Punjab)
IND643231AAA>IND643217AAA,11,1.238079282199598,1.1071428571428572,7.7272727272727275,Coonoor_Fairybnk_D (Tamil Nadu),Kotagiri_CroslySRT_D (Tamil Nadu)
IND683511AAA>IND680012AAA,11,1.5113522747071861,1.4736842105263157,28.636363636363637,Aluva_Peedika_H (Kerala),Arimbur_Veluthur_D (Kerala)
IND680012AAA>IND679303AAA,11,1.4964561165464545,1.4385964912280702,29.0,Arimbur_Veluthur_D (Kerala),Sankaramangalam_Central_D_1 (Kerala)
IND422011AAD>IND422103AAC,11,1.6477854860207801,1.4054054054054055,23.363636363636363,Nashik_TgrniaRD_I (Maharashtra),Sinnar_Central_D_1 (Maharashtra)
IND174101AAB>IND160002AAC,11,2.5271441152621374,2.5064935064935066,117.36363636363636,Nalagarh_Central_DPP_2 (Himachal Pradesh),Chandigarh_Mehmdpur_H (Punjab)
IND508277AAB>IND508223AAA,11,1.4357735817405983,1.3846153846153846,11.090909090909092,Mothkur_Mainroad_D (Telangana),Thirumalagiri_Xroad_D (Telangana)
IND783348AAA>IND783129AAA,10,1.9169050051072525,1.8764044943820224,81.4,Bilasipara_Wardno5_D (Assam),Lakhipur_WrdN4DPP_D (Assam)
IND781001AAA>IND781018AAB,10,2.1886281017859965,2.4204204204204203,44.3,Guwahati_UzanBazr_DC (Assam),Guwahati_Hub (Assam)
IND360490AAA>IND362001AAA,10,2.5826702638467345,2.3092209856915735,56.5,Upleta_AdrshSt_DC (Gujarat),Junagadh_DPC (Gujarat)
IND577201AAA>IND562132AAA,10,1.8048378983931563,1.7943925233644862,172.9,Shimoga_DC (Karnataka),Bangalore_Nelmngla_H (Karnataka)
IND462022AAA>IND465669AAB,10,2.1324790097739292,2.125,77.2,Bhopal_Trnsport_H (Madhya Pradesh),Narsinghgarh_Central_D_1 (Madhya Pradesh)
IND125047AAB>IND125051AAA,10,2.122047594112739,2.1842105263157894,64.1,Hisar_AgrohDPP_D (Haryana),Ratia_SchdvDPP_D (Haryana)
IND781005AAA>IND781018AAB,10,1.9251851475535684,1.3333333333333333,24.6,Guwahati_North (Assam),Guwahati_Hub (Assam)
IND201007AAB>IND110044AAB,10,1.7932731253420908,1.7543103448275863,26.3,Ghaziabad_MohanNgr_C (Uttar Pradesh),Del_Okhla_PC (Delhi)
IND571401AAA>IND562160AAB,10,0.9788508372821839,0.9891304347826086,-1.0,Mandya_Dc (Karnataka),Chanapatna_Central_D_2 (Karnataka)
IND571313AAB>IND571440AAA,10,1.631672967283513,1.380851063829787,28.6,Chamarjngr_BrDbleRd_D (Karnataka),Kollegala_NarsipuraRd_D (Karnataka)
IND571430AAA>IND571124AAA,10,1.7069019847155276,1.621505376344086,21.7,Malavalli_SulthnRd_D (Karnataka),Tirumakudalu_Narasipr_D (Karnataka)
IND786001AAB>IND786184AAA,10,2.929194139194139,2.076923076923077,27.4,Dibrugarh_Bokule_H (Assam),Chabua_CollgeRD_D (Assam)
IND621802AAA>IND608301AAA,10,2.4866830065359475,2.5555555555555554,25.6,Jayamkondan_Chithbrm_D (Tamil Nadu),Lalpet_PriyrNGR_D (Tamil Nadu)
IND610001AAA>IND605010AAB,10,2.061458987473894,2.071428571428571,134.0,Thiruvarur_Bypasrd_D (Tamil Nadu),Pondicherry_Vasanthm_I (Pondicherry)
IND611001AAA>IND610001AAA,10,2.4953431372549018,2.34375,25.2,Nagapttinm_Sttyapar_D (Tamil Nadu),Thiruvarur_Bypasrd_D (Tamil Nadu)
IND614018AAA>IND613104AAA,10,2.002492933860938,2.0083333333333333,60.2,Mannargudi_Vadasari_D (Tamil Nadu),Thirukkatupli_Poondi_D (Tamil Nadu)
IND458990AAA>IND312605AAB,10,2.1751696050471003,2.228448275862069,66.6,Sitamau_Central_DPP_1 (Madhya Pradesh),Pratapgarh_Nimachrd_D (Rajasthan)
IND395023AAA>IND396191AAC,10,2.1587739804055595,2.052982456140351,88.0,Surat_HUB (Gujarat),Vapi_IndEstat_I (Gujarat)
IND501359AAE>IND500039AAC,10,2.1851131180441525,2.1545977011494255,34.5,Hyderabad_Shamshbd_H (Telangana),Hyderabad_Uppal_I (Telangana)
IND345021AAA>IND342301AAA,10,1.457312252964427,1.4492424242424242,20.6,Pokhran_SttinDPP_D (Rajasthan),Phalodi_PalikDPP_D (Rajasthan)
IND205001AAB>IND209721AAB,10,2.300272410516313,2.25,53.4,Mainpuri_Agraroad_I (Uttar Pradesh),Chhibramau_Bhainpura_D (Uttar Pradesh)
IND246725AAB>IND246701AAA,10,1.4481862539737302,1.4844155844155844,15.2,Chandpur_NorprRD_D (Uttar Pradesh),Bijnor_NaginaRd_D (Uttar Pradesh)
IND362001AAA>IND360370AAA,10,2.221098814229249,2.0652173913043477,27.9,Junagadh_DPC (Gujarat),Jetpur_DC (Gujarat)
IND473226AAA>IND474003AAA,10,2.135553082148587,1.6711940748995846,333.4,Guna_Raghogrh_D (Madhya Pradesh),Gwalior_HrihrNgr_I (Madhya Pradesh)
IND854326AAB>IND852131AAA,10,2.367151784285943,2.184938409854423,130.1,Purnia_Central_H_2 (Bihar),Supaul_SadrHsptl_D (Bihar)
IND416012AAA>IND591237AAB,10,2.316302987063186,2.3014705882352944,41.1,Kolhapur_Shivaji_I (Maharashtra),Nipani_AkkolRD_D (Karnataka)
IND843109AAB>IND843126AAA,10,1.7999348197022615,1.0692640692640691,31.6,Kanti_Central_DPP_2 (Bihar),Saraiya_Wardno4_D (Bihar)
IND416012AAA>IND415612AAA,10,3.125446560884705,2.8608247422680413,205.8,Kolhapur_Shivaji_I (Maharashtra),Ratnagiri_MjgaonRd_D (Maharashtra)
IND600116AAB>IND602024AAA,10,3.1524899257948795,2.6315789473684212,39.6,Chennai_Porur_DPC (Tamil Nadu),Chennai_Vepmpttu_DC (Tamil Nadu)
IND600110AAA>IND600056AAB,10,2.404630338840865,2.324324324324324,52.3,Chennai_Madhavaram_L (Tamil Nadu),MAA_Poonamallee_HB (Tamil Nadu)
IND251309AAB>IND131028AAB,10,1.9693420626058138,1.9787581699346406,67.6,Budhana_Busstand_D (Uttar Pradesh),Sonipat_Kundli_H (Haryana)
IND583101AAA>IND577535AAC,10,2.03953488372093,1.8372093023255813,44.7,Bellary_Dc (Karnataka),Molakalmuru_KnsgraRD_D (Karnataka)
IND131028AAB>IND251001AAA,10,1.9093792048935938,1.930565088080531,86.9,Sonipat_Kundli_H (Haryana),Muzaffrngr_MhmodNgr_D (Uttar Pradesh)
IND591201AAA>IND591304AAA,10,1.4550819672131148,1.4344262295081966,27.5,Chikodi_IndraNgr_D (Karnataka),Athani_VikrmMah_D (Karnataka)
IND480001AAA>IND480661AAA,10,1.705945455105119,1.5535444947209653,35.8,Chhindwara_NagpurRd_D (Madhya Pradesh),Seoni_Kidwai_D (Madhya Pradesh)
IND131028AAB>IND124507AAA,10,2.1397042065899496,1.9404761904761905,48.5,Sonipat_Kundli_H (Haryana),Bahadurgarh_DC (Haryana)
IND530012AAA>IND501359AAE,10,2.064848751853041,2.018396101488426,460.7,Visakhapatnam_Gajuwaka_IP (Andhra Pradesh),Hyderabad_Shamshbd_H (Telangana)
IND473226AAA>IND473001AAA,10,1.6493012524719841,1.3038461538461539,25.7,Guna_Raghogrh_D (Madhya Pradesh),Guna_HnumnDPP_D (Madhya Pradesh)
IND721212AAA>IND712310AAE,10,2.435402304446608,2.3266666666666667,111.1,Ghatal_KrshDPP_D (West Bengal),Kolkata_North_I_4 (West Bengal)
IND246761AAA>IND244501AAA,10,0.48378911994627244,0.462113558294605,-51.1,Dhampur_NaginaRD_D (Uttar Pradesh),Kanth_Dayanand_D (Uttar Pradesh)
IND751002AAB>IND530012AAA,10,1.671367389545729,1.6707648776925885,223.8,Bhubaneshwar_Hub (Orissa),Visakhapatnam_Gajuwaka_IP (Andhra Pradesh)
IND577535AAC>IND577522AAA,10,1.5658333333333334,1.5823717948717948,22.2,Molakalmuru_KnsgraRD_D (Karnataka),Challakere_Shivangr_D (Karnataka)
IND577522AAA>IND562132AAA,10,1.4991880781089413,1.4928571428571429,69.7,Challakere_Shivangr_D (Karnataka),Bangalore_Nelmngla_H (Karnataka)
IND361305AAC>IND361315AAA,10,1.659899928421161,1.7029411764705882,21.0,Khambhalia_JdswarRD_D (Gujarat),Bhatiya_Kalyanpr_D (Gujarat)
IND360575AAA>IND360510AAB,10,1.8325125078173858,1.7375,33.6,Porbandar_DC (Gujarat),Bhanvad_Mainroad_D (Gujarat)
IND577501AAA>IND577002AAA,10,1.7366870339510847,1.692764857881137,32.2,Chitradurga_DC (Karnataka),Davangere_Central_I_1 (Karnataka)
IND244901AAB>IND244301AAA,10,0.9917056277056278,0.8984230055658626,-0.7,Rampur_RoshnBgh_I (Uttar Pradesh),Sambhal_Khwssrai_D (Uttar Pradesh)
IND722143AAB>IND723133AAA,10,1.4832081760296443,1.3997599039615847,25.2,Mejia_Central_D_1 (West Bengal),Rghunthpur_barkarRd_D (West Bengal)
IND600119AAA>IND600016AAC,10,4.191319678506611,2.818421052631579,70.4,Chennai_Sholinganallur_Dc (Tamil Nadu),Chennai_Perungudi_DPC (Tamil Nadu)
IND202001AAB>IND282002AAD,10,2.091611905070631,2.0675675675675675,80.5,Aligarh_KhirByps_I (Uttar Pradesh),
IND335051AAA>IND335513AAA,10,2.189806716343223,1.9666224354394202,118.5,RaisingNgr_BisnolDPP_D (Rajasthan),Hanumangarh_DC (Rajasthan)
IND244412AAA>IND243301AAB,10,0.735863477862703,0.7329545454545454,-23.2,Chandausi_Ganesh_D (Uttar Pradesh),Aonla_KdidmCLY_D (Uttar Pradesh)
IND507159AAA>IND507002AAA,10,9.821046181630546,3.6388888888888893,161.8,Kusumnchi_SKRoad_D (Telangana),Khammam_NSTRoad_I (Telangana)
IND321001AAA>IND321401AAB,10,1.2300444270874107,1.2360150848522942,8.9,Bharatpur_DC (Rajasthan),Bayana_LalBagh_D (Rajasthan)
IND508207AAB>IND521225AAB,10,2.2120793166528054,2.1695652173913045,138.1,Miryalguda_Ragvendr_D (Telangana),Vijayawada_Rynapadu_H (Andhra Pradesh)
IND148028AAA>IND147001AAB,10,1.8600228649756954,1.8113207547169812,46.0,Sunam_DC (Punjab),Patiala (Punjab)
IND210001AAA>IND210427AAA,10,3.9006361118556243,3.8225288831835686,115.4,Banda_GayatriN_D (Uttar Pradesh),Mahoba_Mlkpura_D (Uttar Pradesh)
IND562117AAA>IND562132AAA,10,1.2354390710616214,1.1562812187812188,20.9,Kanakapura_VaniThtr_D (Karnataka),Bangalore_Nelmngla_H (Karnataka)
IND000000AFT>IND400072AAB,10,1.9389035087719297,1.973684210526316,17.1,Mumbai_Sanpada_I (Maharashtra),Mumbai Hub (Maharashtra)
IND627005AAA>IND627811AAA,10,1.4937687512176114,1.3936294564582115,29.1,Tirunelveli_VdkkuSrt_I (Tamil Nadu),Tenkasi_RailwyRd_D (Tamil Nadu)
IND627811AAA>IND627401AAA,10,1.6374076030705538,1.5231854838709677,20.5,Tenkasi_RailwyRd_D (Tamil Nadu),Ambasamdrm_Solaiprm_D (Tamil Nadu)
IND788713AAA>IND788806AAA,10,3.0693223443223445,2.9230769230769234,27.7,Karimganj_Alngjuri_D (Assam),Badarpur_Konapara_D (Assam)
IND562132AAA>IND577598AAC,10,1.6670892085647817,1.6425467188179053,78.5,Bangalore_Nelmngla_H (Karnataka),Hiriyur_TahurDPP_D (Karnataka)
IND207247AAB>IND205001AAB,10,2.1925925925925926,2.2685185185185186,64.4,Aliganj_KaimgnjRD_D (Uttar Pradesh),Mainpuri_Agraroad_I (Uttar Pradesh)
IND110052AAA>IND000000ACB,10,1.893538294143133,1.6617866004962778,56.9,Delhi_Wazirpur_L (Delhi),Gurgaon_Bilaspur_HB (Haryana)
IND124141AAA>IND000000ACB,10,2.049616303478247,2.0652768284347234,82.3,ChrkhiDdri_PuranDPP_D (Haryana),Gurgaon_Bilaspur_HB (Haryana)
IND802301AAA>IND804401AAA,10,2.2859941944847604,2.333091436865022,67.5,Arrah_Katira_D (Bihar),Arwal_Rozapar_D (Bihar)
IND792130AAB>IND786001AAB,10,3.03153822288409,2.8824274013402826,169.0,Khonsa_Central_D_1 (Arunachal Pradesh),Dibrugarh_Bokule_H (Assam)
IND125001AAA>IND000000ACB,10,2.1078607546169272,2.0037589828634603,150.3,Hisar_ModelTwn_P (Haryana),Gurgaon_Bilaspur_HB (Haryana)
IND787057AAA>IND787059AAB,10,2.292277591973244,2.12,31.6,Dhemaji_WardNo3_D (Assam),Silapathar_Hejunagr_D (Assam)
IND785682AAA>IND786001AAB,10,2.166957701686351,2.1179315476190474,73.2,Sivasagar_Babupaty_D (Assam),Dibrugarh_Bokule_H (Assam)
IND332001AAB>IND334001AAB,10,1.674458847426251,1.62012987012987,103.9,Sikar_FatehpRd_I (Rajasthan),Bikaner_DC (Rajasthan)
IND571440AAA>IND571430AAA,10,1.043043059084099,1.0298039215686274,2.3,Kollegala_NarsipuraRd_D (Karnataka),Malavalli_SulthnRd_D (Karnataka)
IND563130AAA>IND563131AAB,10,1.5061744067128318,1.4090909090909092,16.6,Malur_NharuExt_D (Karnataka),Bangarapet_KolarRd_D (Karnataka)
IND781018AAB>IND793001AAA,10,1.9927727038009924,2.0251020408163267,98.6,Guwahati_Hub (Assam),Shillong (Meghalaya)
IND571111AAB>IND571313AAB,10,1.7445075546903968,1.7169076751946606,22.8,Gundlupet_Swamylyt_D (Karnataka),Chamarjngr_BrDbleRd_D (Karnataka)
IND624619AAA>IND624601AAA,10,1.2584393086507029,1.2705570291777188,6.9,Oddnchtram_Palani_D (Tamil Nadu),Palani_RjndraRd_D (Tamil Nadu)
IND400612AAA>IND421302AAR,10,3.1996503496503497,2.375,26.7,Mumbai_Mumbra_DC (Maharashtra),Mumbai_East_I_21 (Maharashtra)
IND335001AAA>IND125104AAA,10,1.8734095515843467,1.824264705882353,70.3,Ganga Nagar_DC (Rajasthan),Sirsa_AnprnDPP_D (Haryana)
IND624101AAA>IND624202AAA,10,0.7985838135827967,0.7119918699186991,-24.3,Kodaikanal_Athithnr_DC (Tamil Nadu),Batlagundu_RTOofice_D (Tamil Nadu)
IND431203AAA>IND431112AAB,10,2.0011515776523376,1.9795918367346939,48.3,Jalna_BhgyaNgr_D (Maharashtra),Sillod_ZebaTWR_D (Maharashtra)
IND425412AAA>IND425409AAA,10,2.2030411104931407,2.268075639599555,36.1,Nandurbar_DhuleRd_D (Maharashtra),Shahada_Nandrbar_D (Maharashtra)
IND144040AAA>IND144001AAB,10,2.097536930561698,2.1263157894736846,21.3,Nakodar_ChowkDPP_D (Punjab),Jalandhar_DPC (Punjab)
IND562132AAA>IND583101AAA,10,1.5979616683167854,1.4895566181264943,130.6,Bangalore_Nelmngla_H (Karnataka),Bellary_Dc (Karnataka)
IND68004AAA>IND683511AAA,10,2.404775058486065,2.3564814814814814,71.6,Thrissur_Poothole_D (Kerala),Aluva_Peedika_H (Kerala)
IND263601AAA>IND262501AAA,10,1.990007569974765,1.9260940251998375,120.2,Almora_SuzkiSrv_D (Uttarakhand),Pithorgarh_Kumud_D (Uttarakhand)
IND643217AAA>IND643001AAA,10,0.9910680540158647,0.9799919967987194,-1.4,Kotagiri_CroslySRT_D (Tamil Nadu),Ooty_Davisdle_D (Tamil Nadu)
IND121004AAA>IND121004AAB,10,3.4154349816849816,2.3833333333333333,34.6,Faridabad_Blbgarh_DC (Haryana),FBD_Balabhgarh_DPC (Haryana)
IND413002AAA>IND413304AAA,10,2.0920913293554806,1.9811320754716981,58.0,Solapur_Central_I_2 (Maharashtra),Pandharpur_RajCmplx_D (Maharashtra)
IND816109AAA>IND826004AAA,10,2.169302009583065,1.8813469927769435,276.2,Sahebganj_BaraLoha_D (Jharkhand),Dhanbad_Kalynpur_I (Jharkhand)
IND683511AAA>IND562132AAA,10,2.0321717111308883,2.062069097594607,440.1,Aluva_Peedika_H (Kerala),Bangalore_Nelmngla_H (Karnataka)
IND680587AAA>IND68004AAA,10,1.985883174707612,1.8903508771929824,42.2,Pazhayannur_AlathurRD_D (Kerala),Thrissur_Poothole_D (Kerala)
IND243301AAB>IND244901AAB,10,1.8564369276178794,1.3430672268907564,72.9,Aonla_KdidmCLY_D (Uttar Pradesh),Rampur_RoshnBgh_I (Uttar Pradesh)
IND422103AAC>IND422605AAA,10,1.8192055988134963,1.796551724137931,24.9,Sinnar_Central_D_1 (Maharashtra),Sangamner_JawanChk_D (Maharashtra)
IND303002AAA>IND302014AAA,10,2.0323406613444566,1.8571428571428572,35.4,Achrol_BgwriDPP_D (Rajasthan),Jaipur_Hub (Rajasthan)
IND302014AAB>IND303901AAA,10,3.417720035382574,3.1176470588235294,47.6,Jaipur_Central_I_7 (Rajasthan),Chaksu_TonkRoad_D (Rajasthan)
IND637408AAA>IND637001AAA,10,1.8526033686453478,1.7586206896551726,22.0,Rasipurm_Knrpati_D (Tamil Nadu),Namakkal_Rkcomplx_DC (Tamil Nadu)
IND631003AAA>IND600056AAB,10,2.4522165991902836,2.2601214574898787,55.6,Arakkonam_HousngBd_D (Tamil Nadu),MAA_Poonamallee_HB (Tamil Nadu)
IND631501AAA>IND631003AAA,10,2.757407407407407,2.7115384615384617,46.1,Kanchipuram_DC (Tamil Nadu),Arakkonam_HousngBd_D (Tamil Nadu)
IND515591AAA>IND516269AAA,10,1.718125,1.6769230769230767,46.6,Kadiri_GVManu_D (Andhra Pradesh),Rayachoti_Madnpali_D (Andhra Pradesh)
IND811399AAA>IND209304AAA,10,1.6829822805906045,1.6361138522861398,220.4,Noida_Sector02_C (Uttar Pradesh),Kanpur_Central_H_6 (Uttar Pradesh)
IND421302AAG>IND401104AAB,10,2.1919381890251453,2.284900284900285,30.2,Bhiwandi_Mankoli_HB (Maharashtra),Mumbai_MiraRoad_M (Maharashtra)
IND637301AAA>IND638001AAA,10,1.9107155142758856,1.8529411764705883,16.2,Sankari_Trchngrd_D (Tamil Nadu),Erode (Tamil Nadu)
IND302014AAB>IND303301AAB,10,1.3422542242703535,1.3125,10.9,Jaipur_Central_I_7 (Rajasthan),Bassi_DmodrNGR_D (Rajasthan)
IND416606AAA>IND416510AAA,10,28.160092740541398,26.880917874396133,1235.0,Malvan_BllvMarg_D (Maharashtra),Sawantwadi_LaxmiNgr_D (Maharashtra)
IND209721AAB>IND209625AAA,10,1.4035227272727273,1.3394886363636362,13.1,Chhibramau_Bhainpura_D (Uttar Pradesh),Farrukhbad_Pnchlght_D (Uttar Pradesh)
IND421302AAG>IND421401AAC,10,2.7290466589861753,2.571068548387097,53.4,Bhiwandi_Mankoli_HB (Maharashtra),Murbad_SnkunDPP_D (Maharashtra)
IND123401AAB>IND123106AAB,10,1.9276199095022624,1.96,46.7,Rewari_YuktiDPP_D (Haryana),Dharuhera_Central_DPP_2 (Haryana)
IND176303AAA>IND176310AAA,10,4.622014616572886,1.335704291044776,262.7,Dalhousie_Banikhet_D (Himachal Pradesh),Chamba_Bangotu_D (Himachal Pradesh)
IND411033AAA>IND562132AAA,10,1.8627400654017834,1.7863293210854185,531.2,Pune_Tathawde_H (Maharashtra),Bangalore_Nelmngla_H (Karnataka)
IND834002AAB>IND000000ACB,10,1.985315039842834,1.960093896713615,840.1,Ranchi_Hub (Jharkhand),Gurgaon_Bilaspur_HB (Haryana)
IND535001AAA>IND530012AAA,10,3.670206924973286,3.5102915951972555,143.8,Vizianagaram_NcsRd_DC (Andhra Pradesh),Visakhapatnam_Gajuwaka_IP (Andhra Pradesh)
IND411033AAA>IND521225AAB,10,1.9799581310523748,1.9371345029239766,670.1,Pune_Tathawde_H (Maharashtra),Vijayawada_Rynapadu_H (Andhra Pradesh)
IND122001AAD>IND122050AAA,10,2.195909627008698,1.8872549019607843,22.7,Gurgaon_Kadipur (Haryana),Gurgaon_Manesar (Haryana)
IND635802AAB>IND635601AAB,10,2.0883783391405344,1.9112042682926829,41.0,Ambur_Central_D_2 (Tamil Nadu),Tiruppattur_KoilStrt_D (Tamil Nadu)
IND635601AAB>IND635802AAB,10,4.215319582378406,4.367647058823529,109.3,Tiruppattur_KoilStrt_D (Tamil Nadu),Ambur_Central_D_2 (Tamil Nadu)
IND000000ACA>IND142001AAB,9,1.736214444689021,1.7457627118644068,41.55555555555556,Ludhiana_MilrGanj_HB (Punjab),Moga_DPC (Punjab)
IND828111AAA>IND826004AAA,9,12.166599631305514,9.25,125.0,Dhanbad_Jharia_DC (Jharkhand),Dhanbad_Kalynpur_I (Jharkhand)
IND533201AAA>IND533262AAA,9,2.207732293697206,1.9736842105263157,46.666666666666664,Amalapuram_Vijdurg_D (Andhra Pradesh),Draksharamam_Anaipeta_D (Andhra Pradesh)
IND176201AAA>IND176303AAA,9,1.6518995184220666,1.6027397260273972,46.888888888888886,Jassur_AadiDPP_D (Himachal Pradesh),Dalhousie_Banikhet_D (Himachal Pradesh)
IND639001AAA>IND624001AAA,9,1.6806617386806064,1.709090909090909,37.44444444444444,Karur (Tamil Nadu),Dindigul_Central_D_1 (Tamil Nadu)
IND641011AAA>IND641062AAD,9,3.810682504438955,4.105263157894737,98.0,Cjb_West_Dc (Tamil Nadu),Coimbatore_Karayam_H (Tamil Nadu)
IND415408AAC>IND416012AAA,9,4.885393046107332,4.36734693877551,188.0,Shirala_Central_DPP_3 (Maharashtra),Kolhapur_Shivaji_I (Maharashtra)
IND124103AAA>IND127021AAA,9,1.9234800838574424,1.8846153846153846,48.22222222222222,Jhajjar_DC (Haryana),Bhiwani_DC (Haryana)
IND209304AAA>IND282001AAA,9,2.3620808555769353,2.530054644808743,248.88888888888889,Kanpur_Central_H_6 (Uttar Pradesh),Agra_Idgah_P (Uttar Pradesh)
IND302014AAA>IND303702AAB,9,2.4498569709096025,2.210526315789474,54.333333333333336,Jaipur_Hub (Rajasthan),Chomu_ShsmlDPP_D (Rajasthan)
IND282002AAD>IND474003AAA,9,1.6838294250711103,1.537190082644628,83.66666666666667,,Gwalior_HrihrNgr_I (Madhya Pradesh)
IND176110AAB>IND177033AAA,9,2.0468480557468323,2.1,30.88888888888889,Sujanpur_SainkSCL_D (Himachal Pradesh),Nadaun_Ward6_D (Himachal Pradesh)
IND421302AAG>IND712311AAA,9,2.1185961349649194,2.1157742402315485,1546.7777777777778,Bhiwandi_Mankoli_HB (Maharashtra),Kolkata_Dankuni_HB (West Bengal)
IND110024AAA>IND110014AAA,9,2.248236331569665,2.0,9.11111111111111,Delhi_Lajpat_IP (Delhi),Delhi_Bhogal (Delhi)
IND110037AAM>IND110020AAB,9,4.026024884044208,3.4615384615384617,75.22222222222223,Delhi_Airport_H (Delhi),OK_RPC (Delhi)
IND803101AAA>IND805110AAD,9,2.3249942489072923,2.260869565217391,30.0,BiharSarif_Soghra_D (Bihar),Nawada_Central_DPP_2 (Bihar)
IND413002AAA>IND421302AAG,9,2.5086509800423404,2.442953020134228,448.6666666666667,Solapur_Central_I_2 (Maharashtra),Bhiwandi_Mankoli_HB (Maharashtra)
IND303108AAB>IND303106AAA,9,1.7101403823178016,1.5483870967741935,21.77777777777778,Kotputli_LXngrDPP_D (Rajasthan),Paota_SmClyDPP_D (Rajasthan)
IND303106AAA>IND303002AAA,9,1.5944680541934548,1.5217391304347827,11.88888888888889,Paota_SmClyDPP_D (Rajasthan),Achrol_BgwriDPP_D (Rajasthan)
IND147101AAA>IND147105AAA,9,1.3885254198297676,1.391304347826087,9.0,Samana_PODPP_D (Punjab),Patran_MheshNGR_D (Punjab)
IND422605AAA>IND413709AAA,9,1.8078105316200554,1.826086956521739,37.22222222222222,Sangamner_JawanChk_D (Maharashtra),Shrirampur_DavkharRd_D (Maharashtra)
IND509358AAA>IND509324AAA,9,2.0972824536042927,1.7037037037037037,30.77777777777778,Kadthal_GndhiDPP_D (Telangana),Kalwakurthy_VidyaNGR_D (Telangana)
IND160002AAC>IND110037AAM,9,1.8286135012993359,1.8054054054054054,153.22222222222223,Chandigarh_Mehmdpur_H (Punjab),Delhi_Airport_H (Delhi)
IND680712AAA>IND683511AAA,9,1.7176585591219737,1.6578947368421053,28.11111111111111,Irinjlkuda_Greens_D (Kerala),Aluva_Peedika_H (Kerala)
IND509103AAB>IND518002AAA,9,2.347879732450159,2.2241379310344827,78.44444444444444,Wanaparthy_VallaDPP_D (Telangana),Kurnool_AbbasNgr_I (Andhra Pradesh)
IND509124AAA>IND509103AAB,9,1.9631991303043934,1.8205128205128205,38.0,JoguGadwal_ColctrOf_D (Telangana),Wanaparthy_VallaDPP_D (Telangana)
IND712311AAA>IND712410AAC,9,4.886098311536909,5.25,146.77777777777777,Kolkata_Dankuni_HB (West Bengal),Tarkeshwar_Naraynpr_D (West Bengal)
IND424304AAC>IND425412AAA,9,1.8345105660895134,1.7714285714285714,31.22222222222222,Sakri_DhuleRoad_D (Maharashtra),Nandurbar_DhuleRd_D (Maharashtra)
IND124507AAA>IND131028AAB,9,2.552692469902615,2.260869565217391,68.22222222222223,Bahadurgarh_DC (Haryana),Sonipat_Kundli_H (Haryana)
IND342902A1B>IND302014AAA,9,2.4219619805076764,2.342391304347826,262.55555555555554,,Jaipur_Hub (Rajasthan)
IND685514AAA>IND625008AAA,9,1.5460310554201957,1.5294117647058822,92.22222222222223,Kattappana_Palikval_D (Kerala),Madurai_Kappalur_H (Tamil Nadu)
IND624001AAA>IND625008AAA,9,1.4627173091458805,1.3958333333333333,22.666666666666668,Dindigul_Central_D_1 (Tamil Nadu),Madurai_Kappalur_H (Tamil Nadu)
IND425409AAA>IND425406AAA,9,2.3202171868838537,2.2777777777777777,46.22222222222222,Shahada_Nandrbar_D (Maharashtra),Shindkheda_KakaCplx_D (Maharashtra)
IND335513AAA>IND335803AAA,9,1.4426730845594942,1.3103448275862069,13.222222222222221,Hanumangarh_DC (Rajasthan),Pilibanga_BsstdDPP_D (Rajasthan)
IND505184AAC>IND505001AAB,9,2.2810060819857156,2.0833333333333335,81.33333333333333,Manthani_Chaitnya_D (Telangana),Karimnagar_KamnHbRD_I (Telangana)
IND570020AAA>IND571301AAA,9,2.790949420949421,2.95,42.77777777777778,Mysore_Yadvgiri_IP (Karnataka),Nanjangud_RPRoad_D (Karnataka)
IND342005AAD>IND342601AAA,9,2.428528744831266,2.142857142857143,71.0,Jodhpur_Basni_I (Rajasthan),Piparcity_BsstdDPP_D (Rajasthan)
IND571438AAB>IND571401AAA,9,1.2419743645202488,1.2580645161290323,7.555555555555555,Srirangapatna_Bburynkpl_D (Karnataka),Mandya_Dc (Karnataka)
IND505001AAA>IND505302AAB,9,1.5878643327647124,1.3823529411764706,19.88888888888889,Karimnagar_DC (Telangana),Vemulawada_Central_DPP_2 (Telangana)
IND562132AAA>IND570020AAA,9,1.48681765099989,1.4852941176470589,66.77777777777777,Bangalore_Nelmngla_H (Karnataka),Mysore_Yadvgiri_IP (Karnataka)
IND788806AAA>IND788026AAC,9,4.74708605664488,3.75,59.77777777777778,Badarpur_Konapara_D (Assam),Silchar_Sirikona_H (Assam)
IND321022AAA>IND121004AAB,9,3.0925941473987315,3.2439024390243905,174.0,Kaman_BsstdDPP_D (Rajasthan),FBD_Balabhgarh_DPC (Haryana)
IND786190AAA>IND792103AAB,9,2.1289627627800645,2.1052631578947367,40.55555555555556,DoomDooma_Pthrgoan_D (Assam),Namsai_HelipadRD_D (Arunachal Pradesh)
IND786181AAC>IND792120AAB,9,5.329559553228826,5.0625,139.55555555555554,Margherita_CivilHPL_D (Assam),Changlang_Central_D_1 (Arunachal Pradesh)
IND507002AAA>IND507167AAA,9,2.734280349280349,2.727272727272727,39.22222222222222,Khammam_NSTRoad_I (Telangana),Tallada_PtrlBunk_D (Telangana)
IND410401AAA>IND421302AAG,9,2.617039452596959,2.4776119402985075,110.44444444444444,Lonavala_NngrgnRd_D (Maharashtra),Bhiwandi_Mankoli_HB (Maharashtra)
IND425201AAA>IND425508AAB,9,1.9946748367801002,1.9473684210526316,37.77777777777778,Bhusawal_Samarth_D (Maharashtra),Raver_Truptingr_D (Maharashtra)
IND805110AAD>IND803116AAA,9,2.43787306430327,2.3333333333333335,29.666666666666668,Nawada_Central_DPP_2 (Bihar),Rajgir_PnditNGR_D (Bihar)
IND562114AAA>IND560048AAB,9,4.173475444308778,3.357142857142857,46.44444444444444,Hoskote_DC (Karnataka),Bengaluru_Hoodi_IP (Karnataka)
IND312403AAA>IND312001AAA,9,1.823434011285674,1.608695652173913,56.333333333333336,BariSadri_BhmprDPP_D (Rajasthan),Chittaurgarh_DC (Rajasthan)
IND794101AAA>IND781018AAB,9,2.409042996471216,2.408805031446541,224.88888888888889,Tura_Sracmplx_D (Meghalaya),Guwahati_Hub (Assam)
IND210427AAA>IND209304AAA,9,3.654275620546183,2.9915254237288136,319.77777777777777,Mahoba_Mlkpura_D (Uttar Pradesh),Kanpur_Central_H_6 (Uttar Pradesh)
IND626117AAA>IND626138AAA,9,1.2359480848369737,1.24,6.0,Rajpalayam_AshkTalk_D (Tamil Nadu),Maharajapuram_Krsnakcl_D (Tamil Nadu)
IND691001AAB>IND683511AAA,9,1.3601249178172254,1.255952380952381,60.55555555555556,Kollam_Central_H_1 (Kerala),Aluva_Peedika_H (Kerala)
IND121004AAB>IND121004AAC,9,2.3392094017094016,1.8461538461538463,17.22222222222222,FBD_Balabhgarh_DPC (Haryana),Faridabad_MohnVRTL_D (Haryana)
IND000000ACB>IND201007AAA,9,1.6371603740024794,1.5974025974025974,48.888888888888886,Gurgaon_Bilaspur_HB (Haryana),GZB_Mohan_Nagar_DPC (Uttar Pradesh)
IND000000ACB>IND282002AAD,9,2.0670339656171524,1.905109489051095,145.55555555555554,Gurgaon_Bilaspur_HB (Haryana),
IND602024AAA>IND602001AAA,9,2.6776094276094273,2.5,18.11111111111111,Chennai_Vepmpttu_DC (Tamil Nadu),Chennai_Thiruvlr_DC (Tamil Nadu)
IND600056AAB>IND631501AAA,9,2.2702288996406645,2.3636363636363638,42.666666666666664,MAA_Poonamallee_HB (Tamil Nadu),Kanchipuram_DC (Tamil Nadu)
IND781018AAB>IND781022AAA,9,1.1198511795003023,1.0555555555555556,4.333333333333333,Guwahati_Hub (Assam),Guwahati_Sixmile (Assam)
IND403726AAA>IND403702AAA,9,1.8267141624183165,1.8,39.666666666666664,Goa_Hub (Goa),Canacona_CharRsta_D (Goa)
IND700088AAA>IND712311AAA,9,3.2200784528370736,3.5172413793103448,64.22222222222223,Kolkata_TrtllaRD_L (West Bengal),Kolkata_Dankuni_HB (West Bengal)
IND431136AAC>IND431122AAA,9,2.2023981309695597,2.2244897959183674,118.22222222222223,Aurangabad_Central_H_1 (Maharashtra),Beed_JalnaRd_D (Maharashtra)
IND281401AAA>IND321022AAA,9,1.5791608367035312,1.4848484848484849,18.555555555555557,Chhata_GvrdnDPP_D (Uttar Pradesh),Kaman_BsstdDPP_D (Rajasthan)
IND000000ACB>IND110043AAC,9,1.9872641761530652,1.9454545454545455,54.333333333333336,Gurgaon_Bilaspur_HB (Haryana),Delhi_Nangli_L (Delhi)
IND000000ACB>IND201301AAF,9,1.6573286375085177,1.425,51.333333333333336,Gurgaon_Bilaspur_HB (Haryana),Noida_Sec 02_DPC (Uttar Pradesh)
IND160002AAC>IND147101AAA,9,2.3130556790880603,2.23728813559322,79.77777777777777,Chandigarh_Mehmdpur_H (Punjab),Samana_PODPP_D (Punjab)
IND722140AAA>IND722151AAA,9,1.0983142611049588,1.0,4.111111111111111,Khatra_KoralDPP_D (West Bengal),Simlapal_Central_D_1 (West Bengal)
IND248001AAD>IND131028AAB,9,2.2294110865319015,2.0787037037037037,261.1111111111111,Dehradun_Nirjanpur_L (Uttarakhand),Sonipat_Kundli_H (Haryana)
IND000000AAS>IND783370AAC,9,2.0901234567901232,1.7666666666666666,32.0,Bongaigaon_Chpaguri_D (Assam),Kokrajhar_PigonDPP_D (Assam)
IND733140AAA>IND733102AAA,9,1.9117286015112103,1.7826086956521738,22.444444444444443,Gangarampr_FulbaDPP_D (West Bengal),Balurghat_AkhirDPP_D (West Bengal)
IND452001AAC>IND425201AAA,9,16.425880537400147,2.823529411764706,275.6666666666667,Jalgaon_DC (Maharashtra),Bhusawal_Samarth_D (Maharashtra)
IND441614AAA>IND481001AAA,9,2.2551440329218106,2.2962962962962963,33.55555555555556,Gondia_RamNgr_D (Maharashtra),Balaghat_Kosmi_D (Madhya Pradesh)
IND481661AAA>IND842003AAB,9,3.623184828664281,3.5,192.11111111111111,Mandla_Mharajpr_D (Madhya Pradesh),Jabalpur_Adhartal_IP (Madhya Pradesh)
IND131028AAB>IND201204AAA,9,2.0951421009353477,2.0851063829787235,52.111111111111114,Sonipat_Kundli_H (Haryana),Modinagar_SikriKla_DC (Uttar Pradesh)
IND471001AAA>IND472001AAA,9,1.6008725965990365,1.620253164556962,48.666666666666664,Chhatarpur_Busstand_D (Madhya Pradesh),Tikamgarh_MndiRoad_D (Madhya Pradesh)
IND247776AAA>IND251309AAB,9,1.7988953866146846,1.7777777777777777,14.444444444444445,Shamli_KarnalRd_D (Uttar Pradesh),Budhana_Busstand_D (Uttar Pradesh)
IND363310AAB>IND382430AAB,9,1.442421004921005,1.4097222222222223,63.44444444444444,Dhrangadhra_NvygRDPP_D (Gujarat),Ahmedabad_East_H_1 (Gujarat)
IND382430AAB>IND388320AAA,9,1.4325006783340117,1.25,27.666666666666668,Ahmedabad_East_H_1 (Gujarat),Anand_Vaghasi_IP (Gujarat)
IND583119AAA>IND583101AAA,9,3.974523550947548,4.232558139534884,130.0,Sandur_WrdN1DPP_D (Karnataka),Bellary_Dc (Karnataka)
IND713205AAB>IND722143AAB,9,4.093583825371265,3.72,77.88888888888889,Durgapur_Central_I_1 (West Bengal),Mejia_Central_D_1 (West Bengal)
IND383255AAB>IND384205AAA,9,1.5723989031267027,1.4579439252336448,61.0,Khedbrahma_Patelfli_D (Gujarat),Mehsana_Panchot_IP (Gujarat)
IND581402AAA>IND577401AAA,9,1.6164221535740604,1.625,44.333333333333336,Sirsi_Vidygiri_D (Karnataka),Sagara_Vardhard_D (Karnataka)
IND583201AAA>IND583119AAA,9,2.784824311490978,2.3333333333333335,47.55555555555556,Hospet (Karnataka),Sandur_WrdN1DPP_D (Karnataka)
IND344022AAB>IND344001AAA,9,1.4255017845600735,1.4492753623188406,29.0,Balotra_BsnoiHPL_D (Rajasthan),Barmer_Nehru3PL_D (Rajasthan)
IND335703AAA>IND335701AAA,9,1.3475667002799092,1.15625,10.666666666666666,Srivijaynagar_BhwanDPP_D (Rajasthan),Anupgarh_PrmNrDPP_D (Rajasthan)
IND335804AAD>IND335703AAA,9,1.1522957167694008,1.0789473684210527,5.888888888888889,Suratgarh_Central_DPP_2 (Rajasthan),Srivijaynagar_BhwanDPP_D (Rajasthan)
IND574227AAA>IND574104AAA,9,2.0434796140678495,1.7857142857142858,14.333333333333334,Moodbidri_MrdiVlge_D (Karnataka),Karkala_MarketRd_D (Karnataka)
IND756032AAA>IND712311AAA,9,2.8799985245968265,2.375,257.77777777777777,Jaleswar_NaturDPP_D (Orissa),Kolkata_Dankuni_HB (West Bengal)
IND501359AAE>IND515004AAA,9,1.7859980088273955,1.786008230452675,191.22222222222223,Hyderabad_Shamshbd_H (Telangana),Anantapur_KamaStrt_I (Andhra Pradesh)
IND580028AAA>IND580002AAA,9,10.036411736411736,3.7142857142857144,192.22222222222223,Hubli_Adargchi_IP (Karnataka),Dharwad_Dc (Karnataka)
IND581314AAA>IND403726AAA,9,1.8395118827990278,1.8018018018018018,95.0,Ankola_Kakrmath_D (Karnataka),Goa_Hub (Goa)
IND500010AAA>IND501359AAE,9,5.278316454787043,2.4864864864864864,159.55555555555554,Hyderabad_Alwal_I (Telangana),Hyderabad_Shamshbd_H (Telangana)
IND244601AAB>IND244901AAB,9,1.504533043357469,1.1375,40.111111111111114,Thakurdwara_Fathuluh_D (Uttar Pradesh),Rampur_RoshnBgh_I (Uttar Pradesh)
IND305624AAA>IND305404AAA,8,1.842481723566578,1.8263611519865461,58.875,Bijainagar_Central_DPP_1 (Rajasthan),Kekri_LxmntDPP_D (Rajasthan)
IND821307AAA>IND824101AAA,8,1.9653683841957834,1.95,19.0,DehriSone_Dilliyan_D (Bihar),AurngbadBR_Mahindra_D (Bihar)
IND302004AAA>IND302014AAB,8,3.6892113095238095,2.758928571428571,41.125,Jaipur_NgrNigam_DC (Rajasthan),Jaipur_Central_I_7 (Rajasthan)
IND816107AAA>IND826004AAA,8,1.9298913595288862,1.9744897959183674,182.75,Pakur_Hatpada_D (Jharkhand),Dhanbad_Kalynpur_I (Jharkhand)
IND515134AAA>IND515591AAA,8,1.5910595960082146,1.587797619047619,29.125,Puttaprthi_Gokulam_D (Andhra Pradesh),Kadiri_GVManu_D (Andhra Pradesh)
IND815353AAA>IND814133AAB,8,1.8496887379739673,1.8772495755517826,79.25,Madhupur_Sitarmrd_D (Jharkhand),Godda_Central_D_2 (Jharkhand)
IND560300AAB>IND563130AAA,8,1.8630884469112963,1.8709528214616098,39.375,Bangalore_East_I_20 (Karnataka),Malur_NharuExt_D (Karnataka)
IND509324AAA>IND508248AAB,8,2.24552457346575,2.188655462184874,41.75,Kalwakurthy_VidyaNGR_D (Telangana),Devarakonda_DindiRD_D (Telangana)
IND673121AAA>IND670645AAB,8,2.340460698575618,2.207157258064516,42.0,Kalpetta_Ward19_D (Kerala),Mananthavady_Central_D_1 (Kerala)
IND509358AAA>IND508248AAB,8,2.2727725399120247,2.2000907441016335,74.125,Kadthal_GndhiDPP_D (Telangana),Devarakonda_DindiRD_D (Telangana)
IND560099AAB>IND632006AAA,8,1.4322620984319248,1.3705882352941177,72.5,Bengaluru_Bomsndra_HB (Karnataka),Vellore_GndhiNgr_IP (Tamil Nadu)
IND515004AAA>IND562132AAA,8,1.703420250257385,1.7251207729468598,129.0,Anantapur_KamaStrt_I (Andhra Pradesh),Bangalore_Nelmngla_H (Karnataka)
IND151001AAA>IND148101AAA,8,1.305578033477578,1.223609872137972,18.125,Bhatinda_DPC (Punjab),Barnala_DC (Punjab)
IND520011AAA>IND521185AAA,8,2.3248523841354722,2.0,42.5,Vijayawada (Andhra Pradesh),Nandigama_Chndrlpd_D (Andhra Pradesh)
IND282002AAD>IND281004AAA,8,1.4242149878947508,1.3880597014925373,28.375,,Mathura_DC (Uttar Pradesh)
IND852131AAA>IND852201AAA,8,2.724053903086161,2.8181818181818183,57.0,Supaul_SadrHsptl_D (Bihar),Saharsa_Gangjala_D (Bihar)
IND533106AAA>IND501359AAE,8,2.4331554839925866,2.198653198653199,426.75,Rajamundry_AtoNgrRd_I (Andhra Pradesh),Hyderabad_Shamshbd_H (Telangana)
IND415612AAA>IND415408AAC,8,2.6007739693881,2.611742424242424,144.5,Ratnagiri_MjgaonRd_D (Maharashtra),Shirala_Central_DPP_3 (Maharashtra)
IND000000AFR>IND683511AAA,8,2.254730940213329,2.0615530303030303,40.75,Cochin_PanditRd_D (Kerala),Aluva_Peedika_H (Kerala)
IND000000AET>IND000000AAS,8,2.399138013901213,2.4646938775510203,67.625,Barpeta_ShivBari_D (Assam),Bongaigaon_Chpaguri_D (Assam)
IND416012AAA>IND415003AAA,8,1.9400584695108578,1.9114583333333335,90.125,Kolhapur_Shivaji_I (Maharashtra),Satara_DC (Maharashtra)
IND282002AAD>IND205001AAB,8,1.8561023924396018,2.0397727272727275,76.875,,Mainpuri_Agraroad_I (Uttar Pradesh)
IND424006AAA>IND424304AAC,8,2.1976450125078175,2.062226391494684,48.125,Dhule_MIDCAvdn_I (Maharashtra),Sakri_DhuleRoad_D (Maharashtra)
IND424006AAA>IND424101AAA,8,2.3506787166085945,1.9639953542392568,54.75,Dhule_MIDCAvdn_I (Maharashtra),Chalisgaon_BhadgDPP_D (Maharashtra)
IND424006AAA>IND421302AAG,8,2.2175206586002614,2.2170731707317075,246.75,Dhule_MIDCAvdn_I (Maharashtra),Bhiwandi_Mankoli_HB (Maharashtra)
IND313001AAB>IND327001AAB,8,2.748583565702335,2.741721854304636,264.125,Udaipur_Mangri_I (Rajasthan),Banswara_KhandDPP_D (Rajasthan)
IND303702AAB>IND332404AAA,8,1.6370833333333334,1.5708333333333333,15.625,Chomu_ShsmlDPP_D (Rajasthan),Reengus_Shop2DPP_D (Rajasthan)
IND562132AAA>IND501359AAE,8,1.726936905909905,1.700738393718143,309.375,Bangalore_Nelmngla_H (Karnataka),Hyderabad_Shamshbd_H (Telangana)
IND181201AAB>IND181152AAB,8,5.061817887225496,5.08307453416149,100.25,Akhnoor_ThthiCwk_D (Jammu & Kashmir),Jammu_Central_I_1 (Jammu & Kashmir)
IND400102AAC>IND400052AAA,8,4.810699023199023,4.007142857142857,42.375,Mumbai_Jogshwri_I (Maharashtra),Mumbai_Khar West _Dc (Maharashtra)
IND400072AAB>IND411033AAA,8,2.0541992372314155,1.98,106.125,Mumbai Hub (Maharashtra),Pune_Tathawde_H (Maharashtra)
IND262501AAA>IND263153AAB,8,2.018091001868229,2.004629326345671,218.125,Pithorgarh_Kumud_D (Uttarakhand),Rudrapur_UdhamNgr_H (Uttarakhand)
IND781018AAB>IND781354AAA,8,1.7681397306397306,1.7037037037037037,41.625,Guwahati_Hub (Assam),Rangia_HosptlRd_D (Assam)
IND202001AAB>IND205001AAB,8,2.607216206123973,2.543269230769231,166.75,Aligarh_KhirByps_I (Uttar Pradesh),Mainpuri_Agraroad_I (Uttar Pradesh)
IND577116AAA>IND577101AAA,8,1.0419060182064592,0.9506097560975609,0.5,,Chikmagalur_DC (Karnataka)
IND500039AAD>IND501359AAE,8,2.975241748805257,2.717013888888889,59.375,Hyderabad_Uppal_L (Telangana),Hyderabad_Shamshbd_H (Telangana)
IND500039AAC>IND500035AAD,8,3.0753101065601065,2.8896103896103895,26.5,Hyderabad_Uppal_I (Telangana),Hyderabad_South_D_12 (Telangana)
IND686513AAA>IND686540AAA,8,2.2829552767052768,2.2285714285714286,45.75,Mundakayam_Central_D_1 (Kerala),Karukachal_MnimlaRd_D (Kerala)
IND501359AAE>IND751002AAB,8,2.068456870342368,2.026566757493188,785.5,Hyderabad_Shamshbd_H (Telangana),Bhubaneshwar_Hub (Orissa)
IND571301AAA>IND571111AAB,8,2.025352564102564,1.9130434782608696,24.375,Nanjangud_RPRoad_D (Karnataka),Gundlupet_Swamylyt_D (Karnataka)
IND571213AAA>IND571114AAA,8,1.6121664405246494,1.6091135232926277,40.75,Gonikoppal_Thomas_D (Karnataka),HDKote_BegurRD_D (Karnataka)
IND403702AAA>IND575004AAB,8,2.046486669977156,1.9968409617198892,276.625,Canacona_CharRsta_D (Goa),Mangalore_Kuntikna_H (Karnataka)
IND423106AAA>IND423105AAA,8,1.8627875007529893,1.5276497695852536,29.25,Manmad_Malegaon_D (Maharashtra),Malegaon_Rawlgaon_D (Maharashtra)
IND562114AAA>IND560067AAC,8,4.430681818181818,3.6222222222222222,34.125,Hoskote_DC (Karnataka),Bengaluru_Kadugodi_D (Karnataka)
IND571114AAA>IND570020AAA,8,3.9566731607172785,4.13499245852187,154.25,HDKote_BegurRD_D (Karnataka),Mysore_Yadvgiri_IP (Karnataka)
IND787001AAA>IND787057AAA,8,2.770851063829787,2.7429787234042555,83.875,LakhimpurN_SashPhkn_D (Assam),Dhemaji_WardNo3_D (Assam)
IND783370AAC>IND783301AAA,8,2.863380192502533,2.65625,89.125,Kokrajhar_PigonDPP_D (Assam),Dhubri_Tetultol_D (Assam)
IND411033AAA>IND400072AAB,8,1.914099027994659,1.8640776699029127,94.0,Pune_Tathawde_H (Maharashtra),Mumbai Hub (Maharashtra)
IND632006AAA>IND632402AAA,8,4.643262987012987,2.9523809523809526,82.125,Vellore_GndhiNgr_IP (Tamil Nadu),Ranipet_MBTRd_DC (Tamil Nadu)
IND623526AAA>IND623704AAA,8,1.0841947285601887,1.0607789142407553,10.5,Rameswram_Kdthdstrt_D (Tamil Nadu),Muthukulathur_VaiklSRT_D (Tamil Nadu)
IND501359AAE>IND501141AAA,8,1.599625973822683,1.6085106382978722,56.375,Hyderabad_Shamshbd_H (Telangana),Tandur_SnthiNGR_D (Telangana)
IND575004AAB>IND574211AAA,8,3.1647773692810457,2.1160130718954244,36.875,Mangalore_Kuntikna_H (Karnataka),Bantwal_Trmltmpl_D (Karnataka)
IND781014AAA>IND781124AAA,8,2.423369565217391,2.215217391304348,32.125,Guwahati_Jalukbari (Assam),Chhaygaon_GwhRDDPP_D (Assam)
IND609110AAA>IND609602AAA,8,1.9179147465437787,1.9291871921182264,27.0,Sirkazhi_Pngktgudi_D (Tamil Nadu),Karaikal_Thalthru_DC (Pondicherry)
IND244501AAA>IND244601AAB,8,1.2752644254948522,1.309920634920635,19.625,Kanth_Dayanand_D (Uttar Pradesh),Thakurdwara_Fathuluh_D (Uttar Pradesh)
IND127021AAA>IND127201AAA,8,2.0239625506072874,1.8421052631578947,39.75,Bhiwani_DC (Haryana),Loharu_BstndDPP_D (Haryana)
IND756019AAA>IND757025AAA,8,2.36812343358396,2.216666666666667,27.0,Balasore_Ganeshwr_D (Orissa),Betnoti_MhliaDPP_D (Orissa)
IND110037AAM>IND201001AAC,8,2.0647027506654836,2.0612244897959187,51.5,Delhi_Airport_H (Delhi),Ghaziabad_Central_L_8 (Uttar Pradesh)
IND591304AAA>IND586101AAA,8,1.5280247781876815,1.5010332950631458,35.125,Athani_VikrmMah_D (Karnataka),Bijapur_KirtiNgr_D (Karnataka)
IND363330AAB>IND363310AAB,8,1.6391596954096954,1.6156156156156156,23.5,Halvad_CrossRD_D (Gujarat),Dhrangadhra_NvygRDPP_D (Gujarat)
IND600016AAA>IND600119AAA,8,2.702147046501885,2.3636363636363633,39.625,Airport (Tamil Nadu),Chennai_Sholinganallur_Dc (Tamil Nadu)
IND712311AAA>IND781018AAB,8,3.408467813421355,3.186663403630482,1655.0,Kolkata_Dankuni_HB (West Bengal),Guwahati_Hub (Assam)
IND712311AAA>IND742101AAC,8,2.979461669226835,2.9466398799010953,299.125,Kolkata_Dankuni_HB (West Bengal),Baharampur_Chuanpur_I (West Bengal)
IND591302AAB>IND580028AAA,8,2.3409543435712137,1.944218608852755,107.875,Khanapur_StatinRD_D (Karnataka),Hubli_Adargchi_IP (Karnataka)
IND370001AAA>IND370615AAB,8,1.7791859715412413,1.7727272727272727,34.0,Bhuj_DC (Gujarat),Nakhatrana_ClgRDDPP_D (Gujarat)
IND492001AAB>IND492007AAA,8,3.029166666666667,3.0,21.375,Raipur_Katora_IP (Chhattisgarh),Raipur_Central_D_5 (Chhattisgarh)
IND370201AAA>IND363330AAB,8,1.4757021076738281,1.4142857142857141,63.75,Gandhidham_Sector1A_IP (Gujarat),Halvad_CrossRD_D (Gujarat)
IND485001AAC>IND471001AAA,8,2.127930331019637,2.1298076923076925,116.75,Satna_Central_I_2 (Madhya Pradesh),Chhatarpur_Busstand_D (Madhya Pradesh)
IND201306AAA>IND201301AAF,8,3.2272399749373433,3.1077694235588975,44.0,Noida_Surajpur_DC (Uttar Pradesh),Noida_Sec 02_DPC (Uttar Pradesh)
IND396580AAB>IND396321AAA,8,3.292208389037433,2.0,75.875,Vansda_CikhliRD_D (Gujarat),Bilimora_DC (Gujarat)
IND396321AAA>IND396001AAA,8,1.5818335368335368,1.455026455026455,15.375,Bilimora_DC (Gujarat),Valsad_DC (Gujarat)
IND396191AAC>IND421302AAG,8,2.614002999625047,2.609936507936508,203.125,Vapi_IndEstat_I (Gujarat),Bhiwandi_Mankoli_HB (Maharashtra)
IND205001AAB>IND205135AAA,8,3.701046603963003,2.0914473684210524,107.125,Mainpuri_Agraroad_I (Uttar Pradesh),Shikohabad_Katrmira_D (Uttar Pradesh)
IND732103AAB>IND732202AAA,8,4.308068347953216,4.111111111111111,59.0,Malda_Central_I_3 (West Bengal),Manikchak_Enayetpr_D (West Bengal)
IND735224AAA>IND736146AAA,8,1.5653159827760892,1.5091185410334347,27.5,Mainaguri_MilpaDPP_D (West Bengal),Mathabhang_Pshimpra_D (West Bengal)
IND736146AAA>IND736135AAA,8,1.737148064547922,1.631578947368421,40.125,Mathabhang_Pshimpra_D (West Bengal),Dinhata_WrdN4DPP_D (West Bengal)
IND741156AAA>IND742101AAC,8,3.0975913367546433,2.6875,66.875,Plassey_BtaiRoad_D (West Bengal),Baharampur_Chuanpur_I (West Bengal)
IND474003AAA>IND476111AAA,8,2.5585876966491554,2.4407242063492065,98.125,Gwalior_HrihrNgr_I (Madhya Pradesh),Ambah_MrenTirh_D (Madhya Pradesh)
IND722101AAA>IND722122AAA,8,1.8911318150448586,1.8852657004830917,19.125,Bankura_KeranDPP_D (West Bengal),Bishnupur_StnRdDPP_D (West Bengal)
IND462022AAA>IND842003AAB,8,2.5387033699820396,2.4838709677419355,333.875,Bhopal_Trnsport_H (Madhya Pradesh),Jabalpur_Adhartal_IP (Madhya Pradesh)
IND395023AAD>IND395001AAA,8,3.1225961538461537,2.435897435897436,27.375,Surat_Central_I_4 (Gujarat),Surat_Central_D_9 (Gujarat)
IND722122AAA>IND713205AAB,8,2.0308010384806567,1.9642857142857142,74.0,Bishnupur_StnRdDPP_D (West Bengal),Durgapur_Central_I_1 (West Bengal)
IND451666AAA>IND424006AAA,8,2.6206577958211694,2.607347184582957,128.875,Sendhwa_VishnuVhr_D (Madhya Pradesh),Dhule_MIDCAvdn_I (Maharashtra)
IND722151AAA>IND723130AAA,8,13.20769300569198,15.060049019607844,860.125,Simlapal_Central_D_1 (West Bengal),Hura_Central_D_1 (West Bengal)
IND395023AAA>IND390022AAA,8,1.8574273387419227,1.735854045478583,105.625,Surat_HUB (Gujarat),Vadodara_Karelibaug_DPC (Gujarat)
IND390022AAA>IND382430AAB,8,1.6609154929577465,1.5857142857142859,46.375,Vadodara_Karelibaug_DPC (Gujarat),Ahmedabad_East_H_1 (Gujarat)
IND842003AAB>IND480886AAA,8,2.2870735203291175,2.257575757575758,87.5,Jabalpur_Adhartal_IP (Madhya Pradesh),Lakhnadon_Central_DPP_1 (Madhya Pradesh)
IND854311AAA>IND854334AAA,8,2.220732821637427,1.7777777777777777,23.125,Araria_Wardn13_D (Bihar),Raniganj_Central_DPP_1 (Bihar)
IND843320AAA>IND847223AAA,8,3.26109022556391,2.425,44.375,Pupri_SngihiRD_D (Bihar),Benipatti_WardNo1_D (Bihar)
IND000000ABA>IND683565AAA,7,1.7242143821091191,1.0952380952380953,12.714285714285714,Cochin_Chtrpuza_D (Kerala),Kunnathund_Pringla_D (Kerala)
IND530012AAA>IND531162AAA,7,1.916891756702681,1.75,14.285714285714286,Visakhapatnam_Gajuwaka_IP (Andhra Pradesh),Vishakhapatnam (Andhra Pradesh)
IND854334AAA>IND852118A1B,7,1.2545911645290528,1.2857142857142858,5.428571428571429,Raniganj_Central_DPP_1 (Bihar),
IND854334AAA>IND852118AAA,7,1.3197278911564625,1.3333333333333333,6.857142857142857,Raniganj_Central_DPP_1 (Bihar),Forbesganj_JhumanCk_D (Bihar)
IND416602AAC>IND411033AAA,7,2.4285961063269252,2.243150684931507,417.0,Kankavali_NrdawDPP_D (Maharashtra),Pune_Tathawde_H (Maharashtra)
IND276305AAA>IND223101AAB,7,2.0753927553927554,2.076923076923077,27.857142857142858,Saraimeer_MsmcyDPP_D (Uttar Pradesh),Shahganj_KcharaRD_D (Uttar Pradesh)
IND277201AAA>IND221706AAA,7,2.6874372451504938,2.4909090909090907,96.28571428571429,Bariya_BgnprDPP_D (Uttar Pradesh),Ratanpura_MubarDPP_D (Uttar Pradesh)
IND211002AAB>IND211013AAA,7,5.3457482993197285,5.071428571428571,63.714285714285715,Allahabad_Central_H_1 (Uttar Pradesh),Allahabad_Phaphamu_DC (Uttar Pradesh)
IND560085AAA>IND562132AAA,7,2.135837804634797,1.8421052631578947,40.57142857142857,Bengaluru_Banshkri_DC (Karnataka),Bangalore_Nelmngla_H (Karnataka)
IND600056AAB>IND501359AAE,7,1.7819863391455601,1.8024691358024691,379.7142857142857,MAA_Poonamallee_HB (Tamil Nadu),Hyderabad_Shamshbd_H (Telangana)
IND600056AAA>IND602105AAB,7,3.1155677655677656,3.0,25.142857142857142,Chennai_Poonamallee (Tamil Nadu),Chennai_Sriperumbudur_Dc (Tamil Nadu)
IND600056AAB>IND600044AAD,7,1.775030012004802,1.7352941176470589,26.571428571428573,MAA_Poonamallee_HB (Tamil Nadu),Chennai_Chrompet_DPC (Tamil Nadu)
IND395023AAD>IND396445AAA,7,2.030517470145953,1.875,17.285714285714285,Surat_Central_I_4 (Gujarat),Navsari_DC (Gujarat)
IND441206AAB>IND442605AAA,7,2.6929034695004432,2.7333333333333334,75.57142857142857,Brahmapuri_DhnliRth_D (Maharashtra),Gadchiroli_Central_DPP_1 (Maharashtra)
IND231217AAA>IND231225AAB,7,2.4092307692307693,2.4,36.0,Renukoot_Govind_D (Uttar Pradesh),Anpara_Parasi_D (Uttar Pradesh)
IND742101AAC>IND731237AAB,7,2.8347184932879186,2.6333333333333333,52.0,Baharampur_Chuanpur_I (West Bengal),Morgram_Kntgorya_D (West Bengal)
IND486886AAA>IND486889AAA,7,2.5743537414965987,2.4,32.714285714285715,Singrauli_Waidhan_D (Madhya Pradesh),Singrauli_Ward8DPP_D (Madhya Pradesh)
IND140406AAA>IND140401AAA,7,1.5471223571887527,1.5833333333333333,13.142857142857142,SirhindFatehgarh_DC (Punjab),Rajpura_DC (Punjab)
IND380005AAA>IND382421AAA,7,4.093650793650793,2.7,28.142857142857142,Amd_Chandkheda_Dc (Gujarat),Gandhinagar_DC (Gujarat)
IND396445AAA>IND396321AAA,7,2.2826190476190478,2.2,31.428571428571427,Navsari_DC (Gujarat),Bilimora_DC (Gujarat)
IND824101AAA>IND821115AAB,7,2.2508199518051737,1.9285714285714286,38.57142857142857,AurngbadBR_Mahindra_D (Bihar),Sasaram_Central_I_2 (Bihar)
IND495677AAA>IND496001AAA,7,2.28348533189621,2.18018018018018,142.14285714285714,Korba_Tilknagr_DC (Chhattisgarh),Raigarh_MithmdRd_D (Chhattisgarh)
IND828401AAB>IND826004AAA,7,3.0111317254174397,2.857142857142857,44.42857142857143,Gomoh_KhsmiDPP_D (Jharkhand),Dhanbad_Kalynpur_I (Jharkhand)
IND608001AAA>IND609110AAA,7,2.567857142857143,2.7333333333333334,24.285714285714285,Chidambaram_ARBNorth_DC (Tamil Nadu),Sirkazhi_Pngktgudi_D (Tamil Nadu)
IND421302AAG>IND413002AAA,7,2.108777120779346,2.064935064935065,343.2857142857143,Bhiwandi_Mankoli_HB (Maharashtra),Solapur_Central_I_2 (Maharashtra)
IND600044AAD>IND600032AAB,7,2.5581585081585083,2.5833333333333335,18.285714285714285,Chennai_Chrompet_DPC (Tamil Nadu),Chennai_Hub (Tamil Nadu)
IND473443AAA>IND470113AAA,7,1.839692744426818,1.8135593220338984,49.42857142857143,Mungaoli_AshkngRd_D (Madhya Pradesh),Bina_Srvdycwk_D (Madhya Pradesh)
IND131028AAB>IND110037AAM,7,2.4297034899715824,2.2758620689655173,79.57142857142857,Sonipat_Kundli_H (Haryana),Delhi_Airport_H (Delhi)
IND742101AAC>IND742303AAB,7,2.599225897255454,2.5,45.57142857142857,Baharampur_Chuanpur_I (West Bengal),Domkal_Central_D_2 (West Bengal)
IND147201AAA>IND148023AAA,7,1.1457281144781144,1.0909090909090908,5.0,Nabha_Sahni_D (Punjab),Malerkotla_DC (Punjab)
IND177001AAA>IND176110AAB,7,1.8615917458710347,1.8095238095238095,20.285714285714285,Hamirpur_GutmgrCl_D (Himachal Pradesh),Sujanpur_SainkSCL_D (Himachal Pradesh)
IND814112AAA>IND814133AAB,7,2.6099428766722,2.4,89.71428571428571,Deoghar_Barmasia_D (Jharkhand),Godda_Central_D_2 (Jharkhand)
IND147105AAA>IND160002AAC,7,7.89818602139651,8.411764705882353,584.7142857142857,Patran_MheshNGR_D (Punjab),Chandigarh_Mehmdpur_H (Punjab)
IND712311AAA>IND826004AAA,7,1.8093431518506988,1.7840909090909092,143.14285714285714,Kolkata_Dankuni_HB (West Bengal),Dhanbad_Kalynpur_I (Jharkhand)
IND458664AAA>IND312403AAA,7,2.9399330415746285,2.466666666666667,87.42857142857143,Neemuch_KarjuDPP_D (Madhya Pradesh),BariSadri_BhmprDPP_D (Rajasthan)
IND742101AAC>IND712311AAA,7,2.9461155667072174,2.919254658385093,304.42857142857144,Baharampur_Chuanpur_I (West Bengal),Kolkata_Dankuni_HB (West Bengal)
IND141003AAB>IND000000ACA,7,1.8885543028400171,1.8181818181818181,8.428571428571429,Ludhiana_GillChwk_DC (Punjab),Ludhiana_MilrGanj_HB (Punjab)
IND000000ACB>IND124112AAA,7,2.314210973559599,2.157303370786517,118.85714285714286,Gurgaon_Bilaspur_HB (Haryana),Meham_GModDPP_D (Haryana)
IND802212AAA>IND821115AAB,7,20.796290175989423,23.738095238095237,811.0,Bikramgang_Dehrird_D (Bihar),Sasaram_Central_I_2 (Bihar)
IND232101AAB>IND232104AAB,7,3.0922743922743927,3.230769230769231,24.0,MughalSarai_Central_D_2 (Uttar Pradesh),Chandauli_ShubsNGR_D (Uttar Pradesh)
IND505001AAB>IND505209AAA,7,2.9543178425888237,2.7083333333333335,90.42857142857143,Karimnagar_KamnHbRD_I (Telangana),Ramagundam_Pdmavati_D (Telangana)
IND680307AAA>IND680712AAA,7,1.6623332586623165,1.619047619047619,12.857142857142858,Chalakudy_SurbhiTh_D (Kerala),Irinjlkuda_Greens_D (Kerala)
IND423105AAA>IND423301AAB,7,1.5262242828165749,1.4705882352941178,17.428571428571427,Malegaon_Rawlgaon_D (Maharashtra),Satana_ThrbadRD_D (Maharashtra)
IND625516AAA>IND685514AAA,7,1.8979863221884499,1.934782608695652,42.0,Cumbum_LFRoad_D (Tamil Nadu),Kattappana_Palikval_D (Kerala)
IND626607AAB>IND625008AAA,7,1.5025091004924973,1.52,26.142857142857142,Narikkudi_MukkuRD_D (Tamil Nadu),Madurai_Kappalur_H (Tamil Nadu)
IND625531AAA>IND625516AAA,7,1.2867086879564558,1.2826086956521738,13.0,Theni_Rathnam_D (Tamil Nadu),Cumbum_LFRoad_D (Tamil Nadu)
IND145001AAA>IND176201AAA,7,1.9461193568336426,1.7916666666666667,21.0,Pathankot_DC (Punjab),Jassur_AadiDPP_D (Himachal Pradesh)
IND160002AAC>IND147001AAD,7,2.0156784005468213,2.0526315789473686,36.0,Chandigarh_Mehmdpur_H (Punjab),Patiala_GainMrkt_L (Punjab)
IND283122AAB>IND328001AAA,7,1.1591877880184331,1.15625,9.857142857142858,Kirauli_AchneraRD_D (Uttar Pradesh),Dholpur_GtRoad_D (Rajasthan)
IND341001AAC>IND341303AAA,7,1.8493997599039618,1.5595238095238095,71.42857142857143,Nagaur_KisanCo_D (Rajasthan),Didwana_KatlaDPP_D (Rajasthan)
IND504293AAA>IND505001AAB,7,2.0370971893449914,2.0833333333333335,123.28571428571429,Asifabad_PaikjNGR_D (Telangana),Karimnagar_KamnHbRD_I (Telangana)
IND431127AAA>IND414502AAA,7,2.0888381668456857,2.107142857142857,61.42857142857143,Georai_Bazarrd_D (Maharashtra),Shevgaon_VidyaNgr_D (Maharashtra)
IND125001AAA>IND125047AAB,7,2.050979179550608,2.057142857142857,37.0,Hisar_ModelTwn_P (Haryana),Hisar_AgrohDPP_D (Haryana)
IND125001AAA>IND335513AAA,7,1.7862865439522178,1.7466666666666666,118.28571428571429,Hisar_ModelTwn_P (Haryana),Hanumangarh_DC (Rajasthan)
IND574239AAA>IND574221AAA,7,1.5113911151505135,1.5128205128205128,18.285714285714285,Sullia_Srirampt_D (Karnataka),Kadaba_AnugrDPP_D (Karnataka)
IND623503AAA>IND623526AAA,7,0.9137882852671585,0.9014084507042254,-6.142857142857143,Ramnthpurm_TnhbBlkC_D (Tamil Nadu),Rameswram_Kdthdstrt_D (Tamil Nadu)
IND110030AAD>IND000000ACB,7,3.932888677254083,3.106382978723404,139.85714285714286,Delhi_Kishangarh_DPC (Delhi),Gurgaon_Bilaspur_HB (Haryana)
IND181152AAB>IND181201AAB,7,3.501666502349732,3.217391304347826,60.285714285714285,Jammu_Central_I_1 (Jammu & Kashmir),Akhnoor_ThthiCwk_D (Jammu & Kashmir)
IND562132AAA>IND421302AAG,7,1.709368562805835,1.7083906464924348,516.2857142857143,Bangalore_Nelmngla_H (Karnataka),Bhiwandi_Mankoli_HB (Maharashtra)
IND312605AAB>IND313001AAB,7,2.4033383426363244,2.3823529411764706,191.71428571428572,Pratapgarh_Nimachrd_D (Rajasthan),Udaipur_Mangri_I (Rajasthan)
IND623704AAA>IND626607AAB,7,1.2678008842848183,1.2708333333333333,12.571428571428571,Muthukulathur_VaiklSRT_D (Tamil Nadu),Narikkudi_MukkuRD_D (Tamil Nadu)
IND623701AAA>IND623503AAA,7,1.231467042567875,1.1777777777777778,10.571428571428571,Paramakudi_VagaiNgr_D (Tamil Nadu),Ramnthpurm_TnhbBlkC_D (Tamil Nadu)
IND501359AAE>IND508252AAB,7,2.2403679173532765,2.0434782608695654,58.57142857142857,Hyderabad_Shamshbd_H (Telangana),Choutuppal_Nagaram_D (Telangana)
IND302022AAD>IND000000ACB,7,1.9018781258643596,1.9090909090909092,148.42857142857142,Jaipur_RIICO_L (Rajasthan),Gurgaon_Bilaspur_HB (Haryana)
IND110085AAB>IND000000ACB,7,3.4129268229210625,2.6984126984126986,152.0,Delhi_Rohini_DPC (Delhi),Gurgaon_Bilaspur_HB (Haryana)
IND781018AAB>IND781003AAA,7,2.8959349593495936,1.951219512195122,42.42857142857143,Guwahati_Hub (Assam),Guwahati_Chandmari (Assam)
IND764001AAC>IND764059AAA,7,2.8465821812596004,2.533333333333333,57.0,Jeypore_Kelasahi_D (Orissa),Nabarangpr_PhdofDPP_D (Orissa)
IND683511AAA>IND686028AAB,7,2.3846730349216787,1.9873417721518987,108.42857142857143,Aluva_Peedika_H (Kerala),Kottayam_Central_H_1 (Kerala)
IND231225AAB>IND486886AAA,7,1.6767480667480668,1.6296296296296295,17.285714285714285,Anpara_Parasi_D (Uttar Pradesh),Singrauli_Waidhan_D (Madhya Pradesh)
IND676306AAA>IND676509AAA,7,1.7571614475749815,1.7,13.714285714285714,Tirurangadi_Kooriyad_D (Kerala),Malappuram_Munduprm_D (Kerala)
IND421802AAA>IND411033AAA,7,1.683915457298916,1.6933333333333334,51.714285714285715,Khandala_Satara_D (Maharashtra),Pune_Tathawde_H (Maharashtra)
IND577401AAA>IND577201AAA,7,1.120803289439477,1.125,10.571428571428571,Sagara_Vardhard_D (Karnataka),Shimoga_DC (Karnataka)
IND577101AAA>IND577132AAD,7,2.076865490399325,2.142857142857143,23.571428571428573,Chikmagalur_DC (Karnataka),Mudigere_HesglDPP_D (Karnataka)
IND751002AAB>IND754103AAA,7,10.46184668989547,10.121951219512194,391.85714285714283,Bhubaneshwar_Hub (Orissa),Jagatsghpr_Markndpr_D (Orissa)
IND364004AAB>IND365560AAA,7,1.9876069332146233,1.9473684210526316,77.0,Bhavnagar_ChtrGIDC_IP (Gujarat),Amreli_MrktYrd_DC (Gujarat)
IND263153AAB>IND263139AAA,7,2.3579766052762565,2.261904761904762,55.857142857142854,Rudrapur_UdhamNgr_H (Uttarakhand),Haldwani_PiliKoti_D (Uttarakhand)
IND365560AAA>IND365560AAB,7,1.8011168963571156,1.7142857142857142,46.857142857142854,Amreli_MrktYrd_DC (Gujarat),Amreli_Rajula_DC (Gujarat)
IND487551AAA>IND464668AAA,7,2.528647547728769,2.4285714285714284,96.0,Gadarwara_MPward_D (Madhya Pradesh),Bareli_SourvDPP_D (Madhya Pradesh)
IND821115AAB>IND000000ACB,7,2.1643713271417844,2.0834621329211744,754.2857142857143,Sasaram_Central_I_2 (Bihar),Gurgaon_Bilaspur_HB (Haryana)
IND521185AAA>IND521225AAB,7,2.3282828282828283,2.1777777777777776,59.0,Nandigama_Chndrlpd_D (Andhra Pradesh),Vijayawada_Rynapadu_H (Andhra Pradesh)
IND282001AAA>IND110037AAM,7,2.03511572226656,1.7988826815642458,185.28571428571428,Agra_Idgah_P (Uttar Pradesh),Delhi_Airport_H (Delhi)
IND390020AAA>IND391110AAD,7,2.1244534177307286,1.8529411764705883,38.0,Vadodara (Gujarat),Dabhoi_Central_DPP_3 (Gujarat)
IND147001AAB>IND160002AAC,7,6.2609138963503295,7.090909090909091,169.71428571428572,Patiala (Punjab),Chandigarh_Mehmdpur_H (Punjab)
IND688524AAA>IND683511AAA,7,2.2593578970049557,2.269230769230769,65.0,Cherthala_Mulapali_D (Kerala),Aluva_Peedika_H (Kerala)
IND335701AAA>IND335051AAA,7,1.232016210739615,1.0638297872340425,11.142857142857142,Anupgarh_PrmNrDPP_D (Rajasthan),RaisingNgr_BisnolDPP_D (Rajasthan)
IND328001AAA>IND282002AAD,7,2.747897529482764,2.696969696969697,109.85714285714286,Dholpur_GtRoad_D (Rajasthan),
IND431122AAA>IND431127AAA,7,2.100803957946815,2.0952380952380953,23.142857142857142,Beed_JalnaRd_D (Maharashtra),Georai_Bazarrd_D (Maharashtra)
IND335803AAA>IND335804AAD,7,1.3434685811083327,1.1428571428571428,8.0,Pilibanga_BsstdDPP_D (Rajasthan),Suratgarh_Central_DPP_2 (Rajasthan)
IND411033AAA>IND410505AAB,7,1.8697536945812807,1.5862068965517242,23.714285714285715,Pune_Tathawde_H (Maharashtra),Rajgurunagar_Chakan_D (Maharashtra)
IND411014AAA>IND411043AAA,7,6.520658263305322,5.125,91.71428571428571,PNQ Vadgaon Sheri DPC (Maharashtra),Pune Balaji Nagar (Maharashtra)
IND786125AAA>IND786190AAA,7,3.2460034013605443,3.0625,34.0,Tinusukia_Chrwpaty_D (Assam),DoomDooma_Pthrgoan_D (Assam)
IND533262AAA>IND533106AAA,7,1.7994581736487378,1.8297872340425532,37.285714285714285,Draksharamam_Anaipeta_D (Andhra Pradesh),Rajamundry_AtoNgrRd_I (Andhra Pradesh)
IND223101AAB>IND222125AAB,7,1.9901738473167045,2.074074074074074,26.571428571428573,Shahganj_KcharaRD_D (Uttar Pradesh),Badlapur_Bhaluahi_D (Uttar Pradesh)
IND414502AAA>IND431107AAB,7,1.6142578436056696,1.5769230769230769,15.285714285714286,Shevgaon_VidyaNgr_D (Maharashtra),Paithan_SantaNGR_D (Maharashtra)
IND415003AAA>IND412803AAB,7,1.2924199278019877,1.2790697674418605,12.571428571428571,Satara_DC (Maharashtra),Wai_Central_DPP_3 (Maharashtra)
IND174103AAA>IND160002AAC,6,2.728166278166278,2.7384615384615385,112.5,Baddi_ByePass_D (Himachal Pradesh),Chandigarh_Mehmdpur_H (Punjab)
IND508252AAB>IND508207AAB,6,1.3500495885982957,1.3634293270643552,28.666666666666668,Choutuppal_Nagaram_D (Telangana),Miryalguda_Ragvendr_D (Telangana)
IND821115AAB>IND821109AAA,6,2.3625000000000003,2.3,54.5,Sasaram_Central_I_2 (Bihar),Mohania_Bhabua_D (Bihar)
IND301019AAA>IND301705AAA,6,3.360698002605297,3.276595744680851,112.5,Bhiwadi DC (Rajasthan),Neemrana_Rcocmplx_D (Rajasthan)
IND400015AAB>IND400072AAB,6,4.226688453159041,4.5,54.0,Mumbai_CotnGren_M (Maharashtra),Mumbai Hub (Maharashtra)
IND362225AAA>IND362265AAA,6,1.7856837606837608,1.7824074074074074,21.666666666666668,Mangrol_JilRDDPP_D (Gujarat),Veraval_DC (Gujarat)
IND743347AAA>IND700053AAA,6,3.594639327793366,3.6583638583638582,166.33333333333334,Kakdwip_KlngrDPP_D (West Bengal),CCU_New Alipore_DPC (West Bengal)
IND743235AAA>IND743270AAA,6,2.2312013694366635,2.1,20.166666666666668,Bongaon_SukntDPP_D (West Bengal),Helencha_ColnyDPP_D (West Bengal)
IND486771AAA>IND486661AAA,6,1.9128968253968255,1.6875,19.166666666666668,Churhat_Central_DPP_1 (Madhya Pradesh),Sidhi_Padra_D (Madhya Pradesh)
IND204215AAA>IND207001AAA,6,3.7467061923583658,3.1363636363636367,61.5,SikandraRao_JydevNGR_D (Uttar Pradesh),Etah_CivlLine_D (Uttar Pradesh)
IND581343AAC>IND581314AAA,6,1.6716566758668276,1.7288306451612905,21.833333333333332,Kumta_Central_DPP_2 (Karnataka),Ankola_Kakrmath_D (Karnataka)
IND470117AAA>IND470227AAB,6,1.8360745614035088,1.7526315789473683,79.66666666666667,Khurai_Talaiya_D (Madhya Pradesh),Rehli_Ward7DPP_D (Madhya Pradesh)
IND209304AAA>IND221313AAA,6,2.128908438239299,2.0562770562770565,266.6666666666667,Kanpur_Central_H_6 (Uttar Pradesh),Varanasi_Central_H_4 (Uttar Pradesh)
IND643001AAA>IND643212AAA,6,2.4818831989884624,2.5,53.166666666666664,Ooty_Davisdle_D (Tamil Nadu),Gudalur_kalmpuza_D (Tamil Nadu)
IND226004AAA>IND226016AAA,6,4.457311650823564,4.207608695652174,69.33333333333333,Lucknow_Hub (Uttar Pradesh),Lucknow_Indira Nagar (Uttar Pradesh)
IND231208AAA>IND231217AAA,6,1.930253623188406,1.8070652173913042,22.0,Duddhi_MChwkDPP_D (Uttar Pradesh),Renukoot_Govind_D (Uttar Pradesh)
IND518124AAA>IND518206AAA,6,1.6928571428571428,1.65,14.333333333333334,Bngnpalle_Enkndla_D (Andhra Pradesh),Betamcherla_CmtNgRod_D (Andhra Pradesh)
IND821115AAB>IND802101AAA,6,2.234172593646278,2.2156756756756755,93.16666666666667,Sasaram_Central_I_2 (Bihar),Buxar_Sarswati_D (Bihar)
IND605601AAA>IND600056AAB,6,1.7287204301075267,1.72,91.0,Villupuram_Thirumtr_IP (Tamil Nadu),MAA_Poonamallee_HB (Tamil Nadu)
IND207001AAA>IND207302AAA,6,1.6542682926829269,1.6667682926829268,26.5,Etah_CivlLine_D (Uttar Pradesh),Jalesar_ChngiDPP_D (Uttar Pradesh)
IND211008AAA>IND211002AAB,6,28.397222222222222,9.28125,426.5,Allahabad_Central_D_3 (Uttar Pradesh),Allahabad_Central_H_1 (Uttar Pradesh)
IND854326AAB>IND852201AAA,6,4.065748888866334,3.9878048780487805,252.33333333333334,Purnia_Central_H_2 (Bihar),Saharsa_Gangjala_D (Bihar)
IND635802AAB>IND562132AAA,6,1.7406073374036761,1.7587985114300904,124.0,Ambur_Central_D_2 (Tamil Nadu),Bangalore_Nelmngla_H (Karnataka)
IND416510AAA>IND416602AAC,6,2.7865528990528987,2.6625,70.5,Sawantwadi_LaxmiNgr_D (Maharashtra),Kankavali_NrdawDPP_D (Maharashtra)
IND274304AAA>IND274304AAB,6,4.769230769230769,5.038461538461538,47.833333333333336,Kushinagar_KasyaDPP_D (Uttar Pradesh),Padrauna_BawliDPPP_D (Uttar Pradesh)
IND000000ACB>IND110024AAA,6,2.048368247204946,2.07658371040724,69.66666666666667,Gurgaon_Bilaspur_HB (Haryana),Delhi_Lajpat_IP (Delhi)
IND000000ACB>IND301001AAB,6,1.946388756171365,1.7142857142857144,86.33333333333333,Gurgaon_Bilaspur_HB (Haryana),Alwar_Central_I_1 (Rajasthan)
IND713303AAA>IND713364AAB,6,3.865468409586057,4.166666666666666,51.333333333333336,Asansol_DC (West Bengal),Rupnarayanpur_Salanpur_D (West Bengal)
IND133004AAA>IND135001AAA,6,1.6651779853037716,1.660774410774411,36.0,Ambala (Haryana),YamunaNagar_DC (Haryana)
IND132103AAB>IND131028AAB,6,3.5085198617807314,3.2981601731601726,109.83333333333333,Panipat_PC (Haryana),Sonipat_Kundli_H (Haryana)
IND480886AAA>IND480001AAA,6,1.5850475488745293,1.5778282828282828,57.166666666666664,Lakhnadon_Central_DPP_1 (Madhya Pradesh),Chhindwara_NagpurRd_D (Madhya Pradesh)
IND480661AAA>IND481661AAA,6,1.4311395375807356,1.396424570575056,45.0,Seoni_Kidwai_D (Madhya Pradesh),Mandla_Mharajpr_D (Madhya Pradesh)
IND723130AAA>IND723131AAA,6,3.276346371882086,1.1008163265306123,111.66666666666667,Hura_Central_D_1 (West Bengal),Manbazar_Central_DPP_1 (West Bengal)
IND605601AAA>IND636102AAA,6,1.7152933832709112,1.6653558052434456,64.33333333333333,Villupuram_Thirumtr_IP (Tamil Nadu),Attur_KaaduRd_D (Tamil Nadu)
IND384205AAA>IND384170AAA,6,1.4756493506493509,1.25,12.0,Mehsana_Panchot_IP (Gujarat),Unjha_DC (Gujarat)
IND736135AAA>IND736101AAA,6,2.072803657694962,2.0890269151138714,24.833333333333332,Dinhata_WrdN4DPP_D (West Bengal),CoochBehar_Psthrjhr_D (West Bengal)
IND732204AAB>IND732139AAA,6,0.630333138515488,0.6323787258912916,-21.5,Paranpur_Nijgan_D (West Bengal),Samsi_RatuaDPP_D (West Bengal)
IND600056AAB>IND605601AAA,6,1.5350228785471305,1.3458093763821317,72.16666666666667,MAA_Poonamallee_HB (Tamil Nadu),Villupuram_Thirumtr_IP (Tamil Nadu)
IND476111AAA>IND477001AAA,6,1.8513906675393912,1.9598039215686274,43.666666666666664,Ambah_MrenTirh_D (Madhya Pradesh),Bhind_BhrolDPP_D (Madhya Pradesh)
IND742121AAA>IND742101AAC,6,5.069128787878788,3.6818181818181817,86.33333333333333,Nowda_AmtlaDPP_D (West Bengal),Baharampur_Chuanpur_I (West Bengal)
IND416404AAA>IND416012AAA,6,4.075102183295253,4.81,308.6666666666667,Jath_Shivprsad_D (Maharashtra),Kolhapur_Shivaji_I (Maharashtra)
IND670645AAB>IND673592AAA,6,3.4253388003388,2.598752598752599,90.5,Mananthavady_Central_D_1 (Kerala),SultnBthry_Kollgpra_D (Kerala)
IND110037AAM>IND201007AAA,6,2.5746000201882553,2.492016806722689,55.333333333333336,Delhi_Airport_H (Delhi),GZB_Mohan_Nagar_DPC (Uttar Pradesh)
IND574202AAA>IND574239AAA,6,1.644850724991854,1.5620723362658846,20.333333333333332,Puttur_Darbe_DC (Karnataka),Sullia_Srirampt_D (Karnataka)
IND500008AAD>IND501359AAE,6,5.086313445009098,3.2164502164502164,91.66666666666667,Hyderabad_Tolichwk_L (Telangana),Hyderabad_Shamshbd_H (Telangana)
IND303338AAB>IND303603AAB,6,0.9943131132917039,0.9385964912280702,-0.5,Phulera_NarenaRD_D (Rajasthan),Renwal_ChomuRD_D (Rajasthan)
IND742137AAA>IND742401AAA,6,2.475306039745695,2.3089743589743588,43.0,Kandi_DohalDPP_D (West Bengal),Ghanashyampur_NditaDPP_D (West Bengal)
IND363641AAA>IND363621AAB,6,1.4977718360071302,1.478163992869875,16.5,Morbi_DC (Gujarat),Wankaner_JivanDPP_D (Gujarat)
IND403726AAB>IND403601AAA,6,1.520171957671958,1.492063492063492,8.0,Goa_ZuariNgr_IP (Goa),Goa_Margao_Dc (Goa)
IND312601AAA>IND458664AAA,6,1.1417989872828793,1.1615853658536586,-2.8333333333333335,Nimbahera_MsjidDPP_D (Rajasthan),Neemuch_KarjuDPP_D (Madhya Pradesh)
IND804452AAA>IND804420AAA,6,3.1136363636363638,2.962121212121212,25.333333333333332,Masaurhi_Blockrd_D (Bihar),Jehanabad_Madarpur_D (Bihar)
IND770001AAA>IND770017AAB,6,1.5509255761767662,1.5530142781597038,34.0,Sundargarh_DiyoDPP_D (Orissa),Rajgangpur_Central_D_2 (Orissa)
IND502313AAA>IND503111AAC,6,1.732846902201741,1.695852534562212,45.666666666666664,Narsapur_Xroad_D (Telangana),Kamareddy_Devenply_I (Telangana)
IND781124AAA>IND781018AAB,6,5.13883288530466,4.77671370967742,126.83333333333333,Chhaygaon_GwhRDDPP_D (Assam),Guwahati_Hub (Assam)
IND712410AAC>IND712406AAA,6,1.7367945609280655,1.6375338753387534,28.5,Tarkeshwar_Naraynpr_D (West Bengal),Khanakul_Ramnagar_D (West Bengal)
IND342601AAA>IND342902A1B,6,2.0073207596157414,1.9504283965728275,41.166666666666664,Piparcity_BsstdDPP_D (Rajasthan),
IND262001AAA>IND262122AAB,6,2.163336999022483,2.382056451612903,37.333333333333336,Pilibhit_ViksClny_D (Uttar Pradesh),Puranpur_MdothdRD_D (Uttar Pradesh)
IND263139AAA>IND263153AAB,6,1.8219850948509484,1.3617886178861789,34.166666666666664,Haldwani_PiliKoti_D (Uttarakhand),Rudrapur_UdhamNgr_H (Uttarakhand)
IND712311AAA>IND713103AAA,6,2.1363237872589127,2.1633547632963177,66.66666666666667,Kolkata_Dankuni_HB (West Bengal),Bardhaman_Bankura_D (West Bengal)
IND110092AAC>IND000000ACB,6,2.185798490544623,2.196239151398264,79.5,Delhi_Patparganj_DPC (Delhi),Gurgaon_Bilaspur_HB (Haryana)
IND781018AAB>IND712311AAA,6,3.237397459518775,2.9587669623943453,1542.6666666666667,Guwahati_Hub (Assam),Kolkata_Dankuni_HB (West Bengal)
IND781018AAB>IND781005AAA,6,1.5378097173828882,1.439939024390244,21.666666666666668,Guwahati_Hub (Assam),Guwahati_North (Assam)
IND574221AAA>IND562132AAA,6,2.5764851678096012,2.5903247038174637,338.6666666666667,Kadaba_AnugrDPP_D (Karnataka),Bangalore_Nelmngla_H (Karnataka)
IND344001AAA>IND345001AAA,6,0.7934878871157457,0.7725949468511297,-40.166666666666664,Barmer_Nehru3PL_D (Rajasthan),Jaisalmer_Gopa3PL_D (Rajasthan)
IND403726AAB>IND403401AAA,6,2.212407024001227,2.128623188405797,31.166666666666668,Goa_ZuariNgr_IP (Goa),Goa_Ponda_Dc (Goa)
IND305802AAA>IND341512AAA,6,2.1167119917119916,2.0165912518853695,40.333333333333336,Kishangarh_Central_D_2 (Rajasthan),Parbatsar_AjmhwDPP_D (Rajasthan)
IND305901AAA>IND342602AAC,6,2.2083595963784646,1.8686502177068216,65.33333333333333,Beawar_DC (Rajasthan),Bilara_Central_DPP_2 (Rajasthan)
IND751015AAA>IND752056AAA,6,2.2665561705809383,1.9572192513368982,23.0,Bhubaneshwar_Nayapalli (Orissa),Khurdha_MdhsnDPP_D (Orissa)
IND742226AAA>IND742101AAC,6,2.097769197769198,2.0945945945945947,40.0,Sagardighi_UtBzrDPP_D (West Bengal),Baharampur_Chuanpur_I (West Bengal)
IND221313AAA>IND211002AAB,6,3.949567554932211,4.054172510518934,273.3333333333333,Varanasi_Central_H_4 (Uttar Pradesh),Allahabad_Central_H_1 (Uttar Pradesh)
IND362220AAA>IND362225AAA,6,1.971377018043685,1.9415384615384617,24.166666666666668,Junagadh_keshod_DC (Gujarat),Mangrol_JilRDDPP_D (Gujarat)
IND501359AAE>IND500039AAD,6,2.667785193424793,2.7270114942528734,48.5,Hyderabad_Shamshbd_H (Telangana),Hyderabad_Uppal_L (Telangana)
IND208019AAA>IND209304AAA,6,12.082393790849673,11.284926470588236,178.83333333333334,Kanpur_Rawatpur_D (Uttar Pradesh),Kanpur_Central_H_6 (Uttar Pradesh)
IND209304AAA>IND110037AAM,6,2.5348590603259535,2.2923976608187138,524.1666666666666,Kanpur_Central_H_6 (Uttar Pradesh),Delhi_Airport_H (Delhi)
IND721501AAC>IND721253AAC,6,1.9469343964435126,1.8853917821309127,87.5,AmaDubi_Bulabeda_D (West Bengal),ChandroknaRD_Central_DPP_3 (West Bengal)
IND757025AAA>IND757001AAA,6,2.323747276688453,2.088888888888889,22.5,Betnoti_MhliaDPP_D (Orissa),Baripada_KalikDPP_D (Orissa)
IND673632AAA>IND683511AAA,6,1.7785313518580448,1.7303030303030305,128.5,Kozhikode_Central_H_4 (Kerala),Aluva_Peedika_H (Kerala)
IND208017AAA>IND209304AAA,6,18.729608585858585,16.947916666666664,228.5,Kanpur_Central_D_5 (Uttar Pradesh),Kanpur_Central_H_6 (Uttar Pradesh)
IND413304AAA>IND415301AAB,6,1.462079171291158,1.4803921568627452,24.0,Pandharpur_RajCmplx_D (Maharashtra),Atapadi_Vidyangr_D (Maharashtra)
IND509103AAC>IND518002AAA,6,2.1742457052655766,2.0167318557149065,66.5,,Kurnool_AbbasNgr_I (Andhra Pradesh)
IND271201AAA>IND271210AAA,6,2.305555555555556,2.3666666666666667,27.0,Balrampur_PBRDDPP_D (Uttar Pradesh),Tulsipur_Central_DPP_1 (Uttar Pradesh)
IND303603AAB>IND302014AAB,6,2.5871282241145255,2.510459089226212,116.83333333333333,Renwal_ChomuRD_D (Rajasthan),Jaipur_Central_I_7 (Rajasthan)
IND312001AAA>IND312601AAA,6,1.359698569031963,1.358416130917592,17.166666666666668,Chittaurgarh_DC (Rajasthan),Nimbahera_MsjidDPP_D (Rajasthan)
IND328001AAA>IND474003AAA,6,1.6316481589713618,1.5819696084161308,37.0,Dholpur_GtRoad_D (Rajasthan),Gwalior_HrihrNgr_I (Madhya Pradesh)
IND562132AAA>IND000000ACS,6,1.9144090999601753,1.777217741935484,27.0,Bangalore_Nelmngla_H (Karnataka),BLR_HSR_Layout_PC (Karnataka)
IND784168AAB>IND784176AAA,6,2.4981865232186156,2.5272938443670148,60.5,Gohpur_Central_D_1 (Assam),Bishwanath_ChrliDPP_D (Assam)
IND504208AAB>IND505001AAB,6,2.319779154390471,2.022248243559719,81.83333333333333,Mancherial_Hitech_D (Telangana),Karimnagar_KamnHbRD_I (Telangana)
IND505325AAA>IND505327AAA,6,1.5580549742953835,1.4219367588932808,11.333333333333334,Metpally_GunjRDPP_D (Telangana),Jagtial_Aravind_D (Telangana)
IND321606AAA>IND301001AAB,6,7.22080136402387,7.297101449275362,428.0,Kherli_GodamDPP_D (Rajasthan),Alwar_Central_I_1 (Rajasthan)
IND321001AAB>IND321001AAA,6,1.5772617723396367,1.3003337041156842,17.666666666666668,Bharatpur_NraynDPP_D (Rajasthan),Bharatpur_DC (Rajasthan)
IND335513AAA>IND335001AAA,6,1.869191676670668,1.790516206482593,43.666666666666664,Hanumangarh_DC (Rajasthan),Ganga Nagar_DC (Rajasthan)
IND332713AAA>IND332709AAA,6,2.7578802966907805,2.9170673076923075,63.666666666666664,NeemKaThana_War5DPP_D (Rajasthan),Khandela_PlsrdDPP_D (Rajasthan)
IND142401AAA>IND000000ACA,6,2.047953216374269,1.875,20.833333333333332,Khanna_DC (Punjab),Ludhiana_MilrGanj_HB (Punjab)
IND207302AAA>IND202001AAB,6,4.7234352074163,5.019807923169267,187.16666666666666,Jalesar_ChngiDPP_D (Uttar Pradesh),Aligarh_KhirByps_I (Uttar Pradesh)
IND431107AAB>IND431136AAC,6,1.8706990881458967,1.87,42.833333333333336,Paithan_SantaNGR_D (Maharashtra),Aurangabad_Central_H_1 (Maharashtra)
IND625532AAA>IND625531AAA,6,1.461774255871829,1.5018939393939394,21.0,Usilampatti_MrutiNGR_D (Tamil Nadu),Theni_Rathnam_D (Tamil Nadu)
IND121004AAC>IND121004AAB,6,5.073743086978381,4.095588235294118,51.166666666666664,Faridabad_MohnVRTL_D (Haryana),FBD_Balabhgarh_DPC (Haryana)
IND411014AAA>IND411048AAA,6,8.9625116713352,8.242857142857144,122.33333333333333,PNQ Vadgaon Sheri DPC (Maharashtra),Pune_East_D_8 (Maharashtra)
IND201204AAA>IND250002AAA,6,1.7529675638371292,1.6428571428571428,16.0,Modinagar_SikriKla_DC (Uttar Pradesh),Meerut (Uttar Pradesh)
IND311301AAA>IND305624AAA,6,4.510031055264321,4.365546218487395,116.83333333333333,Asind_BsStdDPP_D (Rajasthan),Bijainagar_Central_DPP_1 (Rajasthan)
IND689101AAA>IND689650AAA,6,1.4068159180001285,1.3666666666666667,6.666666666666667,Tiruvalla_TKRoad_D (Kerala),Kozhenchery_Cherukole_D (Kerala)
IND160002AAC>IND184104AAA,6,1.883074459698672,1.8775933609958506,213.16666666666666,Chandigarh_Mehmdpur_H (Punjab),Kathua_BOB_D (Jammu & Kashmir)
IND700053AAA>IND712311AAA,6,6.434099616858238,7.5264367816091955,159.0,CCU_New Alipore_DPC (West Bengal),Kolkata_Dankuni_HB (West Bengal)
IND147001AAB>IND147201AAA,6,1.29276135741653,1.3205619412515963,8.166666666666666,Patiala (Punjab),Nabha_Sahni_D (Punjab)
IND842001AAA>IND843301AAA,6,3.748149861239593,3.717853839037928,128.0,Muzaffrpur_Bbganj_I (Bihar),Sitamari_Durma_D (Bihar)
IND841424AAA>IND841428AAA,6,3.540204773235273,3.5727882327492972,174.83333333333334,Chhapra_Prbhunth_D (Bihar),Gopalganj_GopalDPP_D (Bihar)
IND276128AAA>IND276305AAA,6,2.3841405508072175,2.0754985754985755,36.166666666666664,Azamgarh_ChtwrDPP_D (Uttar Pradesh),Saraimeer_MsmcyDPP_D (Uttar Pradesh)
IND284001AAA>IND284403AAA,6,1.8868748210853477,1.8181818181818183,68.16666666666667,Jhansi_LVMColge_D (Uttar Pradesh),Lalitpur_RjghatRd_D (Uttar Pradesh)
IND732103AAB>IND733128AAA,6,2.209500805152979,2.282608695652174,55.5,Malda_Central_I_3 (West Bengal),Itahar_NatunDPP_D (West Bengal)
IND388320AAA>IND390022AAA,6,2.1273005093378607,2.091578947368421,35.5,Anand_Vaghasi_IP (Gujarat),Vadodara_Karelibaug_DPC (Gujarat)
IND533106AAA>IND533262AAA,6,2.6881905899886935,2.675531914893617,78.83333333333333,Rajamundry_AtoNgrRd_I (Andhra Pradesh),Draksharamam_Anaipeta_D (Andhra Pradesh)
IND277303AAC>IND277211AAA,6,1.4380956033432815,1.4142156862745099,16.0,Sikandarpur_Central_D_3 (Uttar Pradesh),Sahatwar_PnchmDPP_D (Uttar Pradesh)
IND277211AAA>IND277201AAA,5,2.491904761904762,2.5238095238095237,31.0,Sahatwar_PnchmDPP_D (Uttar Pradesh),Bariya_BgnprDPP_D (Uttar Pradesh)
IND282001AAA>IND000000ACB,5,1.7386508472649447,1.7245508982035929,122.8,Agra_Idgah_P (Uttar Pradesh),Gurgaon_Bilaspur_HB (Haryana)
IND842001AAA>IND845438AAA,5,2.5175077004401705,2.4782608695652173,139.8,Muzaffrpur_Bbganj_I (Bihar),Bettiah_BypassRd_D (Bihar)
IND842003AAB>IND487001AAB,5,1.9740323389690477,1.8181818181818181,76.8,Jabalpur_Adhartal_IP (Madhya Pradesh),Narsinghpur_KndliDPP_D (Madhya Pradesh)
IND531001AAA>IND531116AAA,5,1.955373794847479,2.0,35.4,Anakapalle_Kothuru_D (Andhra Pradesh),Narsiptnm_Wardno8_D (Andhra Pradesh)
IND523002AAA>IND523226AAA,5,2.0114984430773903,1.6842105263157894,19.8,Ongole_SubhVRTL_I (Andhra Pradesh),Chimkurthy_MSRClgRd_D (Andhra Pradesh)
IND521001AAA>IND521225AAB,5,2.2250526831658908,2.25,66.6,Machilipatnam_DC (Andhra Pradesh),Vijayawada_Rynapadu_H (Andhra Pradesh)
IND733129AAB>IND733129AAA,5,1.8897768897768898,1.9523809523809523,20.2,Kaliyaganj_Central_DPP_1 (West Bengal),Kaliyaganj_FatprDPP_D (West Bengal)
IND415709AAA>IND416012AAA,5,2.4280681421426595,2.496969696969697,234.2,Khed_Mahad_D (Maharashtra),Kolhapur_Shivaji_I (Maharashtra)
IND411033AAA>IND580028AAA,5,1.7514124293785311,1.7485875706214689,266.0,Pune_Tathawde_H (Maharashtra),Hubli_Adargchi_IP (Karnataka)
IND285205AAB>IND210431AAA,5,2.2698007501172057,2.1875,101.8,Konch_Central_D_2 (Uttar Pradesh),Rath_Mughlpra_D (Uttar Pradesh)
IND827013AAA>IND829121AAA,5,2.0322257053291537,2.0,26.6,Bokaro_KSClny_DC (Jharkhand),Peterbar_GagiDPP_D (Jharkhand)
IND533262AAA>IND533201AAA,5,2.0143927125506074,2.0526315789473686,39.4,Draksharamam_Anaipeta_D (Andhra Pradesh),Amalapuram_Vijdurg_D (Andhra Pradesh)
IND181152AAA>IND184121AAA,5,1.464679863147605,1.4666666666666666,14.8,Jammu_TrnptNgr_L (Jammu & Kashmir),Samba_Wardno13_D (Jammu & Kashmir)
IND184121AAA>IND160002AAC,5,2.045569584338204,1.8226415094339623,277.8,Samba_Wardno13_D (Jammu & Kashmir),Chandigarh_Mehmdpur_H (Punjab)
IND680307AAA>IND683511AAA,5,1.9648692810457515,1.6666666666666667,17.0,Chalakudy_SurbhiTh_D (Kerala),Aluva_Peedika_H (Kerala)
IND700053AAA>IND700144AAA,5,2.7082503556187767,2.3157894736842106,64.4,CCU_New Alipore_DPC (West Bengal),Baruipur_Bnsibtla_D (West Bengal)
IND242221AAA>IND207247AAB,5,2.8953113553113554,3.10989010989011,171.0,Jalalabad_farukngr_D (Uttar Pradesh),Aliganj_KaimgnjRD_D (Uttar Pradesh)
IND242307AAB>IND207247AAB,5,2.1557416267942586,2.210526315789474,152.8,Tilhar_SingCLNY_D (Uttar Pradesh),Aliganj_KaimgnjRD_D (Uttar Pradesh)
IND242307AAB>IND242221AAA,5,1.535191637630662,1.4634146341463414,22.0,Tilhar_SingCLNY_D (Uttar Pradesh),Jalalabad_farukngr_D (Uttar Pradesh)
IND144514AAA>IND141115AAA,5,1.654147465437788,1.75,18.8,Nawanshahr_DC (Punjab),Machhiwara_MnBzrDPP_D (Punjab)
IND311001AAA>IND313324AAA,5,1.873846153846154,1.8461538461538463,56.8,Bhilwara_DC (Rajasthan),Rajsamand_kankroli_D (Rajasthan)
IND209801AAA>IND209304AAA,5,16.642892156862747,20.757575757575758,506.6,Unnao_VikasRam_D (Uttar Pradesh),Kanpur_Central_H_6 (Uttar Pradesh)
IND210431AAA>IND209304AAA,5,2.9222504972504972,2.369369369369369,214.0,Rath_Mughlpra_D (Uttar Pradesh),Kanpur_Central_H_6 (Uttar Pradesh)
IND125005AAA>IND000000ACB,5,1.9270180334907685,1.927007299270073,126.8,Hisar_IndstlAr_I (Haryana),Gurgaon_Bilaspur_HB (Haryana)
IND341512AAA>IND341505AAA,5,1.8050557751427316,1.7272727272727273,19.2,Parbatsar_AjmhwDPP_D (Rajasthan),Makrana_Mwalibad_D (Rajasthan)
IND333031AAA>IND331023AAA,5,2.8700985221674875,2.8,53.8,Pilani (Rajasthan),Rajgarh_SadulDPP_D (Rajasthan)
IND563131AAB>IND560300AAB,5,2.685299043062201,1.8157894736842106,129.0,Bangarapet_KolarRd_D (Karnataka),Bangalore_East_I_20 (Karnataka)
IND505209AAA>IND504201AAA,5,1.8316357206012377,1.4137931034482758,24.4,Ramagundam_Pdmavati_D (Telangana),Chinnur_AsnsdhRD_D (Telangana)
IND505302AAB>IND505325AAA,5,1.178794274509034,1.1290322580645162,10.8,Vemulawada_Central_DPP_2 (Telangana),Metpally_GunjRDPP_D (Telangana)
IND504201AAA>IND505184AAC,5,1.2396900584795323,1.1578947368421053,18.0,Chinnur_AsnsdhRD_D (Telangana),Manthani_Chaitnya_D (Telangana)
IND786184AAA>IND786125AAA,5,2.9466666666666668,2.7333333333333334,28.2,Chabua_CollgeRD_D (Assam),Tinusukia_Chrwpaty_D (Assam)
IND798601AAA>IND785001AAA,5,6.94177931259628,3.9210526315789473,420.0,Mokokchung_Central_D_1 (Nagaland),Jorhat_RicMilRd_D (Assam)
IND125001AAA>IND335524AAA,5,1.926477528740238,1.9024390243902438,152.4,Hisar_ModelTwn_P (Haryana),Rawatsar_ShivmDPP_D (Rajasthan)
IND712311AAA>IND421302AAG,5,2.3627234570005973,2.3087248322147653,1828.0,Kolkata_Dankuni_HB (West Bengal),Bhiwandi_Mankoli_HB (Maharashtra)
IND201007AAB>IND201301AAF,5,3.0020588235294117,2.933333333333333,31.6,Ghaziabad_MohanNgr_C (Uttar Pradesh),Noida_Sec 02_DPC (Uttar Pradesh)
IND410505AAB>IND410501AAF,5,3.9636363636363634,4.1,30.6,Rajgurunagar_Chakan_D (Maharashtra),Talegaon_Central_DPP_4 (Maharashtra)
IND802213AAB>IND802212AAA,5,3.5341993464052286,3.5,43.6,Dinara_Wardno7_D (Bihar),Bikramgang_Dehrird_D (Bihar)
IND148101AAA>IND148102AAA,5,1.1454545454545455,1.1818181818181819,3.2,Barnala_DC (Punjab),Bhadaur_BChwkDPP_D (Punjab)
IND507159AAA>IND508206AAA,5,1.1650572376888166,1.135135135135135,6.2,Kusumnchi_SKRoad_D (Telangana),Kodad_VidyaNgr_D (Telangana)
IND508207AAB>IND507002AAA,5,3.056399819086386,3.0,136.0,Miryalguda_Ragvendr_D (Telangana),Khammam_NSTRoad_I (Telangana)
IND575004AAB>IND574117AAA,5,2.4597988505747126,2.3448275862068964,44.4,Mangalore_Kuntikna_H (Karnataka),Uchila_Busstand_D (Karnataka)
IND573103AAA>IND577116AAA,5,1.3771539124097263,1.3846153846153846,10.6,Arsikere_HsnRdDPP_D (Karnataka),
IND501359AAE>IND562132AAA,5,1.690085460599334,1.6863207547169812,293.0,Hyderabad_Shamshbd_H (Telangana),Bangalore_Nelmngla_H (Karnataka)
IND768216AAA>IND770001AAA,5,2.3478524743230627,2.2058823529411766,47.0,Brajrajnagar_LamtiDPP_D (Orissa),Sundargarh_DiyoDPP_D (Orissa)
IND342902AAA>IND302014AAA,5,2.511281556802244,2.3870967741935485,281.6,Gotan_DKLogDPP_D (Rajasthan),Jaipur_Hub (Rajasthan)
IND201001AAA>IND201007AAA,5,3.0164835164835164,3.076923076923077,27.0,Ghaziabad_Patel Nagar (Uttar Pradesh),GZB_Mohan_Nagar_DPC (Uttar Pradesh)
IND500050AAA>IND501218AAC,5,4.856567518503002,5.566666666666666,117.0,Patancheru_Ameenpur_I (Telangana),Shamshabad_Lngrguda_D (Telangana)
IND574216AAA>IND575004AAB,5,2.4170650757990524,2.4,65.0,Dhrmsthala_Beltngdi_D (Karnataka),Mangalore_Kuntikna_H (Karnataka)
IND342005AAD>IND342902AAA,5,2.5335697399527186,2.202127659574468,141.4,Jodhpur_Basni_I (Rajasthan),Gotan_DKLogDPP_D (Rajasthan)
IND403726AAB>IND403507AAA,5,1.481572117167223,1.3333333333333333,14.2,Goa_ZuariNgr_IP (Goa),Panaji Goa (Goa)
IND306401AAB>IND343001AAA,5,1.9333358491752755,2.0344827586206895,80.4,Pali_Nayagaon_I (Rajasthan),Jalore_RoopNgr_D (Rajasthan)
IND509301AAA>IND509216AAC,5,2.200642300770178,1.75,30.2,Jadcherla_Badeplly_D (Telangana),Shadnagar_Central_D_1 (Telangana)
IND560300AAA>IND563101AAB,5,1.9860990107582743,1.9661016949152543,53.6,Bengaluru_KGAirprt_HB (Karnataka),Kolar_Ambedkar_D (Karnataka)
IND303008AAB>IND303338AAB,5,1.4733333333333334,1.5333333333333334,12.4,Dudu_NrainaRD_D (Rajasthan),Phulera_NarenaRD_D (Rajasthan)
IND413304AAA>IND413002AAA,5,1.9779604364887384,2.0,51.0,Pandharpur_RajCmplx_D (Maharashtra),Solapur_Central_I_2 (Maharashtra)
IND630561AAA>IND623701AAA,5,1.535389378423434,1.411764705882353,20.4,Sivaganga_Wardno3_D (Tamil Nadu),Paramakudi_VagaiNgr_D (Tamil Nadu)
IND444203AAA>IND444005AAB,5,2.4581478007087765,2.5,58.0,Shegaon_SChwkDPP_D (Maharashtra),Akola_Gaurkshn_I (Maharashtra)
IND713205AAB>IND713303AAA,5,3.1339438339438344,2.6538461538461537,58.8,Durgapur_Central_I_1 (West Bengal),Asansol_DC (West Bengal)
IND713205AAB>IND722101AAC,5,2.794308834644969,2.607843137254902,92.6,Durgapur_Central_I_1 (West Bengal),Bankura_BhowmDPP_D (West Bengal)
IND501101AAB>IND509216AAC,5,1.430188679245283,1.471698113207547,22.8,Vikarabad_Central_DPP_2 (Telangana),Shadnagar_Central_D_1 (Telangana)
IND501141AAA>IND501101AAB,5,1.608594657375145,1.5365853658536586,25.2,Tandur_SnthiNGR_D (Telangana),Vikarabad_Central_DPP_2 (Telangana)
IND574211AAA>IND574202AAA,5,2.528138974888201,2.473684210526316,28.2,Bantwal_Trmltmpl_D (Karnataka),Puttur_Darbe_DC (Karnataka)
IND203001AAA>IND203131AAA,5,3.5412587412587415,3.6153846153846154,30.6,Bulndshahr_Ymunpurm_D (Uttar Pradesh),Khurja_Pnjbiyon_D (Uttar Pradesh)
IND110043AAA>IND000000ACB,5,4.872631578947368,5.05,149.8,Delhi_Nangli_IP (Delhi),Gurgaon_Bilaspur_HB (Haryana)
IND401104AAB>IND400072AAB,5,3.69921568627451,2.2666666666666666,42.6,Mumbai_MiraRoad_M (Maharashtra),Mumbai Hub (Maharashtra)
IND126102AAA>IND126116AAA,5,2.2231884057971016,2.260869565217391,28.4,Jind_DC (Haryana),
IND126116AAA>IND131301AAA,5,2.8624062239510977,2.819672131147541,112.8,,Gohana_DvlalDPP_D (Haryana)
IND444005AAB>IND443301AAA,5,2.3365260006327206,2.375,107.8,Akola_Gaurkshn_I (Maharashtra),Mehkar_SagarDPP_D (Maharashtra)
IND424006AAA>IND423106AAA,5,1.3778696537025463,1.3225806451612903,23.8,Dhule_MIDCAvdn_I (Maharashtra),Manmad_Malegaon_D (Maharashtra)
IND272001AAA>IND273014AAB,5,1.6379937886267002,1.6756756756756757,48.2,Basti_GndhiNgr_D (Uttar Pradesh),Gorakhpur_Matriprm_IP (Uttar Pradesh)
IND515201AAA>IND515134AAA,5,2.0317256035006173,1.7592592592592593,61.2,Hindupur_Parigi_D (Andhra Pradesh),Puttaprthi_Gokulam_D (Andhra Pradesh)
IND147001AAD>IND160002AAC,5,6.068299695244667,4.193548387096774,166.2,Patiala_GainMrkt_L (Punjab),Chandigarh_Mehmdpur_H (Punjab)
IND273014AAB>IND273155AAA,5,3.3083333333333336,2.3125,75.4,Gorakhpur_Matriprm_IP (Uttar Pradesh),Anandnagar_LohiaDPP_D (Uttar Pradesh)
IND302014AAB>IND303008AAB,5,1.8854514179042483,1.9230769230769231,47.6,Jaipur_Central_I_7 (Rajasthan),Dudu_NrainaRD_D (Rajasthan)
IND201301AAL>IND201307AAA,5,1.28406015037594,1.263157894736842,5.8,Dadri_ICDCant_D (Uttar Pradesh),Noida_Chukhndi_D (Uttar Pradesh)
IND485001AAC>IND486771AAA,5,7.6520054291239035,7.209876543209877,539.8,Satna_Central_I_2 (Madhya Pradesh),Churhat_Central_DPP_1 (Madhya Pradesh)
IND742401AAA>IND742101AAC,5,3.2050111537842376,3.0677966101694913,143.6,Ghanashyampur_NditaDPP_D (West Bengal),Baharampur_Chuanpur_I (West Bengal)
IND743270AAA>IND712311AAA,5,15.364718720162122,15.35135135135135,1059.8,Helencha_ColnyDPP_D (West Bengal),Kolkata_Dankuni_HB (West Bengal)
IND250002AAA>IND131028AAB,5,2.4368532251553208,2.0,97.2,Meerut (Uttar Pradesh),Sonipat_Kundli_H (Haryana)
IND751014AAA>IND751002AAB,5,4.689285714285714,3.0,28.6,Bhubaneswar_BjbNgr_DC (Orissa),Bhubaneshwar_Hub (Orissa)
IND590016AAA>IND591302AAB,5,1.5783724340175953,1.4516129032258065,18.2,Belgaum_Dc (Karnataka),Khanapur_StatinRD_D (Karnataka)
IND132103AAA>IND132001AAA,5,1.7283787913199677,1.7714285714285714,25.4,Panipat (Haryana),Karnal (Haryana)
IND712311AAA>IND743235AAA,5,2.620499524673753,2.586206896551724,92.2,Kolkata_Dankuni_HB (West Bengal),Bongaon_SukntDPP_D (West Bengal)
IND826004AAA>IND815301AAA,5,2.0152011922503723,1.9636363636363636,56.8,Dhanbad_Kalynpur_I (Jharkhand),Giridih_Shivalya_D (Jharkhand)
IND636102AAA>IND605601AAA,5,1.3775280957133784,1.3523809523809525,39.8,Attur_KaaduRd_D (Tamil Nadu),Villupuram_Thirumtr_IP (Tamil Nadu)
IND636352AAA>IND636705AAB,5,1.6037671957671957,1.6,15.8,Thoppur_HghsclRD_D (Tamil Nadu),Dharmapuri_Central_D_2 (Tamil Nadu)
IND636705AAB>IND562132AAA,5,1.784214495182237,1.8376623376623376,121.2,Dharmapuri_Central_D_2 (Tamil Nadu),Bangalore_Nelmngla_H (Karnataka)
IND670643AAA>IND673632AAA,5,1.8986175115207373,1.879120879120879,82.6,Kuthuparamba_IdstrlAr_D (Kerala),Kozhikode_Central_H_4 (Kerala)
IND442001AAA>IND442101AAB,5,3.62967032967033,3.7142857142857144,35.6,Wardha_RamaNgr_D (Maharashtra),Deoli_Central_DPP_2 (Maharashtra)
IND462022AAA>IND461001AAA,5,2.855944931163955,2.5,94.0,Bhopal_Trnsport_H (Madhya Pradesh),Hoshangabad_MnRDDPP_D (Madhya Pradesh)
IND396001AAA>IND395023AAD,5,5.194871236162092,2.4262295081967213,250.8,Valsad_DC (Gujarat),Surat_Central_I_4 (Gujarat)
IND244901AAB>IND244921AAB,5,3.110144927536232,3.0434782608695654,48.8,Rampur_RoshnBgh_I (Uttar Pradesh),Bilaspur_GrmNgriya_D (Uttar Pradesh)
IND110037AAM>IND201301AAF,5,2.1389914749349925,2.1538461538461537,44.4,Delhi_Airport_H (Delhi),Noida_Sec 02_DPC (Uttar Pradesh)
IND370001AAA>IND370110AAA,5,9.238165215907152,5.838709677419355,230.8,Bhuj_DC (Gujarat),Anjar_DC (Gujarat)
IND586101AAB>IND416404AAA,5,2.1254756871035942,2.0697674418604652,48.8,Bijapur_Central_D_2 (Karnataka),Jath_Shivprsad_D (Maharashtra)
IND486661AAA>IND211002AAB,5,5.817463863967487,5.236024844720497,775.6,Sidhi_Padra_D (Madhya Pradesh),Allahabad_Central_H_1 (Uttar Pradesh)
IND736135AAA>IND736165AAA,5,2.5499306825622616,2.5526315789473686,57.0,Dinhata_WrdN4DPP_D (West Bengal),Pundibari_StatonRD_D (West Bengal)
IND733128AAA>IND733134AAA,5,1.8372294372294369,1.8095238095238095,17.8,Itahar_NatunDPP_D (West Bengal),Raiganj_SubrtDPP_D (West Bengal)
IND131028AAB>IND247667AAA,5,1.8971994563144037,1.9640287769784173,125.0,Sonipat_Kundli_H (Haryana),Roorkee_Dc (Uttarakhand)
IND721306AAA>IND721102AAA,5,2.7444444444444445,2.0,31.4,Kharagpur_DC (West Bengal),Midnapore_Talkui_D (West Bengal)
IND271001AAA>IND271201AAA,5,18.21493336654627,3.5,539.4,Gonda_KotwaliN_D (Uttar Pradesh),Balrampur_PBRDDPP_D (Uttar Pradesh)
IND518222AAA>IND518002AAA,5,1.4810373761593274,1.5135135135135136,19.2,Dhone_RmNyrDPP_D (Andhra Pradesh),Kurnool_AbbasNgr_I (Andhra Pradesh)
IND151001AAA>IND151103AAA,5,1.3650793650793651,1.4285714285714286,10.0,Bhatinda_DPC (Punjab),RampuraPhul_DC (Punjab)
IND151505AAA>IND151506AAA,5,1.6470773160428334,1.7692307692307692,16.8,Mansa_GreenVly_D (Punjab),Jhunir_BhaRDDPP_D (Punjab)
IND533106AAA>IND534260AAC,5,3.213374307925316,3.433333333333333,132.0,Rajamundry_AtoNgrRd_I (Andhra Pradesh),Palakollu_CroadDPP_D (Andhra Pradesh)
IND641006AAD>IND641062AAD,5,4.836887508626639,4.521739130434782,103.8,Coimbatore_ElngoNgr_C (Tamil Nadu),Coimbatore_Karayam_H (Tamil Nadu)
IND000000ACB>IND110092AAC,5,1.6148833765272124,1.6575342465753424,45.2,Gurgaon_Bilaspur_HB (Haryana),Delhi_Patparganj_DPC (Delhi)
IND854105AAB>IND853204AAA,5,3.1387755102040815,3.020408163265306,105.2,Katihar_Central_D_2 (Bihar),Naugchia_Vijayght_D (Bihar)
IND173212AAA>IND173220AAA,5,3.2189458689458688,3.3076923076923075,60.8,Solan_MohanPrk_D (Himachal Pradesh),Parwanoo_Central_D_1 (Himachal Pradesh)
IND530012AAA>IND531001AAA,5,1.9610389610389611,2.0,20.4,Visakhapatnam_Gajuwaka_IP (Andhra Pradesh),Anakapalle_Kothuru_D (Andhra Pradesh)
IND000000ACB>IND328001AAA,5,1.8239757985950882,1.8181818181818181,163.0,Gurgaon_Bilaspur_HB (Haryana),Dholpur_GtRoad_D (Rajasthan)
IND854105AAB>IND851204AAA,4,2.416937290033595,2.3917693169092944,134.25,Katihar_Central_D_2 (Bihar),Khagaria_GodamDPP_D (Bihar)
IND243201AAA>IND262001AAA,4,2.019426406926407,2.0204545454545455,44.5,Baheri_HoliCDPP_D (Uttar Pradesh),Pilibhit_ViksClny_D (Uttar Pradesh)
IND673632AAA>IND676306AAA,4,1.1254841649578493,1.100250626566416,2.5,Kozhikode_Central_H_4 (Kerala),Tirurangadi_Kooriyad_D (Kerala)
IND673632AAA>IND673305AAA,4,1.1034999357367778,1.1408730158730158,4.0,Kozhikode_Central_H_4 (Kerala),Koyilandy_Pshrikvu_D (Kerala)
IND416012AAA>IND415409AAB,4,1.9900568181818181,1.8285984848484849,32.5,Kolhapur_Shivaji_I (Maharashtra),Islampur_Shantanu_D (Maharashtra)
IND124001AAB>IND126102AAA,4,2.773123678646934,2.520348837209302,76.75,Rohtak (Haryana),Jind_DC (Haryana)
IND530026AAA>IND531036AAA,4,2.9994959677419355,2.869959677419355,62.5,Vizag_Gajuwaka (Andhra Pradesh),Chodavaram_BaljiDPP_D (Andhra Pradesh)
IND533106AAA>IND533242AAA,4,3.146434705645232,3.056027306027306,164.75,Rajamundry_AtoNgrRd_I (Andhra Pradesh),Razole_Shanthi_D (Andhra Pradesh)
IND531116AAA>IND530012AAA,4,2.544491525423729,2.4444915254237287,92.0,Narsiptnm_Wardno8_D (Andhra Pradesh),Visakhapatnam_Gajuwaka_IP (Andhra Pradesh)
IND531036AAA>IND530012AAA,4,2.3830014224751066,2.360597439544808,51.5,Chodavaram_BaljiDPP_D (Andhra Pradesh),Visakhapatnam_Gajuwaka_IP (Andhra Pradesh)
IND680587AAA>IND683511AAA,4,2.6948180379746836,2.7,135.25,Pazhayannur_AlathurRD_D (Kerala),Aluva_Peedika_H (Kerala)
IND410501AAF>IND411033AAA,4,5.295238095238095,5.390476190476191,63.5,Talegaon_Central_DPP_4 (Maharashtra),Pune_Tathawde_H (Maharashtra)
IND689101AAA>IND690548AAA,4,1.4219230769230768,1.44,10.5,Tiruvalla_TKRoad_D (Kerala),Haripad_Kumrpurm_D (Kerala)
IND641607AAA>IND641664AAA,4,1.9342105263157894,1.9,18.5,Tirupur_Koliplm_I (Tamil Nadu),Tirpur_Palladam_DC (Tamil Nadu)
IND124112AAA>IND125033AAA,4,1.7409824849480022,1.7214285714285715,21.25,Meham_GModDPP_D (Haryana),Hansi_DelRdDPP_D (Haryana)
IND413531AAA>IND413517AAA,4,2.501235177865613,2.578557312252965,68.25,Latur_Srnwsngr_D (Maharashtra),Udgir_NlgaonRd_D (Maharashtra)
IND110085AAB>IND110039AAA,4,1.759672619047619,1.7380952380952381,12.75,Delhi_Rohini_DPC (Delhi),Delhi_Barwala (Delhi)
IND403601AAA>IND403726AAB,4,5.838095238095238,1.7833333333333332,67.0,Goa_Margao_Dc (Goa),Goa_ZuariNgr_IP (Goa)
IND421302AAG>IND834002AAB,4,2.328369953637386,2.333494293239684,1514.0,Bhiwandi_Mankoli_HB (Maharashtra),Ranchi_Hub (Jharkhand)
IND415301AAB>IND413307AAB,4,1.7146287205110735,1.7663003663003662,26.0,Atapadi_Vidyangr_D (Maharashtra),Sangola_Central_DPP_2 (Maharashtra)
IND636005AAA>IND636016AAA,4,1.8572916666666666,1.85,8.0,Salem_Kadtmpty_H (Tamil Nadu),Salem (Tamil Nadu)
IND241124AAB>IND242001AAA,4,2.1947916666666667,2.1856617647058822,19.25,Shahabad_KDRoad_D (Uttar Pradesh),Shahjhnpur_NavdaCln_D (Uttar Pradesh)
IND700053AAA>IND743513AAA,4,3.1206896551724137,3.0,57.5,CCU_New Alipore_DPC (West Bengal),Fatepur_NH117_D (West Bengal)
IND700026AAC>IND712311AAA,4,5.2416423776717895,5.344771241830065,151.75,CCU_Lake Avenue_DPC (West Bengal),Kolkata_Dankuni_HB (West Bengal)
IND110037AAM>IND282001AAA,4,2.420722808901617,2.0405405405405403,212.75,Delhi_Airport_H (Delhi),Agra_Idgah_P (Uttar Pradesh)
IND275303AAA>IND276140AAA,4,2.3262867647058822,2.1525735294117645,21.5,Dohrighat_AzmrdDPP_D (Uttar Pradesh),Jiyanpur_Central_DPP_1 (Uttar Pradesh)
IND521105AAA>IND521333AAA,4,2.412247474747475,2.4154040404040407,62.5,HanumanJNC_VijywdRD_D (Andhra Pradesh),Kaikaluru_Atapaka_D (Andhra Pradesh)
IND636705AAB>IND635001AAA,4,1.421530612244898,1.433061224489796,21.0,Dharmapuri_Central_D_2 (Tamil Nadu),Krishnagiri_BnglorRd_D (Tamil Nadu)
IND700144AAA>IND743395AAA,4,3.036309523809524,3.0476190476190474,41.25,Baruipur_Bnsibtla_D (West Bengal),Jaynagar_MjlprDPP_D (West Bengal)
IND403726AAB>IND403002AAA,4,1.417572463768116,1.2916666666666667,9.75,Goa_ZuariNgr_IP (Goa),Central Goa (Goa)
IND403726AAA>IND416510AAA,4,2.6629416005767843,2.5526315789473686,125.5,Goa_Hub (Goa),Sawantwadi_LaxmiNgr_D (Maharashtra)
IND425406AAA>IND425405AAA,4,1.956024531024531,1.9484126984126984,19.25,Shindkheda_KakaCplx_D (Maharashtra),Shirpur_KrantiNgr_D (Maharashtra)
IND635001AAA>IND636705AAB,4,1.3605769230769231,1.3942307692307692,18.75,Krishnagiri_BnglorRd_D (Tamil Nadu),Dharmapuri_Central_D_2 (Tamil Nadu)
IND635001AAA>IND562132AAA,4,1.774345822182575,1.7584745762711864,90.75,Krishnagiri_BnglorRd_D (Tamil Nadu),Bangalore_Nelmngla_H (Karnataka)
IND713103AAA>IND713205AAB,4,2.008552357113058,2.007300792657489,50.5,Bardhaman_Bankura_D (West Bengal),Durgapur_Central_I_1 (West Bengal)
IND560027AAA>IND560099AAA,4,2.233888888888889,2.2055555555555557,23.75,Blr_Domlur (Karnataka),Bengaluru_Bomsndra_PC (Karnataka)
IND275503AAA>IND275303AAA,4,4.230769230769231,4.26923076923077,42.0,Ghosi_Jamalpur_D (Uttar Pradesh),Dohrighat_AzmrdDPP_D (Uttar Pradesh)
IND534260AAC>IND533106AAA,4,2.6126560282207563,2.5815312682641727,93.25,Palakollu_CroadDPP_D (Andhra Pradesh),Rajamundry_AtoNgrRd_I (Andhra Pradesh)
IND713205AAB>IND722202AAA,4,4.072880116959064,3.1527777777777777,57.0,Durgapur_Central_I_1 (West Bengal),Barjora_Central_DPP_1 (West Bengal)
IND431603AAA>IND413531AAA,4,2.734210526315789,2.8210526315789473,164.75,Nanded_Aswningr_I (Maharashtra),Latur_Srnwsngr_D (Maharashtra)
IND125001AAA>IND335523AAB,4,3.1225074775672983,3.147557328015952,251.0,Hisar_ModelTwn_P (Haryana),Nohar_Central_DPP_2 (Rajasthan)
IND400064AAB>IND400072AAB,4,3.0483682983682985,3.083916083916084,25.0,Mumbai_MaladWest_CP (Maharashtra),Mumbai Hub (Maharashtra)
IND395023AAD>IND395009AAA,4,2.6520833333333336,2.877083333333333,25.75,Surat_Central_I_4 (Gujarat),Surat_Central_D_12 (Gujarat)
IND246001AAA>IND249201AAA,4,1.3363087299470335,1.279503105590062,54.25,Pauri_Khndyusn_D (Uttarakhand),Rishikesh_DC (Uttarakhand)
IND722202AAA>IND722101AAC,4,1.5240740740740741,1.5091954022988505,15.0,Barjora_Central_DPP_1 (West Bengal),Bankura_BhowmDPP_D (West Bengal)
IND203135AAA>IND203390AAA,4,1.6151841932499775,1.5401509951956074,57.0,Jewar_SJRoad_D (Uttar Pradesh),Anupshahar_DcntCLY_D (Uttar Pradesh)
IND721602AAB>IND721139AAC,4,2.142741935483871,1.8271505376344086,69.0,Haldia_Central_D_2 (West Bengal),Panskura_Central_D_3 (West Bengal)
IND602024AAA>IND600116AAB,4,3.0206766917293235,2.6842105263157894,33.75,Chennai_Vepmpttu_DC (Tamil Nadu),Chennai_Porur_DPC (Tamil Nadu)
IND125051AAA>IND125111AAA,4,1.0351897204806688,1.0489583333333332,1.0,Ratia_SchdvDPP_D (Haryana),Fatehabad_BhunaDPP_D (Haryana)
IND465001AAA>IND462022AAA,4,1.6900704272141387,1.6458374858813367,119.75,Shajapur_MhpraRD_D (Madhya Pradesh),Bhopal_Trnsport_H (Madhya Pradesh)
IND824101AAA>IND821307AAA,4,1.8680049927189515,1.8903162055335967,18.75,AurngbadBR_Mahindra_D (Bihar),DehriSone_Dilliyan_D (Bihar)
IND282002AAD>IND204101AAA,4,2.212319844789357,2.0125,50.5,,Hathras (Uttar Pradesh)
IND605010AAB>IND604303AAA,4,1.4965423135065992,1.400462962962963,26.25,Pondicherry_Vasanthm_I (Pondicherry),Marakkanam_MJRDPP_D (Tamil Nadu)
IND604303AAA>IND603102AAA,4,1.9557607962213226,1.9483805668016194,37.25,Marakkanam_MJRDPP_D (Tamil Nadu),Kalpakkam_Sadras_D (Tamil Nadu)
IND395004AAB>IND395023AAD,4,7.105882352941176,6.764705882352941,99.0,Surat_Central_D_3 (Gujarat),Surat_Central_I_4 (Gujarat)
IND391110AAD>IND390020AAA,4,3.299107142857143,3.142857142857143,77.75,Dabhoi_Central_DPP_3 (Gujarat),Vadodara (Gujarat)
IND733129AAA>IND732103AAB,4,4.075581395348837,4.174418604651163,132.25,Kaliyaganj_FatprDPP_D (West Bengal),Malda_Central_I_3 (West Bengal)
IND385340AAB>IND384205AAA,4,1.4441844919786095,1.481045751633987,39.25,Radhanpur_Santalpr_D (Gujarat),Mehsana_Panchot_IP (Gujarat)
IND591307AAC>IND580028AAA,4,2.679045037531276,2.624854045037531,184.0,Gokak_Bsavangr_D (Karnataka),Hubli_Adargchi_IP (Karnataka)
IND591304AAA>IND586101AAB,4,1.4637529137529137,1.446969696969697,30.5,Athani_VikrmMah_D (Karnataka),Bijapur_Central_D_2 (Karnataka)
IND484001AAA>IND484446AAA,4,2.0675158175158175,2.0777555777555774,82.75,Shahdol_Sohagpur_D (Madhya Pradesh),Dola_ChainDPP_D (Madhya Pradesh)
IND742102AAB>IND712311AAA,4,2.8938653523489934,2.59375,294.75,Berhampore_Central_I_2 (West Bengal),Kolkata_Dankuni_HB (West Bengal)
IND249201AAA>IND246174AAA,4,1.7023725899324433,1.6880330689809966,114.5,Rishikesh_DC (Uttarakhand),SrinagarUK_Srikot_D (Uttarakhand)
IND486889AAA>IND231205AAA,4,2.0544500185804533,2.1076923076923078,73.0,Singrauli_Ward8DPP_D (Madhya Pradesh),Chopan_PreetDPP_D (Uttar Pradesh)
IND586128AAA>IND585104AAA,4,3.0936716187536177,3.0410958904109586,151.5,Sindagi_KalyanNg_D (Karnataka),Gulbarga_Nehrugnj_I (Karnataka)
IND586101AAA>IND416404AAA,4,2.6653820816864293,2.2519762845849804,74.25,Bijapur_KirtiNgr_D (Karnataka),Jath_Shivprsad_D (Maharashtra)
IND585307AAB>IND585222AAA,4,1.408033033033033,1.4106606606606606,15.0,Chincholi_Mainroad_D (Karnataka),Sedam_DBRCmplx_D (Karnataka)
IND131028AAB>IND124001AAB,4,1.7328574203574203,1.7788461538461537,39.75,Sonipat_Kundli_H (Haryana),Rohtak (Haryana)
IND591237AAB>IND591201AAA,4,1.5217099567099568,1.5681818181818183,12.0,Nipani_AkkolRD_D (Karnataka),Chikodi_IndraNgr_D (Karnataka)
IND591115AAB>IND590016AAA,4,1.836021505376344,1.8333333333333335,25.5,Kittur_ColageRD_D (Karnataka),Belgaum_Dc (Karnataka)
IND303702AAB>IND332001AAB,4,1.6107270865335381,1.6085509472606248,38.0,Chomu_ShsmlDPP_D (Rajasthan),Sikar_FatehpRd_I (Rajasthan)
IND815301AAA>IND814133AAB,4,2.227342578710645,2.3025112443778113,141.5,Giridih_Shivalya_D (Jharkhand),Godda_Central_D_2 (Jharkhand)
IND826004AAA>IND821115AAB,4,1.5601177965304138,1.5374015748031495,141.75,Dhanbad_Kalynpur_I (Jharkhand),Sasaram_Central_I_2 (Bihar)
IND826004AAA>IND815353AAA,4,1.7584636180053417,1.7992801771871538,64.5,Dhanbad_Kalynpur_I (Jharkhand),Madhupur_Sitarmrd_D (Jharkhand)
IND826004AAA>IND814112AAA,4,1.8029402334231115,1.674721046556368,93.75,Dhanbad_Kalynpur_I (Jharkhand),Deoghar_Barmasia_D (Jharkhand)
IND518206AAA>IND518222AAA,4,1.3501673713883016,1.2666666666666666,15.5,Betamcherla_CmtNgRod_D (Andhra Pradesh),Dhone_RmNyrDPP_D (Andhra Pradesh)
IND560099AAB>IND635001AAA,4,2.048903007450747,2.1180266031367876,72.5,Bengaluru_Bomsndra_HB (Karnataka),Krishnagiri_BnglorRd_D (Tamil Nadu)
IND487001AAA>IND487551AAA,4,1.3640605167480584,1.3765032377428308,16.75,Narsingpur_JrjolDPP_D (Madhya Pradesh),Gadarwara_MPward_D (Madhya Pradesh)
IND741201AAC>IND712311AAA,4,15.179824561403509,15.271929824561404,808.25,Ranaghat_ArickDPP_D (West Bengal),Kolkata_Dankuni_HB (West Bengal)
IND743395AAA>IND700053AAA,4,3.8363636363636364,3.4545454545454546,156.0,Jaynagar_MjlprDPP_D (West Bengal),CCU_New Alipore_DPC (West Bengal)
IND751015AAA>IND751002AAB,4,2.178571428571429,2.0,8.25,Bhubaneshwar_Nayapalli (Orissa),Bhubaneshwar_Hub (Orissa)
IND585222AAA>IND585211AAA,4,1.476096866096866,1.4123076923076923,12.5,Sedam_DBRCmplx_D (Karnataka),Chittapur_GlbrgaRD_D (Karnataka)
IND585104AAA>IND585314AAA,4,2.241565452091768,1.8421052631578947,48.0,Gulbarga_Nehrugnj_I (Karnataka),Aland_RazaviRd_D (Karnataka)
IND585104AAA>IND585307AAB,4,1.5151515151515151,1.5151515151515151,34.0,Gulbarga_Nehrugnj_I (Karnataka),Chincholi_Mainroad_D (Karnataka)
IND757041AAA>IND756019AAA,4,3.3216660802251936,1.5959183673469388,112.75,Udala_NagplDPP_D (Orissa),Balasore_Ganeshwr_D (Orissa)
IND110020AAB>IND110037AAM,4,7.737206851119894,3.937747035573123,164.25,OK_RPC (Delhi),Delhi_Airport_H (Delhi)
IND500032AAA>IND502295AAA,4,2.097924901185771,1.9795454545454545,23.75,Hyd_Chandanagar_Dc (Telangana),Sangareddy_Pothredy_D (Telangana)
IND500018AAA>IND500080AAB,4,3.7770833333333336,3.041666666666667,45.0,Hyderabad_PndrgNgr_DC (Telangana),Hyderabad_Chikdply_I (Telangana)
IND756100AAC>IND758001AAA,4,3.196990778576877,2.4504270186335404,251.0,Bhadrak_Central_I_2 (Orissa),Kendujhar_Sirjudin_D (Orissa)
IND345001AAA>IND345021AAA,4,1.3277380514222619,1.3376623376623376,25.25,Jaisalmer_Gopa3PL_D (Rajasthan),Pokhran_SttinDPP_D (Rajasthan)
IND581320AAA>IND581334AAA,4,1.752923976608187,1.5584795321637426,28.25,Bhatkal_KmkshBul_D (Karnataka),Honnavar_Prbhtngr_D (Karnataka)
IND488001AAA>IND471001AAA,4,2.1857414045636756,2.1686613475177303,55.75,Panna_Mohnprwa_D (Madhya Pradesh),Chhatarpur_Busstand_D (Madhya Pradesh)
IND487001AAB>IND487551AAA,4,1.6114488348530902,1.627659574468085,27.75,Narsinghpur_KndliDPP_D (Madhya Pradesh),Gadarwara_MPward_D (Madhya Pradesh)
IND342005AAD>IND344022AAB,4,1.7431140350877192,1.7733333333333334,56.0,Jodhpur_Basni_I (Rajasthan),Balotra_BsnoiHPL_D (Rajasthan)
IND262122AAB>IND244901AAB,4,3.003346161529076,2.730702681918677,207.25,Puranpur_MdothdRD_D (Uttar Pradesh),Rampur_RoshnBgh_I (Uttar Pradesh)
IND576201AAA>IND581320AAA,4,2.185119329856172,2.0412912912912913,43.5,Kundapura_DC (Karnataka),Bhatkal_KmkshBul_D (Karnataka)
IND581110AAE>IND577002AAA,4,3.5086205498337524,2.763157894736842,140.0,Haveri_GuttalRD_D (Karnataka),Davangere_Central_I_1 (Karnataka)
IND580028AAA>IND591115AAB,4,1.7770407564012216,1.7906976744186047,34.0,Hubli_Adargchi_IP (Karnataka),Kittur_ColageRD_D (Karnataka)
IND580028AAA>IND562132AAA,4,1.7548767022451233,1.7810820758189179,215.5,Hubli_Adargchi_IP (Karnataka),Bangalore_Nelmngla_H (Karnataka)
IND202001AAC>IND204215AAA,4,2.8063336120401337,2.8001672240802673,43.75,Aligarh_Central_D_2 (Uttar Pradesh),SikandraRao_JydevNGR_D (Uttar Pradesh)
IND201007AAA>IND201001AAA,4,1.4622668997668997,1.4455128205128205,5.5,GZB_Mohan_Nagar_DPC (Uttar Pradesh),Ghaziabad_Patel Nagar (Uttar Pradesh)
IND181152AAB>IND184121AAA,4,1.6839717741935485,1.640625,21.75,Jammu_Central_I_1 (Jammu & Kashmir),Samba_Wardno13_D (Jammu & Kashmir)
IND508206AAA>IND508207AAB,4,2.132936507936508,2.0857142857142854,40.0,Kodad_VidyaNgr_D (Telangana),Miryalguda_Ragvendr_D (Telangana)
IND175101AAA>IND160002AAC,4,2.279424714558565,2.2825844205408004,339.25,Kullu_AkhraBzr_D (Himachal Pradesh),Chandigarh_Mehmdpur_H (Punjab)
IND560300AAA>IND560048AAB,4,1.1674757661038149,1.1602564102564101,6.75,Bengaluru_KGAirprt_HB (Karnataka),Bengaluru_Hoodi_IP (Karnataka)
IND781014AAA>IND781102AAA,4,2.3955269607843137,2.3153594771241828,24.25,Guwahati_Jalukbari (Assam),Hajo_Sardala_D (Assam)
IND344001AAA>IND342301AAA,4,1.7275264166580337,1.719387755102041,142.75,Barmer_Nehru3PL_D (Rajasthan),Phalodi_PalikDPP_D (Rajasthan)
IND781335AAA>IND000000AET,4,1.837549019607843,1.8025490196078433,42.5,Nalbari_Bhgtpura_D (Assam),Barpeta_ShivBari_D (Assam)
IND575004AAB>IND562132AAA,4,2.231,2.238,307.75,Mangalore_Kuntikna_H (Karnataka),Bangalore_Nelmngla_H (Karnataka)
IND781018AAB>IND784125AAA,4,1.7307692307692308,1.7153846153846155,47.5,Guwahati_Hub (Assam),Mangaldoi_LNBRoad_D (Assam)
IND781018AAB>IND784001AAA,4,2.127706879244304,2.162991346053592,156.0,Guwahati_Hub (Assam),Tezpur_Mhbhirab_D (Assam)
IND784176AAA>IND781018AAB,4,2.399462860650706,2.337814610190301,252.25,Bishwanath_ChrliDPP_D (Assam),Guwahati_Hub (Assam)
IND334001AAC>IND334803AAA,4,1.7030303030303031,1.7111111111111112,32.5,Bikaner_ITICollg_L (Rajasthan),Nokha_DeVDPP_D (Rajasthan)
IND341306AAA>IND302014AAA,4,2.313498660796841,2.3205882352941174,224.5,Sujangarh_LdnunDPP_D (Rajasthan),Jaipur_Hub (Rajasthan)
IND505302AAB>IND505326AAB,4,1.2249601275917066,1.2116161616161616,12.5,Vemulawada_Central_DPP_2 (Telangana),
IND327001AAB>IND312605AAB,4,1.4002880184331798,1.4112903225806452,24.75,Banswara_KhandDPP_D (Rajasthan),Pratapgarh_Nimachrd_D (Rajasthan)
IND509124AAA>IND509103AAC,4,1.9230769230769231,1.6153846153846154,36.0,JoguGadwal_ColctrOf_D (Telangana),
IND184104AAA>IND160002AAC,4,1.8646323184075624,1.8668192219679633,198.0,Kathua_BOB_D (Jammu & Kashmir),Chandigarh_Mehmdpur_H (Punjab)
IND505001AAB>IND505302AAB,4,1.6942959001782532,1.7121212121212122,23.25,Karimnagar_KamnHbRD_I (Telangana),Vemulawada_Central_DPP_2 (Telangana)
IND331304AAA>IND332001AAB,4,4.284874815551421,4.104020979020979,350.0,Taranagar_RajRdDPP_D (Rajasthan),Sikar_FatehpRd_I (Rajasthan)
IND791125AAB>IND791102AAA,4,2.014960232668566,1.9503858024691358,81.0,Likabali_ZoomCDPP_D (Arunachal Pradesh),Pasighat_MissonRd_D (Arunachal Pradesh)
IND796009AAA>IND796321AAB,4,5.113997802452001,4.950381679389313,539.75,Aizawl_HunthrVg_I (Mizoram),Champhai_AwmpiVng_D (Mizoram)
IND321408AAB>IND321606AAA,4,1.9623161764705883,2.015625,31.0,Weir_BsstdDPP_D (Rajasthan),Kherli_GodamDPP_D (Rajasthan)
IND144527AAA>IND141115AAA,4,1.8599598930481283,1.8676470588235294,29.5,Garhshnker_Jagrata_D (Punjab),Machhiwara_MnBzrDPP_D (Punjab)
IND530012AAC>IND533106AAA,4,1.8459188805741644,1.8071649712516584,112.5,Vizag_Gajuwaka_L (Andhra Pradesh),Rajamundry_AtoNgrRd_I (Andhra Pradesh)
IND274402AAA>IND274304AAB,4,3.1858974358974357,2.833333333333333,27.5,Kushinagar_JiswlDPP_D (Uttar Pradesh),Padrauna_BawliDPPP_D (Uttar Pradesh)
IND521105AAA>IND534001AAA,4,1.929738562091503,1.941176470588235,16.0,HanumanJNC_VijywdRD_D (Andhra Pradesh),Eluru_Agraharm_DC (Andhra Pradesh)
IND842003AAB>IND482002AAA,4,28.53125,23.1875,220.25,Jabalpur_Adhartal_IP (Madhya Pradesh),Jabalpur (Madhya Pradesh)
IND842001AAA>IND845401AAA,4,2.292213114754098,2.1577868852459017,78.25,Muzaffrpur_Bbganj_I (Bihar),Motihari_RajaBzr_D (Bihar)
IND000000ACB>IND201001AAC,4,1.8818681318681318,1.8736263736263736,80.25,Gurgaon_Bilaspur_HB (Haryana),Ghaziabad_Central_L_8 (Uttar Pradesh)
IND000000ACB>IND125005AAA,4,1.9872140522875816,1.9522058823529411,133.75,Gurgaon_Bilaspur_HB (Haryana),Hisar_IndstlAr_I (Haryana)
IND851127AAA>IND851112AAB,4,2.293091168091168,2.269230769230769,34.0,Manjhaul_Purbari_D (Bihar),Barauni_Wardno10_D (Bihar)
IND281401AAA>IND121004AAB,3,2.3536130536130533,2.2615384615384615,88.33333333333333,Chhata_GvrdnDPP_D (Uttar Pradesh),FBD_Balabhgarh_DPC (Haryana)
IND854311AAA>IND852118A1B,3,3.186965811965812,3.4166666666666665,54.333333333333336,Araria_Wardn13_D (Bihar),
IND507002AAA>IND507159AAA,3,2.0891884531590414,1.9411764705882353,18.333333333333332,Khammam_NSTRoad_I (Telangana),Kusumnchi_SKRoad_D (Telangana)
IND676509AAA>IND679322AAA,3,1.9150793650793652,2.0952380952380953,18.666666666666668,Malappuram_Munduprm_D (Kerala),Printhlmna_EmsPnmbi_D (Kerala)
IND679329AAA>IND673639AAA,3,1.6119047619047617,1.619047619047619,12.666666666666666,Nilambur_StteHW28_D (Kerala),Areacode_Puthalam_D (Kerala)
IND000000ACA>IND147301AAA,3,2.177510844177511,1.7037037037037037,39.0,Ludhiana_MilrGanj_HB (Punjab),Mandi_Gobindgarh_DC (Punjab)
IND413709AAA>IND423701AAB,3,2.312108262108262,2.230769230769231,50.0,Shrirampur_DavkharRd_D (Maharashtra),Vaijiapur_YeolaRD_D (Maharashtra)
IND695012AAB>IND695012AAA,3,3.636796536796537,3.3,39.333333333333336,Trivandrum_Mnanthla_D (Kerala),Trivandrum_Mnanthla_H (Kerala)
IND695609AAA>IND695012AAA,3,1.9224664224664227,2.076923076923077,35.666666666666664,Pangodu_Central_D_1 (Kerala),Trivandrum_Mnanthla_H (Kerala)
IND695614AAA>IND695609AAA,3,1.5929824561403507,1.3157894736842106,11.666666666666666,Kilimanoor_Krvnkuzy_D (Kerala),Pangodu_Central_D_1 (Kerala)
IND641062AAD>IND641001AAA,3,3.6316208681800077,3.888888888888889,73.33333333333333,Coimbatore_Karayam_H (Tamil Nadu),Coimbatore_Ukkadam_D (Tamil Nadu)
IND641001AAA>IND641062AAD,3,4.191269841269841,4.333333333333333,110.66666666666667,Coimbatore_Ukkadam_D (Tamil Nadu),Coimbatore_Karayam_H (Tamil Nadu)
IND641008AAA>IND641001AAA,3,2.2670825906120022,2.0588235294117645,16.666666666666668,Cjb_Kovaipudur_Dc (Tamil Nadu),Coimbatore_Ukkadam_D (Tamil Nadu)
IND562132AAA>IND572101AAA,3,1.193609022556391,1.1929824561403508,11.0,Bangalore_Nelmngla_H (Karnataka),Tumkur_Veersagr_I (Karnataka)
IND562132AAA>IND580028AAA,3,1.8503526317077619,1.7256944444444444,245.0,Bangalore_Nelmngla_H (Karnataka),Hubli_Adargchi_IP (Karnataka)
IND411033AAA>IND410503AAA,3,2.911495271867612,2.6808510638297873,90.33333333333333,Pune_Tathawde_H (Maharashtra),Ambegaon_Manchar_D (Maharashtra)
IND411033AAA>IND414001AAA,3,1.8253688355963087,1.7757009345794392,88.0,Pune_Tathawde_H (Maharashtra),AhmedNagar_DC (Maharashtra)
IND231205AAA>IND231216AAA,3,2.9476190476190474,3.3,43.333333333333336,Chopan_PreetDPP_D (Uttar Pradesh),Robertsganj_ArtoDPP_D (Uttar Pradesh)
IND123401AAB>IND000000ACB,3,2.1236559139784945,2.0,69.66666666666667,Rewari_YuktiDPP_D (Haryana),Gurgaon_Bilaspur_HB (Haryana)
IND521165AAA>IND521225AAB,3,6.811794871794871,8.615384615384615,161.66666666666666,Vuyyuru_BhogdDPP_D (Andhra Pradesh),Vijayawada_Rynapadu_H (Andhra Pradesh)
IND160002AAC>IND147001AAB,3,2.0868658574540926,2.0555555555555554,38.0,Chandigarh_Mehmdpur_H (Punjab),Patiala (Punjab)
IND160002AAC>IND147105AAA,3,2.248326510091216,2.0595238095238093,107.66666666666667,Chandigarh_Mehmdpur_H (Punjab),Patran_MheshNGR_D (Punjab)
IND785634AAA>IND785001AAA,3,31.108333333333334,31.2,471.6666666666667,Mariani_Mainroad_D (Assam),Jorhat_RicMilRd_D (Assam)
IND505001AAB>IND505184AAC,3,2.516641065028162,2.5714285714285716,95.33333333333333,Karimnagar_KamnHbRD_I (Telangana),Manthani_Chaitnya_D (Telangana)
IND562132AAA>IND712311AAA,3,2.2210191345942056,2.221897810218978,1672.6666666666667,Bangalore_Nelmngla_H (Karnataka),Kolkata_Dankuni_HB (West Bengal)
IND144001AAB>IND144601AAA,3,4.236519607843138,3.6875,53.333333333333336,Jalandhar_DPC (Punjab),Kapurthala_DC (Punjab)
IND184104AAA>IND184121AAA,3,1.4144993894993894,1.575,17.0,Kathua_BOB_D (Jammu & Kashmir),Samba_Wardno13_D (Jammu & Kashmir)
IND792120AAB>IND786181AAC,3,3.0111561866125762,3.088235294117647,65.33333333333333,Changlang_Central_D_1 (Arunachal Pradesh),Margherita_CivilHPL_D (Assam)
IND334803AAA>IND341001AAC,3,1.9392506142506143,1.975,35.0,Nokha_DeVDPP_D (Rajasthan),Nagaur_KisanCo_D (Rajasthan)
IND331023AAA>IND331304AAA,3,1.2217741935483872,1.1612903225806452,7.0,Rajgarh_SadulDPP_D (Rajasthan),Taranagar_RajRdDPP_D (Rajasthan)
IND331507AAA>IND302014AAA,3,2.3938274600853062,2.4011976047904193,231.33333333333334,Sujangarh_JngidDPP_D (Rajasthan),Jaipur_Hub (Rajasthan)
IND689650AAA>IND690548AAA,3,1.6324446965399886,1.6046511627906976,26.333333333333332,Kozhenchery_Cherukole_D (Kerala),Haripad_Kumrpurm_D (Kerala)
IND122001AAA>IND122001AAD,3,3.3123931623931626,3.2,27.0,GGN_DPC (Haryana),Gurgaon_Kadipur (Haryana)
IND160102AAD>IND160002AAD,3,2.224400871459695,2.1176470588235294,42.0,Chandigarh_Raiprkln_C (Chandigarh),Chandigarh_Mehmdpur_P (Punjab)
IND518002AAA>IND509124AAA,3,3.077659574468085,1.6,99.0,Kurnool_AbbasNgr_I (Andhra Pradesh),JoguGadwal_ColctrOf_D (Telangana)
IND423601AAA>IND413709AAA,3,2.0682788051209102,1.7837837837837838,40.333333333333336,Kopargaon_NkshtrPz_D (Maharashtra),Shrirampur_DavkharRd_D (Maharashtra)
IND712124AAA>IND712310AAE,3,5.773402036559932,4.818181818181818,88.66666666666667,Hooghly_DC (West Bengal),Kolkata_North_I_4 (West Bengal)
IND233001AAA>IND275101AAA,3,3.410727969348659,3.4482758620689653,70.66666666666667,Ghazipur_Kaithwal_D (Uttar Pradesh),Mau_BaliaMod_D (Uttar Pradesh)
IND311302AAA>IND305624AAA,3,6.9658348187759955,7.090909090909091,199.0,Badnaur_BhmrdDPP_D (Rajasthan),Bijainagar_Central_DPP_1 (Rajasthan)
IND332001AAB>IND334001AAC,3,1.6051693404634582,1.588235294117647,93.0,Sikar_FatehpRd_I (Rajasthan),Bikaner_ITICollg_L (Rajasthan)
IND177203AAA>IND177101AAA,3,2.0205920205920207,1.5135135135135136,36.333333333333336,Amb_Adrshngr_D (Himachal Pradesh),DehraGopipur_Central_D_1 (Himachal Pradesh)
IND332001AAB>IND333001AAA,3,1.2488750123897314,1.271186440677966,14.666666666666666,Sikar_FatehpRd_I (Rajasthan),Jhunjhunu_DC (Rajasthan)
IND788121AAA>IND796081AAA,3,3.48,3.5,125.66666666666667,Kabuganj_Jantaclg_D (Assam),Kolasib_Diakkawn_D (Mizoram)
IND785621AAA>IND785001AAA,3,1.6464098347819276,1.5909090909090908,28.333333333333332,Golaghat_BaruaRd_D (Assam),Jorhat_RicMilRd_D (Assam)
IND403401AAA>IND403726AAB,3,12.722641068951782,13.37037037037037,342.3333333333333,Goa_Ponda_Dc (Goa),Goa_ZuariNgr_IP (Goa)
IND403507AAA>IND403726AAB,3,5.510048201705598,1.6129032258064515,135.33333333333334,Panaji Goa (Goa),Goa_ZuariNgr_IP (Goa)
IND110085AAB>IND110083AAA,3,3.711111111111111,4.0,39.666666666666664,Delhi_Rohini_DPC (Delhi),Delhi_Mangol_DC (Delhi)
IND638001AAA>IND638052AAA,3,2.133986928104575,2.1666666666666665,19.666666666666668,Erode (Tamil Nadu),Perundurai_Viveka_DC (Tamil Nadu)
IND638452AAA>IND638501AAB,3,1.2382478632478633,1.1666666666666667,6.0,Gobicheti_Ward25_D (Tamil Nadu),Anthiyour_TherSRT_D (Tamil Nadu)
IND221010AAB>IND233001AAA,3,10.7652557319224,11.214285714285714,538.0,Varanasi_MahmurGj_IP (Uttar Pradesh),Ghazipur_Kaithwal_D (Uttar Pradesh)
IND221303AAA>IND231001AAA,3,1.641735679779158,1.625,14.333333333333334,Gopiganj_Wardno13_D (Uttar Pradesh),Mirzapur_JangiRd_D (Uttar Pradesh)
IND842003AAB>IND483225AAA,3,2.7601010101010104,2.8636363636363638,41.0,Jabalpur_Adhartal_IP (Madhya Pradesh),Sihora_KtnRdDPP_D (Madhya Pradesh)
IND784125AAA>IND784110AAA,3,2.596605308790183,2.5833333333333335,79.0,Mangaldoi_LNBRoad_D (Assam),Dhekiajuli_Wardno5_D (Assam)
IND563125AAB>IND560300AAA,3,3.8479680696661824,3.849056603773585,150.0,Chintamani_Central_D_2 (Karnataka),Bengaluru_KGAirprt_HB (Karnataka)
IND563131AAB>IND560300AAA,3,1.7646275138363745,1.5625,59.666666666666664,Bangarapet_KolarRd_D (Karnataka),Bengaluru_KGAirprt_HB (Karnataka)
IND184104AAA>IND181152AAA,3,1.4364222371264626,1.4857142857142858,31.0,Kathua_BOB_D (Jammu & Kashmir),Jammu_TrnptNgr_L (Jammu & Kashmir)
IND321606AAA>IND321001AAA,3,1.7495748299319729,1.5918367346938775,36.333333333333336,Kherli_GodamDPP_D (Rajasthan),Bharatpur_DC (Rajasthan)
IND322001AAC>IND302014AAB,3,2.060176106636947,1.817391304347826,121.0,SawaiMadhopur_Central_DPP_1 (Rajasthan),Jaipur_Central_I_7 (Rajasthan)
IND000000AFF>IND734203AAA,3,4.5964912280701755,4.842105263157895,68.33333333333333,Darjeeling_Hillcard_DC (West Bengal),Kurseong_ABPath_D (West Bengal)
IND283122AAB>IND282005AAA,3,23.147366522366525,16.708333333333332,482.6666666666667,Kirauli_AchneraRD_D (Uttar Pradesh),Agra (Uttar Pradesh)
IND712612AAA>IND722154AAA,3,1.567017543859649,1.6842105263157894,11.333333333333334,Kamarpukur_ChatiDPP_D (West Bengal),MirzapurWB_VidyaDPP_D (West Bengal)
IND110039AAA>IND110085AAB,3,4.428968253968254,3.7333333333333334,50.333333333333336,Delhi_Barwala (Delhi),Delhi_Rohini_DPC (Delhi)
IND110044AAB>IND110037AAM,3,2.0089164941338855,2.0476190476190474,23.333333333333332,Del_Okhla_PC (Delhi),Delhi_Airport_H (Delhi)
IND244412AAA>IND244901AAB,3,2.0219409282700425,1.9875,81.66666666666667,Chandausi_Ganesh_D (Uttar Pradesh),Rampur_RoshnBgh_I (Uttar Pradesh)
IND712311AAA>IND713145AAB,3,2.219874804381847,2.1666666666666665,87.33333333333333,Kolkata_Dankuni_HB (West Bengal),Manteswar_MemariRD_D (West Bengal)
IND424006AAA>IND425405AAA,3,1.9014462113552104,1.9090909090909092,40.0,Dhule_MIDCAvdn_I (Maharashtra),Shirpur_KrantiNgr_D (Maharashtra)
IND632006AAA>IND635802AAB,3,1.2560097094980816,1.3488372093023255,11.333333333333334,Vellore_GndhiNgr_IP (Tamil Nadu),Ambur_Central_D_2 (Tamil Nadu)
IND125005AAA>IND125047AAB,3,2.1445378151260504,2.1714285714285713,39.666666666666664,Hisar_IndstlAr_I (Haryana),Hisar_AgrohDPP_D (Haryana)
IND125005AAA>IND335513AAA,3,1.7751528709917972,1.7733333333333334,116.0,Hisar_IndstlAr_I (Haryana),Hanumangarh_DC (Rajasthan)
IND781003AAA>IND781018AAB,3,2.9729729729729732,3.108108108108108,73.0,Guwahati_Chandmari (Assam),Guwahati_Hub (Assam)
IND505209AAA>IND505001AAB,3,2.74266282934183,1.9555555555555555,81.0,Ramagundam_Pdmavati_D (Telangana),Karimnagar_KamnHbRD_I (Telangana)
IND786001AAB>IND785675AAA,3,2.9134920634920634,3.2142857142857144,54.333333333333336,Dibrugarh_Bokule_H (Assam),Moranhat_TiloiDPP_D (Assam)
IND784001AAA>IND791111AAC,3,2.3893557422969187,2.3949579831932772,165.33333333333334,Tezpur_Mhbhirab_D (Assam),Itanagar_WageDPP_D (Arunachal Pradesh)
IND341030AAA>IND341303AAA,3,1.4792832266037523,1.4666666666666666,21.333333333333332,Tarnau_BsstdDPP_D (Rajasthan),Didwana_KatlaDPP_D (Rajasthan)
IND573201AAB>IND573103AAA,3,3.181196581196581,2.85,86.66666666666667,Hassan_Pandrnga_I (Karnataka),Arsikere_HsnRdDPP_D (Karnataka)
IND573201AAB>IND573134AAB,3,1.86122311827957,1.6774193548387097,27.333333333333332,Hassan_Pandrnga_I (Karnataka),Sakleshpur_RgvdrDPP_D (Karnataka)
IND504251AAA>IND504296AAA,3,1.216055907916373,1.186046511627907,9.333333333333334,Bellmpalli_BasthDPP_D (Telangana),Kaghaznagar_Central_DPP_1 (Telangana)
IND110085AAB>IND110087AAA,3,2.1538461538461537,2.0,15.0,Delhi_Rohini_DPC (Delhi),Delhi_Paschim_DC (Delhi)
IND208006AAA>IND209304AAA,3,8.355072463768115,7.916666666666667,173.66666666666666,Kanpur_GovndNgr_DC (Uttar Pradesh),Kanpur_Central_H_6 (Uttar Pradesh)
IND424006AAA>IND425412AAA,3,1.9877208171945016,2.012987012987013,75.0,Dhule_MIDCAvdn_I (Maharashtra),Nandurbar_DhuleRd_D (Maharashtra)
IND000000AFG>IND673632AAA,3,2.1634160756501184,2.3541666666666665,55.666666666666664,Tirur_PmthuKlm_D (Kerala),Kozhikode_Central_H_4 (Kerala)
IND841424AAA>IND841226AAB,3,2.275201628690001,2.3488372093023258,56.0,Chhapra_Prbhunth_D (Bihar),Siwan_HnmntNgr_D (Bihar)
IND842001AAA>IND843126AAA,3,5.314814814814815,3.0,77.66666666666667,Muzaffrpur_Bbganj_I (Bihar),Saraiya_Wardno4_D (Bihar)
IND826004AAA>IND828401AAB,3,0.975,0.95,-1.0,Dhanbad_Kalynpur_I (Jharkhand),Gomoh_KhsmiDPP_D (Jharkhand)
IND303901AAA>IND304001AAA,3,1.7472527472527473,1.9047619047619047,31.0,Chaksu_TonkRoad_D (Rajasthan),Tonk_DC (Rajasthan)
IND785001AAA>IND785112AAC,3,2.2475633528265107,2.111111111111111,23.333333333333332,Jorhat_RicMilRd_D (Assam),Teok_Wardno3_D (Assam)
IND572201AAB>IND573103AAA,3,1.8635651629072683,1.4210526315789473,17.333333333333332,Tiptur_YTRd_D (Karnataka),Arsikere_HsnRdDPP_D (Karnataka)
IND521001AAA>IND521165AAA,3,1.846153846153846,1.8076923076923077,22.666666666666668,Machilipatnam_DC (Andhra Pradesh),Vuyyuru_BhogdDPP_D (Andhra Pradesh)
IND176215AAA>IND176061AAA,3,1.7614734299516908,1.8695652173913044,35.333333333333336,Dharamshala_GrudwrRd_D (Himachal Pradesh),Palampur_Cnsrvila_D (Himachal Pradesh)
IND535591AAA>IND535558AAA,3,2.273611111111111,2.1333333333333333,20.0,Salur_ward9_D (Andhra Pradesh),Bobbili_ColegRd_D (Andhra Pradesh)
IND713205AAB>IND713148AAA,3,4.4259259259259265,4.444444444444445,61.666666666666664,Durgapur_Central_I_1 (West Bengal),Panagarh_Central_D_1 (West Bengal)
IND124507AAA>IND131028AAE,3,2.602529167645447,2.511627906976744,70.66666666666667,Bahadurgarh_DC (Haryana),Sonipat_Central_D_2 (Haryana)
IND400072AAB>IND400701AAB,3,2.649122807017544,2.4210526315789473,31.333333333333332,Mumbai Hub (Maharashtra),Mumbai_Pawane_L (Maharashtra)
IND712311AAA>IND732103AAB,3,2.843719494688487,2.800925925925926,397.0,Kolkata_Dankuni_HB (West Bengal),Malda_Central_I_3 (West Bengal)
IND712311AAA>IND742102AAB,3,3.2127760194987083,3.2337662337662336,334.3333333333333,Kolkata_Dankuni_HB (West Bengal),Berhampore_Central_I_2 (West Bengal)
IND712406AAA>IND712602AAA,3,2.11280591641123,2.3225806451612905,34.666666666666664,Khanakul_Ramnagar_D (West Bengal),Arambag_BalibDPP_D (West Bengal)
IND395023AAA>IND421302AAG,3,2.463520394572904,2.45771144278607,289.3333333333333,Surat_HUB (Gujarat),Bhiwandi_Mankoli_HB (Maharashtra)
IND125121AAA>IND125001AAA,3,3.3337164750957853,3.9,69.66666666666667,Barwala_Central_DPP_1 (Haryana),Hisar_ModelTwn_P (Haryana)
IND127201AAA>IND124141AAA,3,2.522194989106754,2.4375,52.0,Loharu_BstndDPP_D (Haryana),ChrkhiDdri_PuranDPP_D (Haryana)
IND442605AAA>IND441603AAA,3,1.9838054457619674,2.090909090909091,22.666666666666668,Gadchiroli_Central_DPP_1 (Maharashtra),Chamorshi_Central_DPP_1 (Maharashtra)
IND576101AAA>IND576201AAA,3,1.6060931899641577,1.5666666666666667,18.333333333333332,Udupi (Karnataka),Kundapura_DC (Karnataka)
IND342602AAC>IND311302AAA,3,1.9873980726464044,2.026315789473684,73.0,Bilara_Central_DPP_2 (Rajasthan),Badnaur_BhmrdDPP_D (Rajasthan)
IND344001AAA>IND345021AAA,3,1.7561558291479622,1.75,114.0,Barmer_Nehru3PL_D (Rajasthan),Pokhran_SttinDPP_D (Rajasthan)
IND803213AAA>IND811105AAA,3,2.237520128824477,1.8043478260869565,56.666666666666664,Barh_Malahi_D (Bihar),Sheikhpura_Bgwtichk_D (Bihar)
IND321001AAA>IND301001AAB,3,6.313001145475372,6.206185567010309,513.3333333333334,Bharatpur_DC (Rajasthan),Alwar_Central_I_1 (Rajasthan)
IND713128AAB>IND731301AAA,3,4.127513227513227,4.0285714285714285,110.33333333333333,Guskhara_Itachnda_D (West Bengal),Nanoor_Central_DPP_1 (West Bengal)
IND732138AAA>IND733124AAA,3,1.9836601307189543,2.0277777777777777,34.666666666666664,Bamangola_Central_D_1 (West Bengal),Gangarmpur_KhdimDPP_D (West Bengal)
IND721636AAB>IND721602AAB,3,1.668103448275862,1.75,17.666666666666668,Tamluk_Central_DPP_2 (West Bengal),Haldia_Central_D_2 (West Bengal)
IND462022AAA>IND462001AAA,3,2.8287545787545785,2.3076923076923075,24.333333333333332,Bhopal_Trnsport_H (Madhya Pradesh),Bhopal_Old City (Madhya Pradesh)
IND457001AAA>IND382430AAB,3,1.97598609670853,1.9809885931558935,257.3333333333333,Ratlam_Khjurwli_DC (Madhya Pradesh),Ahmedabad_East_H_1 (Gujarat)
IND465001AAA>IND465333AAA,3,1.4154366094263793,1.3428571428571427,28.666666666666668,Shajapur_MhpraRD_D (Madhya Pradesh),Shujalpur_AstrdDPP_D (Madhya Pradesh)
IND395006AAA>IND395023AAD,3,29.04444444444444,9.733333333333333,328.6666666666667,Surat_Varachha_DC (Gujarat),Surat_Central_I_4 (Gujarat)
IND733134AAA>IND733129AAB,3,1.4934437543133194,1.4782608695652173,11.0,Raiganj_SubrtDPP_D (West Bengal),Kaliyaganj_Central_DPP_1 (West Bengal)
IND125033AAA>IND125001AAA,3,1.9948400412796696,2.0,17.333333333333332,Hansi_DelRdDPP_D (Haryana),Hisar_ModelTwn_P (Haryana)
IND602001AAA>IND600116AAB,3,4.452107279693487,3.6666666666666665,101.0,Chennai_Thiruvlr_DC (Tamil Nadu),Chennai_Porur_DPC (Tamil Nadu)
IND474003AAA>IND476001AAA,3,1.688938938938939,1.5945945945945945,26.0,Gwalior_HrihrNgr_I (Madhya Pradesh),Morena_Prjapati_D (Madhya Pradesh)
IND521201AAA>IND521105AAA,3,1.7759170653907497,1.736842105263158,16.333333333333332,Nuzvid_Ward17_D (Andhra Pradesh),HanumanJNC_VijywdRD_D (Andhra Pradesh)
IND834002AAB>IND825102AAA,3,3.1746845746845747,3.3516483516483517,197.33333333333334,Ranchi_Hub (Jharkhand),Phusro_RhmgjDPP_D (Jharkhand)
IND841101AAA>IND841207AAB,3,4.714814814814814,2.611111111111111,54.666666666666664,Sonepur_Sabalpur_D (Bihar),Dighwara_SadarHPL_D (Bihar)
IND272207AAB>IND272153AAC,3,3.036764705882353,3.0588235294117645,34.0,Naugarh_Central_D_1 (Uttar Pradesh),Bansi_GangDPP_D (Uttar Pradesh)
IND273014AAB>IND209304AAA,3,2.168893374343201,2.339100346020761,337.3333333333333,Gorakhpur_Matriprm_IP (Uttar Pradesh),Kanpur_Central_H_6 (Uttar Pradesh)
IND184121AAA>IND184104AAA,3,1.4284993495519809,1.205128205128205,16.333333333333332,Samba_Wardno13_D (Jammu & Kashmir),Kathua_BOB_D (Jammu & Kashmir)
IND201007AAA>IND201005AAA,3,2.738782051282051,2.076923076923077,26.666666666666668,GZB_Mohan_Nagar_DPC (Uttar Pradesh),Ghaziabad_RjndrNgr_DC (Uttar Pradesh)
IND575004AAB>IND671323AAD,3,1.7084520417853752,1.7407407407407407,18.666666666666668,Mangalore_Kuntikna_H (Karnataka),Manjeshwar_Central_D_1 (Kerala)
IND302014AAB>IND303303AAA,3,2.475490196078431,3.0,77.0,Jaipur_Central_I_7 (Rajasthan),Dausa_IndraCln_D (Rajasthan)
IND301001AAB>IND321606AAA,3,2.6699604743083007,2.246376811594203,114.0,Alwar_Central_I_1 (Rajasthan),Kherli_GodamDPP_D (Rajasthan)
IND600116AAB>IND600056AAA,3,3.5378787878787876,2.25,28.333333333333332,Chennai_Porur_DPC (Tamil Nadu),Chennai_Poonamallee (Tamil Nadu)
IND600116AAB>IND600056AAB,3,2.252143769385149,2.111111111111111,35.0,Chennai_Porur_DPC (Tamil Nadu),MAA_Poonamallee_HB (Tamil Nadu)
IND482002AAA>IND842003AAB,3,13.791666666666666,13.0,106.33333333333333,Jabalpur (Madhya Pradesh),Jabalpur_Adhartal_IP (Madhya Pradesh)
IND483225AAA>IND483501AAA,3,2.176502350695899,2.121212121212121,38.666666666666664,Sihora_KtnRdDPP_D (Madhya Pradesh),Katni_Bargawan_DC (Madhya Pradesh)
IND483501AAA>IND483770AAA,3,2.0256642512077296,2.0,48.0,Katni_Bargawan_DC (Madhya Pradesh),Barhi_Central_DPP_1 (Madhya Pradesh)
IND734214AAB>IND000000AFF,3,3.1153846153846154,3.1794871794871793,78.33333333333333,Mirik_WardNo3_D (West Bengal),Darjeeling_Hillcard_DC (West Bengal)
IND306116AAA>IND306001AAA,3,2.20829474117526,1.9390243902439024,97.33333333333333,Falna_SbhRDDPP_D (Rajasthan),MarwarJn_SndbrDPP_D (Rajasthan)
IND302026AAA>IND302014AAB,3,12.25599128540305,11.5,193.66666666666666,Jaipur_Bhankrot_DC (Rajasthan),Jaipur_Central_I_7 (Rajasthan)
IND342601AAA>IND342902AAA,3,1.8117833386126068,1.9142857142857144,32.0,Piparcity_BsstdDPP_D (Rajasthan),Gotan_DKLogDPP_D (Rajasthan)
IND581334AAA>IND581314AAA,3,1.804027149321267,1.9038461538461537,41.0,Honnavar_Prbhtngr_D (Karnataka),Ankola_Kakrmath_D (Karnataka)
IND764059AAA>IND764071AAB,3,1.9305555555555554,1.8888888888888888,8.0,Nabarangpr_PhdofDPP_D (Orissa),Pappadahandi_Central_DPP_2 (Orissa)
IND767001AAA>IND767017AAA,3,1.9142857142857144,1.8571428571428572,32.0,Balangir_Rjndpara_D (Orissa),Sonepur_BrezeDPP_D (Orissa)
IND390022AAA>IND390020AAA,3,4.526767676767677,4.416666666666667,47.666666666666664,Vadodara_Karelibaug_DPC (Gujarat),Vadodara (Gujarat)
IND605010AAB>IND600056AAB,3,1.653846153846154,1.6923076923076923,85.0,Pondicherry_Vasanthm_I (Pondicherry),MAA_Poonamallee_HB (Tamil Nadu)
IND370615AAB>IND370001AAA,3,6.583077852099591,6.0625,235.66666666666666,Nakhatrana_ClgRDDPP_D (Gujarat),Bhuj_DC (Gujarat)
IND484001AAA>IND484224AAA,3,1.0851851851851853,1.4047619047619047,3.0,Shahdol_Sohagpur_D (Madhya Pradesh),Anuppur_JthriDPP_DC (Madhya Pradesh)
IND484446AAA>IND842003AAB,3,1.9291325695581012,2.025531914893617,218.0,Dola_ChainDPP_D (Madhya Pradesh),Jabalpur_Adhartal_IP (Madhya Pradesh)
IND472001AAA>IND474003AAA,3,2.445985985153137,2.485294117647059,297.3333333333333,Tikamgarh_MndiRoad_D (Madhya Pradesh),Gwalior_HrihrNgr_I (Madhya Pradesh)
IND600004AAA>IND600008AAC,3,5.134615384615384,5.5,61.666666666666664,Chennai_Mylapore (Tamil Nadu),Chennai_Egmore_DPC (Tamil Nadu)
IND110037AAM>IND201301AAD,3,4.107593307593308,4.5675675675675675,112.33333333333333,Delhi_Airport_H (Delhi),NOI_RPC (Delhi)
IND246763AAA>IND244901AAB,3,1.5014338103510079,1.4610389610389611,77.66666666666667,Najibabad_KotdwrRD_D (Uttar Pradesh),Rampur_RoshnBgh_I (Uttar Pradesh)
IND465333AAA>IND462022AAA,3,1.867749564351506,1.8653846153846154,89.66666666666667,Shujalpur_AstrdDPP_D (Madhya Pradesh),Bhopal_Trnsport_H (Madhya Pradesh)
IND600056AAB>IND635802AAB,3,1.3231508940170358,1.3174603174603174,41.666666666666664,MAA_Poonamallee_HB (Tamil Nadu),Ambur_Central_D_2 (Tamil Nadu)
IND131028AAB>IND250611AAA,3,3.3261423761423763,3.3142857142857145,81.0,Sonipat_Kundli_H (Haryana),Baraut_SrnprHwy_D (Uttar Pradesh)
IND585314AAA>IND586211AAA,3,1.8752147766323024,1.9381443298969072,84.66666666666667,Aland_RazaviRd_D (Karnataka),Indi_SindgiRD_D (Karnataka)
IND586211AAA>IND586128AAA,3,1.7816193853427897,1.7916666666666667,37.0,Indi_SindgiRD_D (Karnataka),Sindagi_KalyanNg_D (Karnataka)
IND485001AAC>IND485771AAA,3,6.191919191919191,3.0606060606060606,171.33333333333334,Satna_Central_I_2 (Madhya Pradesh),Maihar_MngalDPP_D (Madhya Pradesh)
IND140401AAA>IND000000ACA,3,2.5601921680353055,2.814814814814815,82.0,Rajpura_DC (Punjab),Ludhiana_MilrGanj_HB (Punjab)
IND140401AAA>IND142401AAA,3,1.5672857608341477,1.5757575757575757,18.333333333333332,Rajpura_DC (Punjab),Khanna_DC (Punjab)
IND272155AAA>IND272001AAA,3,1.3333333333333333,1.2916666666666667,8.0,Harraiya_MahuGDPP_D (Uttar Pradesh),Basti_GndhiNgr_D (Uttar Pradesh)
IND815301AAA>IND815353AAA,3,1.9770930594460008,2.1142857142857143,34.0,Giridih_Shivalya_D (Jharkhand),Madhupur_Sitarmrd_D (Jharkhand)
IND110035AAC>IND110037AAM,3,1.707309941520468,1.6666666666666667,13.333333333333334,Delhi_North_R_8 (Delhi),Delhi_Airport_H (Delhi)
IND485001AAC>IND488001AAA,3,2.078273967747652,2.0701754385964914,59.666666666666664,Satna_Central_I_2 (Madhya Pradesh),Panna_Mohnprwa_D (Madhya Pradesh)
IND486889AAA>IND231216AAA,3,2.6501035196687375,2.5934065934065935,150.66666666666666,Singrauli_Ward8DPP_D (Madhya Pradesh),Robertsganj_ArtoDPP_D (Uttar Pradesh)
IND742101AAC>IND713130AAA,3,1.7239435023446241,1.684782608695652,66.0,Baharampur_Chuanpur_I (West Bengal),Katwa_BSarani_D (West Bengal)
IND742147AAA>IND742137AAA,3,1.811858076563959,1.8333333333333333,15.666666666666666,Khargram_BoiDPP_D (West Bengal),Kandi_DohalDPP_D (West Bengal)
IND825102AAA>IND827013AAA,3,2.0784615384615384,2.12,27.666666666666668,Phusro_RhmgjDPP_D (Jharkhand),Bokaro_KSClny_DC (Jharkhand)
IND826004AAA>IND209304AAA,3,1.7479497683137197,1.743006993006993,429.0,Dhanbad_Kalynpur_I (Jharkhand),Kanpur_Central_H_6 (Uttar Pradesh)
IND758001AAA>IND757037AAA,3,1.9302325581395348,2.0,40.0,Kendujhar_Sirjudin_D (Orissa),Karanjia_Sarubali_D (Orissa)
IND758001AAA>IND758035AAA,3,2.0224358974358974,2.076923076923077,52.0,Kendujhar_Sirjudin_D (Orissa),Barbil_PunjbiPd_D (Orissa)
IND132001AAA>IND132103AAB,3,7.979484386347131,4.0588235294117645,199.33333333333334,Karnal (Haryana),Panipat_PC (Haryana)
IND132103AAA>IND131028AAB,3,3.291850069797143,2.913793103448276,109.33333333333333,Panipat (Haryana),Sonipat_Kundli_H (Haryana)
IND585211AAA>IND585104AAA,3,3.301868670289723,2.210526315789474,88.66666666666667,Chittapur_GlbrgaRD_D (Karnataka),Gulbarga_Nehrugnj_I (Karnataka)
IND333001AAA>IND333028AAA,3,1.3225715789527472,1.3783783783783783,13.0,Jhunjhunu_DC (Rajasthan),Sultana_Central_DPP_1 (Rajasthan)
IND796321AAB>IND796009AAA,3,7.687361448454006,4.046875,877.6666666666666,Champhai_AwmpiVng_D (Mizoram),Aizawl_HunthrVg_I (Mizoram)
IND521225AAB>IND523002AAA,3,1.897196261682243,1.8130841121495327,96.0,Vijayawada_Rynapadu_H (Andhra Pradesh),Ongole_SubhVRTL_I (Andhra Pradesh)
IND411043AAA>IND411014AAA,3,4.016666666666667,4.25,47.0,Pune Balaji Nagar (Maharashtra),PNQ Vadgaon Sheri DPC (Maharashtra)
IND221313AAA>IND232101AAB,3,27.454545454545453,28.727272727272727,582.0,Varanasi_Central_H_4 (Uttar Pradesh),MughalSarai_Central_D_2 (Uttar Pradesh)
IND530012AAA>IND751002AAB,3,1.587065452038596,1.5799373040752351,186.66666666666666,Visakhapatnam_Gajuwaka_IP (Andhra Pradesh),Bhubaneshwar_Hub (Orissa)
IND530012AAA>IND764001AAC,3,3.1297405189620755,2.8263473053892216,355.6666666666667,Visakhapatnam_Gajuwaka_IP (Andhra Pradesh),Jeypore_Kelasahi_D (Orissa)
IND533003AAA>IND533106AAA,3,2.3046258503401362,2.12,64.66666666666667,Kakinada_DC (Andhra Pradesh),Rajamundry_AtoNgrRd_I (Andhra Pradesh)
IND413307AAB>IND413304AAA,3,2.7036231884057975,2.260869565217391,41.333333333333336,Sangola_Central_DPP_2 (Maharashtra),Pandharpur_RajCmplx_D (Maharashtra)
IND643212AAA>IND641062AAD,3,3.3428250680587133,3.2882882882882885,256.3333333333333,Gudalur_kalmpuza_D (Tamil Nadu),Coimbatore_Karayam_H (Tamil Nadu)
IND845455AAB>IND845418AAB,3,2.155314009661836,2.217391304347826,105.66666666666667,Narktiganj_Central_DPP_2 (Bihar),Dhaka_PchpkrRD_D (Bihar)
IND848210AAA>IND842001AAA,3,4.135691957942597,4.088235294117647,215.33333333333334,Rusera_Wardno4_D (Bihar),Muzaffrpur_Bbganj_I (Bihar)
IND414302AAB>IND411033AAA,2,2.3962994836488813,2.3962994836488813,116.5,Parner_Hindcwk_D (Maharashtra),Pune_Tathawde_H (Maharashtra)
IND854334AAA>IND854335AAA,2,1.3459051724137931,1.3459051724137931,10.5,Raniganj_Central_DPP_1 (Bihar),Narpatganj_Central_DPP_1 (Bihar)
IND000000ACB>IND122015AAC,2,2.4449579831932775,2.4449579831932775,50.0,Gurgaon_Bilaspur_HB (Haryana),
IND845418AAB>IND842001AAA,2,2.9851778656126484,2.9851778656126484,134.5,Dhaka_PchpkrRD_D (Bihar),Muzaffrpur_Bbganj_I (Bihar)
IND000000ACB>IND125033AAA,2,2.286087570621469,2.286087570621469,153.0,Gurgaon_Bilaspur_HB (Haryana),Hansi_DelRdDPP_D (Haryana)
IND000000ACB>IND127021AAA,2,1.9444444444444444,1.9444444444444444,93.5,Gurgaon_Bilaspur_HB (Haryana),Bhiwani_DC (Haryana)
IND842003AAB>IND480661AAA,2,1.9422860360360361,1.9422860360360361,105.0,Jabalpur_Adhartal_IP (Madhya Pradesh),Seoni_Kidwai_D (Madhya Pradesh)
IND412210AAC>IND411033AAA,2,2.4761904761904763,2.4761904761904763,93.0,Shirur_Central_DPP_3 (Maharashtra),Pune_Tathawde_H (Maharashtra)
IND412803AAB>IND421802AAA,2,1.1150537634408602,1.1150537634408602,3.5,Wai_Central_DPP_3 (Maharashtra),Khandala_Satara_D (Maharashtra)
IND533106AAA>IND533003AAA,2,4.160377358490566,4.160377358490566,167.5,Rajamundry_AtoNgrRd_I (Andhra Pradesh),Kakinada_DC (Andhra Pradesh)
IND641062AAD>IND641008AAA,2,2.585714285714286,2.585714285714286,55.5,Coimbatore_Karayam_H (Tamil Nadu),Cjb_Kovaipudur_Dc (Tamil Nadu)
IND641062AAD>IND643217AAA,2,2.602311643835616,2.602311643835616,110.5,Coimbatore_Karayam_H (Tamil Nadu),Kotagiri_CroslySRT_D (Tamil Nadu)
IND331701AAA>IND125001AAA,2,5.484375,5.484375,287.0,Sidhmukh_MnbzrDPP_D (Rajasthan),Hisar_ModelTwn_P (Haryana)
IND506001AAC>IND505122AAA,2,2.0588235294117645,2.0588235294117645,36.0,Warangal_Central_D_2 (Telangana),Jammikunta_ConduDPP_D (Telangana)
IND415003AAA>IND411033AAA,2,1.3490149210488194,1.3490149210488194,41.0,Satara_DC (Maharashtra),Pune_Tathawde_H (Maharashtra)
IND671315AAA>IND575004AAB,2,8.01923076923077,8.01923076923077,547.5,Kanhangad_Arangadi_D (Kerala),Mangalore_Kuntikna_H (Karnataka)
IND673027AAB>IND673305AAA,2,8.04849688031764,8.04849688031764,296.5,Kozhikode_Feroke_H (Kerala),Koyilandy_Pshrikvu_D (Kerala)
IND530012AAA>IND533106AAA,2,1.699248120300752,1.699248120300752,93.0,Visakhapatnam_Gajuwaka_IP (Andhra Pradesh),Rajamundry_AtoNgrRd_I (Andhra Pradesh)
IND530012AAA>IND535001AAA,2,4.96412037037037,4.96412037037037,197.0,Visakhapatnam_Gajuwaka_IP (Andhra Pradesh),Vizianagaram_NcsRd_DC (Andhra Pradesh)
IND785682AAA>IND785690AAB,2,3.494652406417112,3.494652406417112,84.0,Sivasagar_Babupaty_D (Assam),Sonari_Central_DPP_1 (Assam)
IND201007AAB>IND201007AAA,2,4.035714285714286,4.035714285714286,42.5,Ghaziabad_MohanNgr_C (Uttar Pradesh),GZB_Mohan_Nagar_DPC (Uttar Pradesh)
IND201301AAD>IND110037AAM,2,5.252123552123551,5.252123552123551,152.5,NOI_RPC (Delhi),Delhi_Airport_H (Delhi)
IND562132AAA>IND683511AAA,2,2.2917642466822796,2.2917642466822796,551.0,Bangalore_Nelmngla_H (Karnataka),Aluva_Peedika_H (Kerala)
IND506343AAA>IND506169AAB,2,1.3475609756097562,1.3475609756097562,14.5,Mulugu_LaxmiNGR_D (Telangana),Bhupalpally_JwahrNGR_D (Telangana)
IND792001AAA>IND792110AAA,2,1.5697674418604652,1.5697674418604652,24.5,Tezu_Farmnala_D (Arunachal Pradesh),Roing_DibngVly_D (Arunachal Pradesh)
IND792110AAA>IND786001AAB,2,2.505098039215686,2.505098039215686,152.5,Roing_DibngVly_D (Arunachal Pradesh),Dibrugarh_Bokule_H (Assam)
IND815353AAA>IND814112AAA,2,1.2564102564102564,1.2564102564102564,10.0,Madhupur_Sitarmrd_D (Jharkhand),Deoghar_Barmasia_D (Jharkhand)
IND486001AAA>IND486771AAA,2,2.6642619311875695,2.6642619311875695,86.5,Rewa_Dc (Madhya Pradesh),Churhat_Central_DPP_1 (Madhya Pradesh)
IND363621AAB>IND360002AAB,2,1.7352941176470589,1.7352941176470589,25.0,Wankaner_JivanDPP_D (Gujarat),Rajkot_PedakRd_P (Gujarat)
IND364270AAA>IND364001AAA,2,1.8967105263157895,1.8967105263157895,35.0,Palitana_STRdDPP_D (Gujarat),Bhavnagar_Dc (Gujarat)
IND751015AAA>IND752055AAA,2,1.9347826086956523,1.9347826086956523,21.0,Bhubaneshwar_Nayapalli (Orissa),Khurdha_MunplDPP_D (Orissa)
IND752050AAA>IND751002AAB,2,2.176190476190476,2.176190476190476,24.0,Khurdha_JatniDPP_D (Orissa),Bhubaneshwar_Hub (Orissa)
IND742202AAA>IND712311AAA,2,2.9034383777277077,2.9034383777277077,342.5,Dhulian_RatanDPP_D (West Bengal),Kolkata_Dankuni_HB (West Bengal)
IND480001AAA>IND481661AAA,2,1.6337882547559968,1.6337882547559968,98.5,Chhindwara_NagpurRd_D (Madhya Pradesh),Mandla_Mharajpr_D (Madhya Pradesh)
IND480661AAA>IND480001AAA,2,1.8269230769230769,1.8269230769230769,43.0,Seoni_Kidwai_D (Madhya Pradesh),Chhindwara_NagpurRd_D (Madhya Pradesh)
IND480886AAA>IND480661AAA,2,1.5274376417233562,1.5274376417233562,25.0,Lakhnadon_Central_DPP_1 (Madhya Pradesh),Seoni_Kidwai_D (Madhya Pradesh)
IND587103AAB>IND582101AAB,2,2.1630434782608696,2.1630434782608696,107.0,Bagalkot_Sector4_D (Karnataka),Gadag_Cdosclrd_D (Karnataka)
IND515004AAA>IND515801AAA,2,2.581818181818182,2.581818181818182,87.0,Anantapur_KamaStrt_I (Andhra Pradesh),Guntakal_Verpatem_D (Andhra Pradesh)
IND560099AAB>IND560058AAD,2,1.5040485829959516,1.5040485829959516,19.5,Bengaluru_Bomsndra_HB (Karnataka),Bengaluru_Peenya_L (Karnataka)
IND826001AAC>IND828111AAA,2,2.5555555555555554,2.5555555555555554,14.0,Dhanbad_Central_D_4 (Jharkhand),Dhanbad_Jharia_DC (Jharkhand)
IND814112AAA>IND814133AAA,2,2.273652882205514,2.273652882205514,72.0,Deoghar_Barmasia_D (Jharkhand),Godda_PushPlza_D (Jharkhand)
IND560300AAA>IND563130AAA,2,1.7593085106382977,1.7593085106382977,36.0,Bengaluru_KGAirprt_HB (Karnataka),Malur_NharuExt_D (Karnataka)
IND152026AAA>IND152116AAA,2,1.5,1.5,20.5,Muktsar_DPC (Punjab),Abohar_DC (Punjab)
IND591115AAB>IND580028AAA,2,1.9166666666666667,1.9166666666666667,38.5,Kittur_ColageRD_D (Karnataka),Hubli_Adargchi_IP (Karnataka)
IND591126AAA>IND591102AAA,2,1.522549019607843,1.522549019607843,16.5,Saundatti_ShanthiS_D (Karnataka),Bailhongal_NamoNagr_D (Karnataka)
IND591302AAB>IND591115AAB,2,1.6973684210526316,1.6973684210526316,26.5,Khanapur_StatinRD_D (Karnataka),Kittur_ColageRD_D (Karnataka)
IND131301AAA>IND131028AAB,2,3.0358974358974358,3.0358974358974358,80.5,Gohana_DvlalDPP_D (Haryana),Sonipat_Kundli_H (Haryana)
IND132001AAA>IND131028AAB,2,3.664473684210526,3.664473684210526,202.5,Karnal (Haryana),Sonipat_Kundli_H (Haryana)
IND600008AAC>IND600013AAA,2,4.55,4.55,39.5,Chennai_Egmore_DPC (Tamil Nadu),Chennai_Royapuram (Tamil Nadu)
IND484661AAE>IND484001AAA,2,2.5488394584139265,2.5488394584139265,70.0,Umaria_Central_DPP_3 (Madhya Pradesh),Shahdol_Sohagpur_D (Madhya Pradesh)
IND485001AAC>IND486001AAA,2,14.061764705882354,14.061764705882354,455.0,Satna_Central_I_2 (Madhya Pradesh),Rewa_Dc (Madhya Pradesh)
IND583201AAA>IND583101AAA,2,3.2444444444444445,3.2444444444444445,101.0,Hospet (Karnataka),Bellary_Dc (Karnataka)
IND584128AAA>IND583121AAA,2,2.224308300395257,2.224308300395257,27.5,Sindhanur_VasaviNg_D (Karnataka),Siruguppa_Wrd12DPP_D (Karnataka)
IND516001AAA>IND516227AAA,2,1.7319611470860314,1.7319611470860314,34.0,Cuddapah_DC (Andhra Pradesh),Badvel_Sidrd_D (Andhra Pradesh)
IND516227AAA>IND515004AAA,2,2.159491193737769,2.159491193737769,170.0,Badvel_Sidrd_D (Andhra Pradesh),Anantapur_KamaStrt_I (Andhra Pradesh)
IND516360AAB>IND516001AAA,2,1.6129568106312293,1.6129568106312293,26.0,Proddatur_Central_D_2 (Andhra Pradesh),Cuddapah_DC (Andhra Pradesh)
IND515004AAA>IND515411AAA,2,2.419642857142857,2.419642857142857,58.0,Anantapur_KamaStrt_I (Andhra Pradesh),Tadipatri_CBRoad_D (Andhra Pradesh)
IND272001AAA>IND272175AAA,2,1.7616459627329193,1.7616459627329193,18.5,Basti_GndhiNgr_D (Uttar Pradesh),Khalilabad_MrgnjDPP_D (Uttar Pradesh)
IND580002AAA>IND580028AAA,2,4.979166666666666,4.979166666666666,92.0,Dharwad_Dc (Karnataka),Hubli_Adargchi_IP (Karnataka)
IND501301AAC>IND500039AAC,2,3.5314685314685317,3.5314685314685317,29.0,Ghatkesar_Central_D_1 (Telangana),Hyderabad_Uppal_I (Telangana)
IND360003AAA>IND360311AAA,2,2.102307692307692,2.102307692307692,28.0,Rajkot_Kothriya_DC (Gujarat),Gondal_DC (Gujarat)
IND764071AAB>IND530012AAA,2,7.483768328771999,7.483768328771999,1370.0,Pappadahandi_Central_DPP_2 (Orissa),Visakhapatnam_Gajuwaka_IP (Andhra Pradesh)
IND764071AAB>IND764073AAA,2,1.6950757575757576,1.6950757575757576,22.5,Pappadahandi_Central_DPP_2 (Orissa),Umerkote_Central_DPP_1 (Orissa)
IND732204AAB>IND732123AAC,2,1.9086509376890501,1.9086509376890501,52.5,Paranpur_Nijgan_D (West Bengal),Chanchal_BargaDPP_D (West Bengal)
IND733128AAA>IND733129AAB,2,2.479432624113475,2.479432624113475,68.0,Itahar_NatunDPP_D (West Bengal),Kaliyaganj_Central_DPP_1 (West Bengal)
IND380005AAA>IND382721AAA,2,3.2,3.2,42.0,Amd_Chandkheda_Dc (Gujarat),Gandhinagar_Kalol_DC (Gujarat)
IND362220AAA>IND362265AAA,2,1.578125,1.578125,18.5,Junagadh_keshod_DC (Gujarat),Veraval_DC (Gujarat)
IND483770AAA>IND842003AAB,2,2.485253709470599,2.485253709470599,155.5,Barhi_Central_DPP_1 (Madhya Pradesh),Jabalpur_Adhartal_IP (Madhya Pradesh)
IND600044AAD>IND603203AAA,2,3.670955882352941,3.670955882352941,44.0,Chennai_Chrompet_DPC (Tamil Nadu),Chennai_Potheri (Tamil Nadu)
IND600056AAB>IND530012AAA,2,1.7159715242881073,1.7159715242881073,428.5,MAA_Poonamallee_HB (Tamil Nadu),Visakhapatnam_Gajuwaka_IP (Andhra Pradesh)
IND591307AAC>IND580002AAA,2,2.5224719101123596,2.5224719101123596,135.5,Gokak_Bsavangr_D (Karnataka),Dharwad_Dc (Karnataka)
IND390020AAA>IND390022AAA,2,5.4071428571428575,5.4071428571428575,56.5,Vadodara (Gujarat),Vadodara_Karelibaug_DPC (Gujarat)
IND303106AAA>IND302014AAA,2,2.265804597701149,2.265804597701149,74.5,Paota_SmClyDPP_D (Rajasthan),Jaipur_Hub (Rajasthan)
IND152026AAA>IND152024AAA,2,2.0,2.0,21.0,Muktsar_DPC (Punjab),Jalalabad_Muktsar_D (Punjab)
IND500039AAC>IND500035AAA,2,3.2153846153846155,3.2153846153846155,27.0,Hyderabad_Uppal_I (Telangana),Hyd_LB-Nagar_Dc (Telangana)
IND202001AAB>IND207123AAA,2,2.810897435897436,2.810897435897436,93.0,Aligarh_KhirByps_I (Uttar Pradesh),Kasganj_BnkrGate_D (Uttar Pradesh)
IND580028AAA>IND421302AAG,2,2.247240618101545,2.247240618101545,565.0,Hubli_Adargchi_IP (Karnataka),Bhiwandi_Mankoli_HB (Maharashtra)
IND301019AAA>IND123001AAA,2,2.4550671550671552,2.4550671550671552,92.5,Bhiwadi DC (Rajasthan),Narnaul_DC (Haryana)
IND476111AAA>IND477001AAB,2,2.1730769230769234,2.1730769230769234,61.0,Ambah_MrenTirh_D (Madhya Pradesh),Bhind_EtwahDPP_D (Madhya Pradesh)
IND600076AAB>IND600056AAB,2,2.075537075537076,2.075537075537076,41.0,Chennai_Madhavaram_DPC (Tamil Nadu),MAA_Poonamallee_HB (Tamil Nadu)
IND600083AAA>IND600116AAB,2,2.0357142857142856,2.0357142857142856,13.5,Chennai_AshokNagar_DC (Tamil Nadu),Chennai_Porur_DPC (Tamil Nadu)
IND131028AAB>IND132103AAA,2,5.326923076923077,5.326923076923077,210.0,Sonipat_Kundli_H (Haryana),Panipat (Haryana)
IND131028AAB>IND248001AAA,2,1.7934272300469485,1.7934272300469485,169.0,Sonipat_Kundli_H (Haryana),Dehradun (Uttarakhand)
IND247554AAA>IND248001AAD,2,1.408258560703168,1.408258560703168,52.5,Deoband_Ramvlg_D (Uttar Pradesh),Dehradun_Nirjanpur_L (Uttarakhand)
IND110037AAM>IND250002AAC,2,8.724184782608695,8.724184782608695,711.0,Delhi_Airport_H (Delhi),
IND307001AAA>IND306902AAA,2,1.5576923076923077,1.5576923076923077,14.5,Sirohi_Ricco_D (Rajasthan),Sumerpur_BazarDPP_D (Rajasthan)
IND811201AAB>IND811213AAA,2,2.134615384615385,2.134615384615385,29.5,Munger_Kaura_D (Bihar),KharagpurBR_Central_DPP_1 (Bihar)
IND362001AAA>IND362265AAA,2,1.9223057644110275,1.9223057644110275,52.0,Junagadh_DPC (Gujarat),Veraval_DC (Gujarat)
IND581303AAA>IND581325AAA,2,1.4893617021276595,1.4893617021276595,46.0,Karwar_Central_D_1 (Karnataka),Dandeli_RKComplx_D (Karnataka)
IND581334AAA>IND581343AAC,2,2.2656641604010024,2.2656641604010024,25.0,Honnavar_Prbhtngr_D (Karnataka),Kumta_Central_DPP_2 (Karnataka)
IND151103AAA>IND151001AAA,2,15.672364672364672,15.672364672364672,389.5,RampuraPhul_DC (Punjab),Bhatinda_DPC (Punjab)
IND152024AAA>IND152123AAA,2,1.732258064516129,1.732258064516129,22.5,Jalalabad_Muktsar_D (Punjab),Fazilka_GndhiChk_D (Punjab)
IND533201AAA>IND533242AAA,2,2.373809523809524,2.373809523809524,20.0,Amalapuram_Vijdurg_D (Andhra Pradesh),Razole_Shanthi_D (Andhra Pradesh)
IND533242AAA>IND533201AAA,2,2.2476190476190476,2.2476190476190476,18.0,Razole_Shanthi_D (Andhra Pradesh),Amalapuram_Vijdurg_D (Andhra Pradesh)
IND841226AAB>IND841428AAA,2,2.553030303030303,2.553030303030303,35.5,Siwan_HnmntNgr_D (Bihar),Gopalganj_GopalDPP_D (Bihar)
IND302014AAA>IND306401AAB,2,2.307726581178005,2.307726581178005,280.5,Jaipur_Hub (Rajasthan),Pali_Nayagaon_I (Rajasthan)
IND767017AAA>IND768004AAD,2,2.107189224277832,2.107189224277832,87.0,Sonepur_BrezeDPP_D (Orissa),Sambalpur_Central_H_2 (Orissa)
IND768004AAD>IND768028AAA,2,2.8137931034482757,2.8137931034482757,58.0,Sambalpur_Central_H_2 (Orissa),Bargarh_JJCpxDPP_D (Orissa)
IND757001AAA>IND757041AAA,2,1.9199363732767762,1.9199363732767762,40.0,Baripada_KalikDPP_D (Orissa),Udala_NagplDPP_D (Orissa)
IND584101AAA>IND584123AAA,2,1.5465116279069768,1.5465116279069768,23.5,Raichur_LSRoad_DC (Karnataka),Manvi_APMCYard_D (Karnataka)
IND148028AAA>IND147001AAD,2,1.7980769230769231,1.7980769230769231,41.0,Sunam_DC (Punjab),Patiala_GainMrkt_L (Punjab)
IND508206AAA>IND507002AAA,2,1.9464285714285714,1.9464285714285714,26.5,Kodad_VidyaNgr_D (Telangana),Khammam_NSTRoad_I (Telangana)
IND781018AAA>IND781018AAB,2,1.0629084967320261,1.0629084967320261,2.0,Guwahati_East (Assam),Guwahati_Hub (Assam)
IND574117AAA>IND576101AAA,2,1.6614906832298137,1.6614906832298137,14.5,Uchila_Busstand_D (Karnataka),Udupi (Karnataka)
IND201001AAC>IND110037AAM,2,1.8295454545454546,1.8295454545454546,36.5,Ghaziabad_Central_L_8 (Uttar Pradesh),Delhi_Airport_H (Delhi)
IND201007AAA>IND245101AAA,2,2.047169811320755,2.047169811320755,55.5,GZB_Mohan_Nagar_DPC (Uttar Pradesh),Hapur_Swargash_D (Uttar Pradesh)
IND204101AAA>IND282002AAD,2,7.888719512195122,7.888719512195122,279.0,Hathras (Uttar Pradesh),
IND462022AAA>IND462042AAA,2,3.5666666666666664,3.5666666666666664,53.0,Bhopal_Trnsport_H (Madhya Pradesh),Bhopal_Kolar Mandakni (Madhya Pradesh)
IND464668AAA>IND462022AAA,2,2.553571428571429,2.553571428571429,130.5,Bareli_SourvDPP_D (Madhya Pradesh),Bhopal_Trnsport_H (Madhya Pradesh)
IND451666AAA>IND421302AAG,2,2.525,2.525,427.0,Sendhwa_VishnuVhr_D (Madhya Pradesh),Bhiwandi_Mankoli_HB (Maharashtra)
IND452001AAC>IND425508AAB,2,2.047169811320755,2.047169811320755,55.5,Jalgaon_DC (Maharashtra),Raver_Truptingr_D (Maharashtra)
IND465001AAA>IND465333A1B,2,1.056100981767181,1.056100981767181,0.0,Shajapur_MhpraRD_D (Madhya Pradesh),
IND395023AAA>IND394221AAA,2,4.0133689839572195,4.0133689839572195,48.5,Surat_HUB (Gujarat),Surat_Pandesra_Gateway (Gujarat)
IND110037AAM>IND110064AAA,2,5.39375,5.39375,85.5,Delhi_Airport_H (Delhi),Delhi_Mayapuri_PC (Delhi)
IND732103AAA>IND732138AAA,2,2.8513513513513513,2.8513513513513513,68.5,Malda_krshnPly_DC (West Bengal),Bamangola_Central_D_1 (West Bengal)
IND125033AAA>IND125005AAA,2,2.0620915032679736,2.0620915032679736,18.5,Hansi_DelRdDPP_D (Haryana),Hisar_IndstlAr_I (Haryana)
IND125050AAA>IND125051AAA,2,1.7186147186147185,1.7186147186147185,15.5,Fatehabad_SirsaDPP_D (Haryana),Ratia_SchdvDPP_D (Haryana)
IND125111AAA>IND125121AAA,2,3.295866935483871,3.295866935483871,72.0,Fatehabad_BhunaDPP_D (Haryana),Barwala_Central_DPP_1 (Haryana)
IND470004AAA>IND470113AAA,2,2.25,2.25,72.5,Sagar_Bahreya_I (Madhya Pradesh),Bina_Srvdycwk_D (Madhya Pradesh)
IND470004AAA>IND473443AAA,2,2.0466101694915255,2.0466101694915255,123.5,Sagar_Bahreya_I (Madhya Pradesh),Mungaoli_AshkngRd_D (Madhya Pradesh)
IND470113AAA>IND470117AAA,2,2.5142857142857142,2.5142857142857142,22.0,Bina_Srvdycwk_D (Madhya Pradesh),Khurai_Talaiya_D (Madhya Pradesh)
IND732138AAA>IND733102AAA,2,2.0600358422939067,2.0600358422939067,66.5,Bamangola_Central_D_1 (West Bengal),Balurghat_AkhirDPP_D (West Bengal)
IND335804AAD>IND335701AAA,2,1.1851398244539701,1.1851398244539701,13.0,Suratgarh_Central_DPP_2 (Rajasthan),Anupgarh_PrmNrDPP_D (Rajasthan)
IND341001AAC>IND341030AAA,2,1.8787248787248787,1.8787248787248787,33.0,Nagaur_KisanCo_D (Rajasthan),Tarnau_BsstdDPP_D (Rajasthan)
IND515411AAA>IND516360AAB,2,2.073148974130241,2.073148974130241,62.0,Tadipatri_CBRoad_D (Andhra Pradesh),Proddatur_Central_D_2 (Andhra Pradesh)
IND811201AAB>IND813213AAA,2,4.46,4.46,86.5,Munger_Kaura_D (Bihar),Sultanganj_Wardno3_D (Bihar)
IND811213AAA>IND813213AAA,2,1.6139162561576355,1.6139162561576355,17.5,KharagpurBR_Central_DPP_1 (Bihar),Sultanganj_Wardno3_D (Bihar)
IND803213AAA>IND803212AAB,2,3.1445035460992905,3.1445035460992905,101.5,Barh_Malahi_D (Bihar),Bakhtiarpur_BypassRD_D (Bihar)
IND721401AAA>IND721306AAA,2,1.9301957831325303,1.9301957831325303,75.5,Contai_Kanakpur_D (West Bengal),Kharagpur_DC (West Bengal)
IND721434AAB>IND721401AAA,2,2.4699999999999998,2.4699999999999998,73.5,Manglamaro_Bypassrd_D (West Bengal),Contai_Kanakpur_D (West Bengal)
IND713145AAB>IND741316AAA,2,1.591485507246377,1.591485507246377,14.0,Manteswar_MemariRD_D (West Bengal),Nabadwip_Srirmpur_D (West Bengal)
IND732138AAA>IND733140AAA,2,2.500598086124402,2.500598086124402,62.0,Bamangola_Central_D_1 (West Bengal),Gangarampr_FulbaDPP_D (West Bengal)
IND396105AAA>IND396191AAC,2,2.1587301587301586,2.1587301587301586,11.5,Bhilad_Umargaon_DC (Gujarat),Vapi_IndEstat_I (Gujarat)
IND396191AAB>IND421302AAG,2,2.1443809523809523,2.1443809523809523,143.5,Vapi_IndEstat_L (Gujarat),Bhiwandi_Mankoli_HB (Maharashtra)
IND396191AAC>IND396105AAA,2,0.782608695652174,0.782608695652174,-5.0,Vapi_IndEstat_I (Gujarat),Bhilad_Umargaon_DC (Gujarat)
IND247667AAB>IND249407AAA,2,2.618993993993994,2.618993993993994,59.0,Roorkee_IOTCEncl_L (Uttarakhand),Haridwar (Uttarakhand)
IND621802AAA>IND621212AAA,2,1.8557692307692308,1.8557692307692308,44.0,Jayamkondan_Chithbrm_D (Tamil Nadu),Perambalur_goplpurm_D (Tamil Nadu)
IND204101AAA>IND202001AAB,2,2.961337513061651,2.961337513061651,63.0,Hathras (Uttar Pradesh),Aligarh_KhirByps_I (Uttar Pradesh)
IND713205AAB>IND722101AAA,2,2.7594442032132003,2.7594442032132003,85.0,Durgapur_Central_I_1 (West Bengal),Bankura_KeranDPP_D (West Bengal)
IND713205AAB>IND723130AAA,2,3.316391275611368,3.316391275611368,203.5,Durgapur_Central_I_1 (West Bengal),Hura_Central_D_1 (West Bengal)
IND425406AAA>IND425412AAA,2,2.1113095238095236,2.1113095238095236,45.5,Shindkheda_KakaCplx_D (Maharashtra),Nandurbar_DhuleRd_D (Maharashtra)
IND721133AAA>IND721434AAB,2,2.9147633234028465,2.9147633234028465,104.5,Keshiary_MdnprDPP_D (West Bengal),Manglamaro_Bypassrd_D (West Bengal)
IND721139AAC>IND721602AAB,2,2.827966101694915,2.827966101694915,108.5,Panskura_Central_D_3 (West Bengal),Haldia_Central_D_2 (West Bengal)
IND624001AAA>IND624703AAA,2,1.2666666666666666,1.2666666666666666,9.5,Dindigul_Central_D_1 (Tamil Nadu),Gujiliam_Parai_D (Tamil Nadu)
IND624601AAA>IND624001AAA,2,4.385077186963979,4.385077186963979,182.5,Palani_RjndraRd_D (Tamil Nadu),Dindigul_Central_D_1 (Tamil Nadu)
IND126102AAA>IND131301AAA,2,2.1571428571428575,2.1571428571428575,40.5,Jind_DC (Haryana),Gohana_DvlalDPP_D (Haryana)
IND443301AAA>IND443201AAA,2,2.680947580645161,2.680947580645161,53.0,Mehkar_SagarDPP_D (Maharashtra),Chikhli_KKndrDPP_D (Maharashtra)
IND444303AAA>IND444203AAA,2,3.242424242424242,3.242424242424242,25.5,Khamgaon_WamanDPP_D (Maharashtra),Shegaon_SChwkDPP_D (Maharashtra)
IND721306AAA>IND721133AAA,2,2.167763157894737,2.167763157894737,20.5,Kharagpur_DC (West Bengal),Keshiary_MdnprDPP_D (West Bengal)
IND577101AAA>IND577116AAA,2,1.6480978260869565,1.6480978260869565,12.0,Chikmagalur_DC (Karnataka),
IND360410AAA>IND360490AAA,2,2.8241758241758244,2.8241758241758244,24.5,Dhoraji_JmnvadRd_DC (Gujarat),Upleta_AdrshSt_DC (Gujarat)
IND262405AAA>IND263153AAB,2,7.487804878048781,7.487804878048781,266.0,Sitarganj_SidculRd_D (Uttarakhand),Rudrapur_UdhamNgr_H (Uttarakhand)
IND343001AAA>IND343029AAB,2,1.3153846153846154,1.3153846153846154,20.5,Jalore_RoopNgr_D (Rajasthan),Bhinmal_RwStnDPP_D (Rajasthan)
IND343029AAB>IND307001AAA,2,1.4,1.4,28.0,Bhinmal_RwStnDPP_D (Rajasthan),Sirohi_Ricco_D (Rajasthan)
IND781018AAB>IND785612AAB,2,2.5566878139043085,2.5566878139043085,302.5,Guwahati_Hub (Assam),Bokakhat_MlnprDPP_D (Assam)
IND781102AAA>IND781018AAB,2,4.345588235294118,4.345588235294118,119.5,Hajo_Sardala_D (Assam),Guwahati_Hub (Assam)
IND575004AAB>IND574227AAA,2,2.130787037037037,2.130787037037037,33.5,Mangalore_Kuntikna_H (Karnataka),Moodbidri_MrdiVlge_D (Karnataka)
IND575004AAB>IND575014AAA,2,2.5175438596491224,2.5175438596491224,28.0,Mangalore_Kuntikna_H (Karnataka),Surathkal_DC (Karnataka)
IND572201AAB>IND573201AAB,2,1.9498039215686274,1.9498039215686274,48.0,Tiptur_YTRd_D (Karnataka),Hassan_Pandrnga_I (Karnataka)
IND573103AAA>IND572201AAB,2,1.7107843137254901,1.7107843137254901,12.5,Arsikere_HsnRdDPP_D (Karnataka),Tiptur_YTRd_D (Karnataka)
IND501359AAE>IND712311AAA,2,1.979167151030219,1.979167151030219,1035.5,Hyderabad_Shamshbd_H (Telangana),Kolkata_Dankuni_HB (West Bengal)
IND502295AAA>IND500050AAA,2,2.0,2.0,25.0,Sangareddy_Pothredy_D (Telangana),Patancheru_Ameenpur_I (Telangana)
IND176061AAA>IND160002AAC,2,3.014421093347086,3.014421093347086,562.5,Palampur_Cnsrvila_D (Himachal Pradesh),Chandigarh_Mehmdpur_H (Punjab)
IND400072AAB>IND400011AAA,2,3.7058823529411766,3.7058823529411766,46.0,Mumbai Hub (Maharashtra),LowerParel_CP (Maharashtra)
IND424304AAC>IND424006AAA,2,22.313662790697673,22.313662790697673,884.5,Sakri_DhuleRoad_D (Maharashtra),Dhule_MIDCAvdn_I (Maharashtra)
IND431203AAA>IND431136AAC,2,1.8796296296296298,1.8796296296296298,47.5,Jalna_BhgyaNgr_D (Maharashtra),Aurangabad_Central_H_1 (Maharashtra)
IND431717AAA>IND431603AAA,2,7.953918722786647,7.953918722786647,368.0,Degloor_Busstand_D (Maharashtra),Nanded_Aswningr_I (Maharashtra)
IND425412AAA>IND425406AAA,2,2.157285803627267,2.157285803627267,46.5,Nandurbar_DhuleRd_D (Maharashtra),Shindkheda_KakaCplx_D (Maharashtra)
IND244921AAB>IND243201AAA,2,2.1373626373626373,2.1373626373626373,46.5,Bilaspur_GrmNgriya_D (Uttar Pradesh),Baheri_HoliCDPP_D (Uttar Pradesh)
IND245101AAA>IND201007AAA,2,2.719795918367347,2.719795918367347,85.0,Hapur_Swargash_D (Uttar Pradesh),GZB_Mohan_Nagar_DPC (Uttar Pradesh)
IND504251AAA>IND504293AAA,2,2.305263157894737,2.305263157894737,47.5,Bellmpalli_BasthDPP_D (Telangana),Asifabad_PaikjNGR_D (Telangana)
IND504293AAA>IND504208AAB,2,1.3621753246753248,1.3621753246753248,20.0,Asifabad_PaikjNGR_D (Telangana),Mancherial_Hitech_D (Telangana)
IND700065AAA>IND700026AAC,2,2.1873065015479876,2.1873065015479876,21.5,CCU_Beliaghata_DPC (West Bengal),CCU_Lake Avenue_DPC (West Bengal)
IND403726AAA>IND575004AAB,2,1.9553017311775274,1.9553017311775274,299.0,Goa_Hub (Goa),Mangalore_Kuntikna_H (Karnataka)
IND400072AAB>IND421302AAS,2,4.4375,4.4375,82.5,Mumbai Hub (Maharashtra),Mumbai_East_L_23 (Maharashtra)
IND712602AAA>IND722154AAA,2,3.5,3.5,59.5,Arambag_BalibDPP_D (West Bengal),MirzapurWB_VidyaDPP_D (West Bengal)
IND152101AAA>IND152026AAA,2,2.2272727272727275,2.2272727272727275,40.5,Giddarbaha_DC (Punjab),Muktsar_DPC (Punjab)
IND160002AAC>IND176041AAA,2,1.4383332559111812,1.4383332559111812,91.0,Chandigarh_Mehmdpur_H (Punjab),Bhota_BpassDPP_D (Himachal Pradesh)
IND160002AAC>IND181152AAA,2,1.8603896103896105,1.8603896103896105,265.0,Chandigarh_Mehmdpur_H (Punjab),Jammu_TrnptNgr_L (Jammu & Kashmir)
IND826004AAA>IND828111AAA,2,2.409090909090909,2.409090909090909,15.5,Dhanbad_Kalynpur_I (Jharkhand),Dhanbad_Jharia_DC (Jharkhand)
IND282001AAC>IND000000ACB,2,1.7530120481927711,1.7530120481927711,125.0,Agra_Idgah_L (Uttar Pradesh),Gurgaon_Bilaspur_HB (Haryana)
IND305001AAC>IND342602AAC,2,1.9114583333333333,1.9114583333333333,87.5,Ajmer_FoySGRRD_I (Rajasthan),Bilara_Central_DPP_2 (Rajasthan)
IND811105AAA>IND803212AAB,2,2.7136479591836737,2.7136479591836737,83.0,Sheikhpura_Bgwtichk_D (Bihar),Bakhtiarpur_BypassRD_D (Bihar)
IND148023AAA>IND148001AAA,2,1.3408045977011493,1.3408045977011493,10.0,Malerkotla_DC (Punjab),Sangrur_DC (Punjab)
IND784168AAB>IND791111AAC,2,3.4400000000000004,3.4400000000000004,61.0,Gohpur_Central_D_1 (Assam),Itanagar_WageDPP_D (Arunachal Pradesh)
IND781018AAB>IND785001AAA,2,2.2180984933510186,2.2180984933510186,295.5,Guwahati_Hub (Assam),Jorhat_RicMilRd_D (Assam)
IND509124AAA>IND584101AAA,2,1.5,1.5,28.0,JoguGadwal_ColctrOf_D (Telangana),Raichur_LSRoad_DC (Karnataka)
IND507002AAA>IND508207AAB,2,1.9253731343283582,1.9253731343283582,62.0,Khammam_NSTRoad_I (Telangana),Miryalguda_Ragvendr_D (Telangana)
IND000000AFT>IND400706AAA,2,3.511111111111111,3.511111111111111,42.0,Mumbai_Sanpada_I (Maharashtra),Mumbai_Nerul_D (Maharashtra)
IND000000AFT>IND410206AAA,2,6.187179487179487,6.187179487179487,69.5,Mumbai_Sanpada_I (Maharashtra),Jasai_JNPT_D (Maharashtra)
IND793001AAA>IND793150AAA,2,2.3171497584541063,2.3171497584541063,60.0,Shillong (Meghalaya),Jowai_Ldthlabh_D (Meghalaya)
IND843126AAA>IND843109AAB,2,2.1346153846153846,2.1346153846153846,29.5,Saraiya_Wardno4_D (Bihar),Kanti_Central_DPP_2 (Bihar)
IND284403AAA>IND472001AAA,2,1.8555429864253394,1.8555429864253394,57.0,Lalitpur_RjghatRd_D (Uttar Pradesh),Tikamgarh_MndiRoad_D (Madhya Pradesh)
IND400706AAA>IND000000AFT,2,4.712121212121212,4.712121212121212,37.5,Mumbai_Nerul_D (Maharashtra),Mumbai_Sanpada_I (Maharashtra)
IND243301AAB>IND244901AAC,2,1.2823529411764705,1.2823529411764705,24.0,Aonla_KdidmCLY_D (Uttar Pradesh),Rampur_ThanaDPP_D (Uttar Pradesh)
IND125005AAA>IND335524AAA,2,1.6818181818181819,1.6818181818181819,113.5,Hisar_IndstlAr_I (Haryana),Rawatsar_ShivmDPP_D (Rajasthan)
IND501359AAE>IND503111AAC,2,1.7330607476635516,1.7330607476635516,77.5,Hyderabad_Shamshbd_H (Telangana),Kamareddy_Devenply_I (Telangana)
IND501359AAE>IND505001AAB,2,1.3827486615948155,1.3827486615948155,64.5,Hyderabad_Shamshbd_H (Telangana),Karimnagar_KamnHbRD_I (Telangana)
IND781354AAA>IND781335AAA,2,3.1333333333333333,3.1333333333333333,32.0,Rangia_HosptlRd_D (Assam),Nalbari_Bhgtpura_D (Assam)
IND783370AAB>IND783301AAA,2,2.127659574468085,2.127659574468085,53.0,Kokrajhar_HplrdDPP_D (Assam),Dhubri_Tetultol_D (Assam)
IND333504AAA>IND332713AAA,2,1.7542213883677298,1.7542213883677298,30.0,Khetri_NagarDPP_D (Rajasthan),NeemKaThana_War5DPP_D (Rajasthan)
IND334001AAB>IND334803AAA,2,1.8986105080330005,1.8986105080330005,43.5,Bikaner_DC (Rajasthan),Nokha_DeVDPP_D (Rajasthan)
IND788026AAC>IND788121AAA,2,4.023809523809524,4.023809523809524,63.5,Silchar_Sirikona_H (Assam),Kabuganj_Jantaclg_D (Assam)
IND785112AAC>IND785001AAA,2,15.085526315789474,15.085526315789474,272.5,Teok_Wardno3_D (Assam),Jorhat_RicMilRd_D (Assam)
IND785112AAC>IND785634AAA,2,3.2195402298850575,3.2195402298850575,66.0,Teok_Wardno3_D (Assam),Mariani_Mainroad_D (Assam)
IND110064AAA>IND110005AAA,2,2.6538461538461537,2.6538461538461537,19.5,Delhi_Mayapuri_PC (Delhi),Delhi_Todapur_DC (Delhi)
IND400072AAJ>IND400037AAA,2,9.0,9.0,96.0,Mumbai_Tejpal_I (Maharashtra),Mumbai Antop Hill (Maharashtra)
IND632006AAA>IND562132AAA,2,2.0274725274725274,2.0274725274725274,187.0,Vellore_GndhiNgr_IP (Tamil Nadu),Bangalore_Nelmngla_H (Karnataka)
IND422011AAD>IND423109AAA,2,1.7269298245614035,1.7269298245614035,55.0,Nashik_TgrniaRD_I (Maharashtra),Shirdi_SaiBansi_D (Maharashtra)
IND221313AAA>IND221010AAA,2,4.0625,4.0625,24.5,Varanasi_Central_H_4 (Uttar Pradesh),Varanasi (Uttar Pradesh)
IND842003AAB>IND484661AAE,2,1.824074074074074,1.824074074074074,89.0,Jabalpur_Adhartal_IP (Madhya Pradesh),Umaria_Central_DPP_3 (Madhya Pradesh)
IND842003AAB>IND487001AAA,2,1.9743547591648858,1.9743547591648858,76.0,Jabalpur_Adhartal_IP (Madhya Pradesh),Narsingpur_JrjolDPP_D (Madhya Pradesh)
IND843109AAB>IND842001AAA,2,2.65,2.65,16.5,Kanti_Central_DPP_2 (Bihar),Muzaffrpur_Bbganj_I (Bihar)
IND504296AAA>IND504293AAA,2,1.1,1.1,3.0,Kaghaznagar_Central_DPP_1 (Telangana),Asifabad_PaikjNGR_D (Telangana)
IND334001AAC>IND341001AAC,2,1.625,1.625,52.5,Bikaner_ITICollg_L (Rajasthan),Nagaur_KisanCo_D (Rajasthan)
IND784110AAA>IND784001AAA,2,2.8600000000000003,2.8600000000000003,46.5,Dhekiajuli_Wardno5_D (Assam),Tezpur_Mhbhirab_D (Assam)
IND505184AAC>IND505209AAA,2,0.8941375968992248,0.8941375968992248,-4.5,Manthani_Chaitnya_D (Telangana),Ramagundam_Pdmavati_D (Telangana)
IND184104AAA>IND181152AAB,2,1.3591549295774648,1.3591549295774648,25.5,Kathua_BOB_D (Jammu & Kashmir),Jammu_Central_I_1 (Jammu & Kashmir)
IND410505AAB>IND411033AAA,2,2.189230769230769,2.189230769230769,30.5,Rajgurunagar_Chakan_D (Maharashtra),Pune_Tathawde_H (Maharashtra)
IND411017AAA>IND412105AAC,2,2.8529411764705883,2.8529411764705883,31.5,PNQ Rahatani DPC (Maharashtra),Pune_North_D_3 (Maharashtra)
IND301001AAB>IND302014AAA,2,2.6730769230769234,2.6730769230769234,192.0,Alwar_Central_I_1 (Rajasthan),Jaipur_Hub (Rajasthan)
IND274509AAB>IND274402AAA,2,2.625170068027211,2.625170068027211,77.5,Salempur_Banjaria_D (Uttar Pradesh),Kushinagar_JiswlDPP_D (Uttar Pradesh)
IND275101AAA>IND275503AAA,2,4.136363636363637,4.136363636363637,34.5,Mau_BaliaMod_D (Uttar Pradesh),Ghosi_Jamalpur_D (Uttar Pradesh)
IND518002AAA>IND509103AAB,2,7.120689655172414,7.120689655172414,355.0,Kurnool_AbbasNgr_I (Andhra Pradesh),Wanaparthy_VallaDPP_D (Telangana)
IND232104AAB>IND233221AAC,2,2.7471719457013575,2.7471719457013575,90.5,Chandauli_ShubsNGR_D (Uttar Pradesh),Aunrihar_Central_D_1 (Uttar Pradesh)
IND122002AAD>IND122503AAA,2,2.285,2.285,28.5,Gurgaon_Central_D_15 (Haryana),Pataudi_DC (Haryana)
IND122503AAA>IND122001AAA,2,4.5997150997151,4.5997150997151,95.0,Pataudi_DC (Haryana),GGN_DPC (Haryana)
IND322201AAA>IND302014AAB,2,2.1960480433940335,2.1960480433940335,105.0,Gangapur_Ward6DPP_D (Rajasthan),Jaipur_Central_I_7 (Rajasthan)
IND332001AAB>IND333031AAA,2,2.267508865248227,2.267508865248227,120.0,Sikar_FatehpRd_I (Rajasthan),Pilani (Rajasthan)
IND506002AAA>IND506343AAA,2,1.5896825396825398,1.5896825396825398,21.0,Warangal_HunterRd_I (Telangana),Mulugu_LaxmiNGR_D (Telangana)
IND177101AAA>IND176001AAA,2,1.6966101694915254,1.6966101694915254,41.5,DehraGopipur_Central_D_1 (Himachal Pradesh),Kangra_Gurkhari_D (Himachal Pradesh)
IND505001AAB>IND503111AAC,2,1.388034188034188,1.388034188034188,35.0,Karimnagar_KamnHbRD_I (Telangana),Kamareddy_Devenply_I (Telangana)
IND332001AAB>IND333028AAA,2,1.4531046717918392,1.4531046717918392,42.0,Sikar_FatehpRd_I (Rajasthan),Sultana_Central_DPP_1 (Rajasthan)
IND786184AAA>IND786190AAA,2,1.9464285714285714,1.9464285714285714,25.5,Chabua_CollgeRD_D (Assam),DoomDooma_Pthrgoan_D (Assam)
IND410503AAA>IND410505AAB,2,4.108695652173913,4.108695652173913,71.5,Ambegaon_Manchar_D (Maharashtra),Rajgurunagar_Chakan_D (Maharashtra)
IND000000ACB>IND110052AAA,2,1.500324464633355,1.500324464633355,34.0,Gurgaon_Bilaspur_HB (Haryana),Delhi_Wazirpur_L (Delhi)
IND000000AAQ>IND700028AAB,2,6.071428571428571,6.071428571428571,71.0,Barasat_KrshnNgr_D (West Bengal),CCU_DumDum_DPC (West Bengal)
IND000000ACB>IND474003AAA,2,4.475174978127734,4.475174978127734,881.5,Gurgaon_Bilaspur_HB (Haryana),Gwalior_HrihrNgr_I (Madhya Pradesh)
IND274509AAB>IND274304AAA,2,2.208333333333333,2.208333333333333,57.5,Salempur_Banjaria_D (Uttar Pradesh),Kushinagar_KasyaDPP_D (Uttar Pradesh)
IND000000ACA>IND140406AAA,2,1.7567567567567568,1.7567567567567568,28.0,Ludhiana_MilrGanj_HB (Punjab),SirhindFatehgarh_DC (Punjab)
IND273014AAB>IND273304AAA,2,3.0081967213114753,3.0081967213114753,122.5,Gorakhpur_Matriprm_IP (Uttar Pradesh),Nichlaul_Wardno13_D (Uttar Pradesh)
IND173212AAA>IND134102AAA,2,3.8484848484848486,3.8484848484848486,94.0,Solan_MohanPrk_D (Himachal Pradesh),Kalka_Pinjore_DC (Haryana)
IND854105AAA>IND853204AAA,2,2.4876923076923076,2.4876923076923076,76.0,Katihar_Shyndco_D (Bihar),Naugchia_Vijayght_D (Bihar)
IND854326AAB>IND854105AAA,2,4.854166666666666,4.854166666666666,68.0,Purnia_Central_H_2 (Bihar),Katihar_Shyndco_D (Bihar)
IND144601AAA>IND144001AAA,2,2.0018382352941178,2.0018382352941178,16.5,Kapurthala_DC (Punjab),Jalandhar_DC (Punjab)
IND562132AAA>IND560066AAB,2,2.3488372093023258,2.3488372093023258,58.0,Bangalore_Nelmngla_H (Karnataka),Bengaluru_Whitefld_L (Karnataka)
IND695012AAA>IND695101AAB,2,2.4230769230769234,2.4230769230769234,37.0,Trivandrum_Mnanthla_H (Kerala),Attingal_Central_D_2 (Kerala)
IND700026AAC>IND700065AAA,2,1.5952380952380953,1.5952380952380953,11.5,CCU_Lake Avenue_DPC (West Bengal),CCU_Beliaghata_DPC (West Bengal)
IND686540AAA>IND686028AAB,2,1.945906432748538,1.945906432748538,17.5,Karukachal_MnimlaRd_D (Kerala),Kottayam_Central_H_1 (Kerala)
IND413517AAA>IND431717AAA,2,2.8998257839721253,2.8998257839721253,79.0,Udgir_NlgaonRd_D (Maharashtra),Degloor_Busstand_D (Maharashtra)
IND560099AAG>IND560099AAB,2,1.8035714285714286,1.8035714285714286,10.5,Bengaluru_Bomsndra_L (Karnataka),Bengaluru_Bomsndra_HB (Karnataka)
IND500039AAB>IND501301AAC,2,2.325,2.325,12.0,Hyd_Uppal_Dc (Telangana),Ghatkesar_Central_D_1 (Telangana)
IND758034AAA>IND757037AAA,2,2.05,2.05,94.5,Joda_Central_D_1 (Orissa),Karanjia_Sarubali_D (Orissa)
IND754022AAA>IND751002AAB,2,2.2413273001508296,2.2413273001508296,64.0,Tangi_SriDPP_D (Orissa),Bhubaneshwar_Hub (Orissa)
IND754142AAA>IND754211AAA,2,2.9696296296296296,2.9696296296296296,50.5,Paradip_Udyabata_D (Orissa),Kendrpara_Kapleswr_D (Orissa)
IND132103AAB>IND132001AAA,2,1.496969696969697,1.496969696969697,15.5,Panipat_PC (Haryana),Karnal (Haryana)
IND562108AAA>IND572101AAA,2,2.928765880217786,2.928765880217786,111.0,Gauribidanur_Gurukrpa_D (Karnataka),Tumkur_Veersagr_I (Karnataka)
IND321001AAB>IND321401AAB,2,1.847902097902098,1.847902097902098,55.5,Bharatpur_NraynDPP_D (Rajasthan),Bayana_LalBagh_D (Rajasthan)
IND173220AAA>IND174103AAA,2,2.628571428571429,2.628571428571429,31.0,Parwanoo_Central_D_1 (Himachal Pradesh),Baddi_ByePass_D (Himachal Pradesh)
IND523201AAA>IND523002AAA,2,6.242456896551724,6.242456896551724,161.5,Addanki_Oilmilrd_D (Andhra Pradesh),Ongole_SubhVRTL_I (Andhra Pradesh)
IND124112AAA>IND125001AAA,2,2.816161616161616,2.816161616161616,81.0,Meham_GModDPP_D (Haryana),Hisar_ModelTwn_P (Haryana)
IND124112AAA>IND125005AAA,2,2.4507246376811596,2.4507246376811596,66.0,Meham_GModDPP_D (Haryana),Hisar_IndstlAr_I (Haryana)
IND411048AAA>IND411014AAA,2,4.8125,4.8125,61.0,Pune_East_D_8 (Maharashtra),PNQ Vadgaon Sheri DPC (Maharashtra)
IND221313AAA>IND276128AAA,2,10.247669977081742,10.247669977081742,750.0,Varanasi_Central_H_4 (Uttar Pradesh),Azamgarh_ChtwrDPP_D (Uttar Pradesh)
IND221401AAA>IND221303AAA,2,2.71875,2.71875,27.5,Bhadohi_Rajpura_D (Uttar Pradesh),Gopiganj_Wardno13_D (Uttar Pradesh)
IND243001AAA>IND244901AAB,2,2.022222222222222,2.022222222222222,46.0,Bareilly_Central_D_2 (Uttar Pradesh),Rampur_RoshnBgh_I (Uttar Pradesh)
IND854335AAA>IND854326AAB,1,3.262295081967213,3.262295081967213,138.0,Narpatganj_Central_DPP_1 (Bihar),Purnia_Central_H_2 (Bihar)
IND852118AAA>IND852111AAA,1,3.7,3.7,81.0,Forbesganj_JhumanCk_D (Bihar),Simrahi_Bazar_D (Bihar)
IND852118A1B>IND854326AAB,1,3.0588235294117645,3.0588235294117645,105.0,,Purnia_Central_H_2 (Bihar)
IND852113AAA>IND852201AAA,1,3.9411764705882355,3.9411764705882355,50.0,Madhepura_Krishnpr_D (Bihar),Saharsa_Gangjala_D (Bihar)
IND852111AAA>IND854335AAA,1,1.5,1.5,8.0,Simrahi_Bazar_D (Bihar),Narpatganj_Central_DPP_1 (Bihar)
IND854311AAA>IND854326AAB,1,6.34375,6.34375,171.0,Araria_Wardn13_D (Bihar),Purnia_Central_H_2 (Bihar)
IND852201AAA>IND854326AAB,1,5.6125,5.6125,369.0,Saharsa_Gangjala_D (Bihar),Purnia_Central_H_2 (Bihar)
IND852201AAA>IND852131AAA,1,2.375,2.375,44.0,Saharsa_Gangjala_D (Bihar),Supaul_SadrHsptl_D (Bihar)
IND000000AAZ>IND444303AAA,1,4.0,4.0,120.0,Buldhana_Thsil3PL_D (Maharashtra),Khamgaon_WamanDPP_D (Maharashtra)
IND173220AAA>IND173212AAA,1,3.53125,3.53125,81.0,Parwanoo_Central_D_1 (Himachal Pradesh),Solan_MohanPrk_D (Himachal Pradesh)
IND173212AAA>IND174103AAA,1,3.375,3.375,114.0,Solan_MohanPrk_D (Himachal Pradesh),Baddi_ByePass_D (Himachal Pradesh)
IND173212AAA>IND160002AAC,1,2.0105263157894737,2.0105263157894737,96.0,Solan_MohanPrk_D (Himachal Pradesh),Chandigarh_Mehmdpur_H (Punjab)
IND531116AAA>IND531001AAA,1,1.5348837209302326,1.5348837209302326,23.0,Narsiptnm_Wardno8_D (Andhra Pradesh),Anakapalle_Kothuru_D (Andhra Pradesh)
IND532001AAB>IND532201AAA,1,2.5609756097560976,2.5609756097560976,64.0,Srikakulam_Kuslpram_I (Andhra Pradesh),Tekkali_AmvdiDPP_D (Andhra Pradesh)
IND530012AAA>IND531036AAA,1,2.9722222222222223,2.9722222222222223,71.0,Visakhapatnam_Gajuwaka_IP (Andhra Pradesh),Chodavaram_BaljiDPP_D (Andhra Pradesh)
IND530012AAA>IND764020AAC,1,4.2631578947368425,4.2631578947368425,496.0,Visakhapatnam_Gajuwaka_IP (Andhra Pradesh),Koraput_GhtimDPP_D (Orissa)
IND530012AAC>IND501359AAE,1,2.250574712643678,2.250574712643678,544.0,Vizag_Gajuwaka_L (Andhra Pradesh),Hyderabad_Shamshbd_H (Telangana)
IND532222AAA>IND532001AAB,1,3.1587301587301586,3.1587301587301586,136.0,Palasa_Central_DPP_1 (Andhra Pradesh),Srikakulam_Kuslpram_I (Andhra Pradesh)
IND533106AAA>IND533201AAA,1,2.7011494252873565,2.7011494252873565,148.0,Rajamundry_AtoNgrRd_I (Andhra Pradesh),Amalapuram_Vijdurg_D (Andhra Pradesh)
IND530018AAA>IND531162AAA,1,4.375,4.375,27.0,Vizag _NAD (Andhra Pradesh),Vishakhapatnam (Andhra Pradesh)
IND530043AAA>IND530012AAA,1,5.9523809523809526,5.9523809523809526,104.0,Visakhapatnam_VislkNgr_DC (Andhra Pradesh),Visakhapatnam_Gajuwaka_IP (Andhra Pradesh)
IND531001AAA>IND530012AAA,1,8.636363636363637,8.636363636363637,168.0,Anakapalle_Kothuru_D (Andhra Pradesh),Visakhapatnam_Gajuwaka_IP (Andhra Pradesh)
IND521225AAB>IND521185AAA,1,2.0454545454545454,2.0454545454545454,46.0,Vijayawada_Rynapadu_H (Andhra Pradesh),Nandigama_Chndrlpd_D (Andhra Pradesh)
IND523002AAA>IND523105AAA,1,4.785714285714286,4.785714285714286,159.0,Ongole_SubhVRTL_I (Andhra Pradesh),Kandukur_LICOffce_D (Andhra Pradesh)
IND523002AAA>IND523316AAB,1,2.225,2.225,98.0,Ongole_SubhVRTL_I (Andhra Pradesh),Markapur_VidyaNgr_D (Andhra Pradesh)
IND841405AAA>IND841301AAC,1,2.4594594594594597,2.4594594594594597,108.0,Barauli_SiwanRd_D (Bihar),
IND000000ADM>IND683511AAA,1,3.3076923076923075,3.3076923076923075,60.0,Cochin_Kdvantra_D (Kerala),Aluva_Peedika_H (Kerala)
IND283203AAA>IND282002AAD,1,2.1142857142857143,2.1142857142857143,39.0,Firozabad_Sudmpuri_D (Uttar Pradesh),
IND411033AAA>IND413501AAA,1,2.7452830188679247,2.7452830188679247,370.0,Pune_Tathawde_H (Maharashtra),Osmanabad_Kakdepot_D (Maharashtra)
IND403726AAB>IND403507AAB,1,0.9302325581395349,0.9302325581395349,-3.0,Goa_ZuariNgr_IP (Goa),Goa_Mapusa (Goa)
IND673632AAA>IND673104AAA,1,1.2380952380952381,1.2380952380952381,15.0,Kozhikode_Central_H_4 (Kerala),Vadakara_Mandodi_D (Kerala)
IND414302AAB>IND412210AAC,1,1.736842105263158,1.736842105263158,14.0,Parner_Hindcwk_D (Maharashtra),Shirur_Central_DPP_3 (Maharashtra)
IND226004AAA>IND226024AAA,1,2.6923076923076925,2.6923076923076925,22.0,Lucknow_Hub (Uttar Pradesh),Lucknow_Aliganj (Uttar Pradesh)
IND671323AAD>IND000000ACO,1,1.5625,1.5625,18.0,Manjeshwar_Central_D_1 (Kerala),Kasaragod_Nullipad_D (Kerala)
IND673027AAB>IND673104AAA,1,5.523076923076923,5.523076923076923,294.0,Kozhikode_Feroke_H (Kerala),Vadakara_Mandodi_D (Kerala)
IND673592AAA>IND670645AAB,1,3.5,3.5,95.0,SultnBthry_Kollgpra_D (Kerala),Mananthavady_Central_D_1 (Kerala)
IND415709AAA>IND416122AAA,1,1.7341040462427746,1.7341040462427746,127.0,Khed_Mahad_D (Maharashtra),Kolhapur_Central_H_2 (Maharashtra)
IND416122AAA>IND395023AAA,1,1.888655462184874,1.888655462184874,423.0,Kolhapur_Central_H_2 (Maharashtra),Surat_HUB (Gujarat)
IND676509AAA>IND678583AAA,1,1.1818181818181819,1.1818181818181819,6.0,Malappuram_Munduprm_D (Kerala),Thachnttukra_Nattukal_D (Kerala)
IND411033AAB>IND411057AAF,1,5.266666666666667,5.266666666666667,64.0,Pune_Chinchwad DC (Maharashtra),Pune_East_D_7 (Maharashtra)
IND221313AAA>IND222136AAA,1,18.35,18.35,694.0,Varanasi_Central_H_4 (Uttar Pradesh),Jalalpur_Mhimapur_D (Uttar Pradesh)
IND222001AAA>IND222136AAA,1,2.9166666666666665,2.9166666666666665,23.0,Jaunpur_Katghara_D (Uttar Pradesh),Jalalpur_Mhimapur_D (Uttar Pradesh)
IND222125AAB>IND222001AAA,1,2.7777777777777777,2.7777777777777777,32.0,Badlapur_Bhaluahi_D (Uttar Pradesh),Jaunpur_Katghara_D (Uttar Pradesh)
IND243002AAA>IND243503AAB,1,2.185185185185185,2.185185185185185,32.0,Bareilly (Uttar Pradesh),Faridpur_ShjnprRD_D (Uttar Pradesh)
IND695582AAA>IND691574AAA,1,1.6666666666666667,1.6666666666666667,26.0,Kazhakkoottam_Rdiosttn_D (Kerala),Kalluvathukal_Pariplly_D (Kerala)
IND686028AAB>IND686632AAA,1,6.095238095238095,6.095238095238095,107.0,Kottayam_Central_H_1 (Kerala),Kothanalloor_Majoor_D (Kerala)
IND686507AAA>IND686540AAA,1,1.6538461538461537,1.6538461538461537,17.0,Parakkdavu_KeRoad_D (Kerala),Karukachal_MnimlaRd_D (Kerala)
IND686513AAA>IND686507AAA,1,2.8,2.8,18.0,Mundakayam_Central_D_1 (Kerala),Parakkdavu_KeRoad_D (Kerala)
IND686632AAA>IND686141AAA,1,2.5,2.5,30.0,Kothanalloor_Majoor_D (Kerala),Vaikom_KotyamRD_D (Kerala)
IND413307AAC>IND413002AAA,1,2.828125,2.828125,117.0,Sangola_Central_DPP_3 (Maharashtra),Solapur_Central_I_2 (Maharashtra)
IND413501AAA>IND411033AAA,1,2.2180094786729856,2.2180094786729856,257.0,Osmanabad_Kakdepot_D (Maharashtra),Pune_Tathawde_H (Maharashtra)
IND413517AAA>IND431603AAA,1,3.1294117647058823,3.1294117647058823,181.0,Udgir_NlgaonRd_D (Maharashtra),Nanded_Aswningr_I (Maharashtra)
IND641062AAD>IND642001AAA,1,1.5818181818181818,1.5818181818181818,32.0,Coimbatore_Karayam_H (Tamil Nadu),Pollachi_Venkatsa_DC (Tamil Nadu)
IND642001AAA>IND642126AAA,1,1.5161290322580645,1.5161290322580645,16.0,Pollachi_Venkatsa_DC (Tamil Nadu),Udumalpet_Artclgrd_D (Tamil Nadu)
IND639104AAB>IND620012AAA,1,1.5,1.5,22.0,Kulithalai_AnnaNGR_D (Tamil Nadu),Tiruchi_Manikndm_H (Tamil Nadu)
IND641008AAA>IND641011AAA,1,2.3333333333333335,2.3333333333333335,20.0,Cjb_Kovaipudur_Dc (Tamil Nadu),Cjb_West_Dc (Tamil Nadu)
IND689503AAB>IND683511AAA,1,2.25,2.25,150.0,Manthuka_Central_D_1 (Kerala),Aluva_Peedika_H (Kerala)
IND690537AAA>IND689503AAB,1,2.0714285714285716,2.0714285714285716,30.0,Kayamkulam_Bhrnikvu_D (Kerala),Manthuka_Central_D_1 (Kerala)
IND121004AAB>IND121002AAA,1,2.909090909090909,2.909090909090909,21.0,FBD_Balabhgarh_DPC (Haryana),Faridabad_Old (Haryana)
IND122001AAA>IND110037AAM,1,3.8666666666666667,3.8666666666666667,43.0,GGN_DPC (Haryana),Delhi_Airport_H (Delhi)
IND421302AAG>IND400078AAB,1,2.4615384615384617,2.4615384615384617,19.0,Bhiwandi_Mankoli_HB (Maharashtra),Mumbai_Bhandup West_Dc (Maharashtra)
IND242001AAA>IND242307AAB,1,6.230769230769231,6.230769230769231,68.0,Shahjhnpur_NavdaCln_D (Uttar Pradesh),Tilhar_SingCLNY_D (Uttar Pradesh)
IND403002AAA>IND403726AAB,1,3.1666666666666665,3.1666666666666665,52.0,Central Goa (Goa),Goa_ZuariNgr_IP (Goa)
IND403507AAB>IND403726AAB,1,4.613636363636363,4.613636363636363,159.0,Goa_Mapusa (Goa),Goa_ZuariNgr_IP (Goa)
IND110064AAA>IND110046AAA,1,3.0,3.0,30.0,Delhi_Mayapuri_PC (Delhi),Delhi_Lajwanti (Delhi)
IND110077AAA>IND110043AAA,1,1.3333333333333333,1.3333333333333333,5.0,Delhi_Palam (Delhi),Delhi_Nangli_IP (Delhi)
IND110083AAA>IND110085AAB,1,2.9411764705882355,2.9411764705882355,33.0,Delhi_Mangol_DC (Delhi),Delhi_Rohini_DPC (Delhi)
IND110085AAB>IND110085AAA,1,2.076923076923077,2.076923076923077,14.0,Delhi_Rohini_DPC (Delhi),North Delhi (Delhi)
IND691001AAB>IND690573AAA,1,1.0810810810810811,1.0810810810810811,3.0,Kollam_Central_H_1 (Kerala),Karungaply_Mrtrklgr_D (Kerala)
IND691001AAB>IND695012AAA,1,1.34375,1.34375,22.0,Kollam_Central_H_1 (Kerala),Trivandrum_Mnanthla_H (Kerala)
IND691305AAA>IND691551AAA,1,4.0,4.0,81.0,Punalur_PostofJN_D (Kerala),Adoor_Town_D (Kerala)
IND695101AAB>IND695012AAA,1,10.73076923076923,10.73076923076923,253.0,Attingal_Central_D_2 (Kerala),Trivandrum_Mnanthla_H (Kerala)
IND695121AAA>IND695541AAA,1,1.6363636363636365,1.6363636363636365,21.0,Neyatinkra_Arlumodu_D (Kerala),Nedumangad_Arsprmbu_D (Kerala)
IND695541AAA>IND695012AAA,1,3.1333333333333333,3.1333333333333333,32.0,Nedumangad_Arsprmbu_D (Kerala),Trivandrum_Mnanthla_H (Kerala)
IND695541AAA>IND695572AAB,1,1.3181818181818181,1.3181818181818181,7.0,Nedumangad_Arsprmbu_D (Kerala),Kallikkad_Mutyvila_D (Kerala)
IND695572AAB>IND000000AFJ,1,1.6923076923076923,1.6923076923076923,18.0,Kallikkad_Mutyvila_D (Kerala),Trivandrum_Pettah_D (Kerala)
IND110037AAM>IND282001AAC,1,2.1059602649006623,2.1059602649006623,167.0,Delhi_Airport_H (Delhi),Agra_Idgah_L (Uttar Pradesh)
IND110037AAM>IND282002AAD,1,1.966887417218543,1.966887417218543,146.0,Delhi_Airport_H (Delhi),
IND700053AAA>IND700136AAB,1,2.5517241379310347,2.5517241379310347,45.0,CCU_New Alipore_DPC (West Bengal),CCU_Hub (West Bengal)
IND232104AAB>IND221010AAB,1,2.4,2.4,42.0,Chandauli_ShubsNGR_D (Uttar Pradesh),Varanasi_MahmurGj_IP (Uttar Pradesh)
IND232104AAB>IND232327AAA,1,2.5714285714285716,2.5714285714285716,99.0,Chandauli_ShubsNGR_D (Uttar Pradesh),Gahmar_Wardnor4_D (Uttar Pradesh)
IND233001AAA>IND275503AAA,1,3.4523809523809526,3.4523809523809526,103.0,Ghazipur_Kaithwal_D (Uttar Pradesh),Ghosi_Jamalpur_D (Uttar Pradesh)
IND122001AAA>IND122050AAA,1,4.724137931034483,4.724137931034483,108.0,GGN_DPC (Haryana),Gurgaon_Manesar (Haryana)
IND122001AAA>IND122101AAC,1,1.375,1.375,6.0,GGN_DPC (Haryana),Gurgaon_SohnaRd_D (Haryana)
IND122004AAA>IND000000ACB,1,1.6176470588235294,1.6176470588235294,21.0,Gurgaon_Begumpur_CP (Haryana),Gurgaon_Bilaspur_HB (Haryana)
IND636005AAA>IND636005AAC,1,5.083333333333333,5.083333333333333,49.0,Salem_Kadtmpty_H (Tamil Nadu),Salem_Kadtmpty_D (Tamil Nadu)
IND636016AAA>IND636402AAA,1,3.813953488372093,3.813953488372093,121.0,Salem (Tamil Nadu),Mettur_RTOroad_D (Tamil Nadu)
IND211010AAB>IND211002AAB,1,4.0,4.0,18.0,Allahabad_Mirapati_L (Uttar Pradesh),Allahabad_Central_H_1 (Uttar Pradesh)
IND221010AAA>IND221005A1A,1,4.166666666666667,4.166666666666667,38.0,Varanasi (Uttar Pradesh),
IND221010AAB>IND222001AAA,1,2.731707317073171,2.731707317073171,71.0,Varanasi_MahmurGj_IP (Uttar Pradesh),Jaunpur_Katghara_D (Uttar Pradesh)
IND221010AAB>IND232101AAB,1,27.0,27.0,546.0,Varanasi_MahmurGj_IP (Uttar Pradesh),MughalSarai_Central_D_2 (Uttar Pradesh)
IND421302AAG>IND160002AAC,1,1.888695652173913,1.888695652173913,1022.0,Bhiwandi_Mankoli_HB (Maharashtra),Chandigarh_Mehmdpur_H (Punjab)
IND110095AAB>IND000000ACB,1,1.5211267605633803,1.5211267605633803,37.0,Delhi_Jhilmil_L (Delhi),Gurgaon_Bilaspur_HB (Haryana)
IND403702AAA>IND581314AAA,1,1.476923076923077,1.476923076923077,31.0,Canacona_CharRsta_D (Goa),Ankola_Kakrmath_D (Karnataka)
IND403726AAA>IND581400AAB,1,1.908256880733945,1.908256880733945,99.0,Goa_Hub (Goa),Mallapur_ShtDRDPP_D (Karnataka)
IND400072AAB>IND401104AAB,1,3.466666666666667,3.466666666666667,37.0,Mumbai Hub (Maharashtra),Mumbai_MiraRoad_M (Maharashtra)
IND400072AAI>IND000000AFS,1,9.416666666666666,9.416666666666666,101.0,Mumbai_Chndivli_D (Maharashtra),Mumbai_Skynet_INT (Maharashtra)
IND700136AAB>IND712311AAA,1,5.535714285714286,5.535714285714286,127.0,CCU_Hub (West Bengal),Kolkata_Dankuni_HB (West Bengal)
IND631501AAA>IND600056AAB,1,48.5,48.5,1615.0,Kanchipuram_DC (Tamil Nadu),MAA_Poonamallee_HB (Tamil Nadu)
IND421302AAR>IND421302AAF,1,4.235294117647059,4.235294117647059,55.0,Mumbai_East_I_21 (Maharashtra),Mumbai_Kalyan (Maharashtra)
IND422011AAD>IND413709AAA,1,1.9696969696969697,1.9696969696969697,96.0,Nashik_TgrniaRD_I (Maharashtra),Shrirampur_DavkharRd_D (Maharashtra)
IND422103AAC>IND423601AAA,1,2.0,2.0,42.0,Sinnar_Central_D_1 (Maharashtra),Kopargaon_NkshtrPz_D (Maharashtra)
IND221313AAA>IND221401AAA,1,16.714285714285715,16.714285714285715,550.0,Varanasi_Central_H_4 (Uttar Pradesh),Bhadohi_Rajpura_D (Uttar Pradesh)
IND423109AAA>IND423701AAB,1,2.6153846153846154,2.6153846153846154,42.0,Shirdi_SaiBansi_D (Maharashtra),Vaijiapur_YeolaRD_D (Maharashtra)
IND424006AAA>IND423105AAA,1,4.205882352941177,4.205882352941177,109.0,Dhule_MIDCAvdn_I (Maharashtra),Malegaon_Rawlgaon_D (Maharashtra)
IND712103AAA>IND712124AAA,1,2.3636363636363638,2.3636363636363638,15.0,Hoogly_Bandel_D (West Bengal),Hooghly_DC (West Bengal)
IND712310AAE>IND711409AAA,1,1.1875,1.1875,3.0,Kolkata_North_I_4 (West Bengal),Howrah_Salap_DC (West Bengal)
IND712310AAE>IND712103AAA,1,3.533333333333333,3.533333333333333,76.0,Kolkata_North_I_4 (West Bengal),Hoogly_Bandel_D (West Bengal)
IND110037AAM>IND781018AAB,1,2.5083459787556905,2.5083459787556905,1988.0,Delhi_Airport_H (Delhi),Guwahati_Hub (Assam)
IND110043AAC>IND000000ACB,1,1.6206896551724137,1.6206896551724137,36.0,Delhi_Nangli_L (Delhi),Gurgaon_Bilaspur_HB (Haryana)
IND400701AAA>IND400705AAA,1,3.6666666666666665,3.6666666666666665,40.0,Mumbai_Ghansoli_DC (Maharashtra),Mumbai_Sanpada_CP (Maharashtra)
IND401104AAA>IND401209AAA,1,2.761904761904762,2.761904761904762,37.0,Mumbai_MiraRd_IP (Maharashtra),Mumbai_Virar_DC (Maharashtra)
IND401209AAB>IND421302AAG,1,2.4571428571428573,2.4571428571428573,51.0,Mumbai_Vasai_CP (Maharashtra),Bhiwandi_Mankoli_HB (Maharashtra)
IND712311AAA>IND712310AAE,1,1.6666666666666667,1.6666666666666667,8.0,Kolkata_Dankuni_HB (West Bengal),Kolkata_North_I_4 (West Bengal)
IND424006AAA>IND425401AAA,1,1.7714285714285714,1.7714285714285714,27.0,Dhule_MIDCAvdn_I (Maharashtra),Amalner_Murtingr_D (Maharashtra)
IND632301AAA>IND632006AAA,1,4.636363636363637,4.636363636363637,120.0,Arani_KrthiKyn_D (Tamil Nadu),Vellore_GndhiNgr_IP (Tamil Nadu)
IND635207AAA>IND635802AAB,1,3.803921568627451,3.803921568627451,143.0,Uthangarai_RgstrOFC_D (Tamil Nadu),Ambur_Central_D_2 (Tamil Nadu)
IND635601AAB>IND635207AAA,1,3.125,3.125,34.0,Tiruppattur_KoilStrt_D (Tamil Nadu),Uthangarai_RgstrOFC_D (Tamil Nadu)
IND125005AAA>IND335523AAB,1,2.6050420168067228,2.6050420168067228,191.0,Hisar_IndstlAr_I (Haryana),Nohar_Central_DPP_2 (Rajasthan)
IND425109AAA>IND424201AAA,1,1.35,1.35,14.0,Erandol_BsStdDPP_D (Maharashtra),Pachora_PcrrdDPP_D (Maharashtra)
IND425401AAA>IND425109AAA,1,1.5483870967741935,1.5483870967741935,17.0,Amalner_Murtingr_D (Maharashtra),Erandol_BsStdDPP_D (Maharashtra)
IND425405AAA>IND425409AAA,1,2.3137254901960786,2.3137254901960786,67.0,Shirpur_KrantiNgr_D (Maharashtra),Shahada_Nandrbar_D (Maharashtra)
IND110092AAC>IND110093AAA,1,3.25,3.25,36.0,Delhi_Patparganj_DPC (Delhi),Delhi_Shahdara (Delhi)
IND110093AAA>IND110092AAC,1,3.2222222222222223,3.2222222222222223,40.0,Delhi_Shahdara (Delhi),Delhi_Patparganj_DPC (Delhi)
IND712311AAA>IND821115AAB,1,1.6878048780487804,1.6878048780487804,282.0,Kolkata_Dankuni_HB (West Bengal),Sasaram_Central_I_2 (Bihar)
IND712406AAA>IND712612AAA,1,2.577777777777778,2.577777777777778,71.0,Khanakul_Ramnagar_D (West Bengal),Kamarpukur_ChatiDPP_D (West Bengal)
IND425406AAA>IND425409AAA,1,2.3142857142857145,2.3142857142857145,46.0,Shindkheda_KakaCplx_D (Maharashtra),Shahada_Nandrbar_D (Maharashtra)
IND425409AAA>IND424006AAA,1,12.08108108108108,12.08108108108108,820.0,Shahada_Nandrbar_D (Maharashtra),Dhule_MIDCAvdn_I (Maharashtra)
IND425409AAA>IND424304AAC,1,2.2028985507246377,2.2028985507246377,83.0,Shahada_Nandrbar_D (Maharashtra),Sakri_DhuleRoad_D (Maharashtra)
IND422605AAA>IND423109AAA,1,3.6222222222222222,3.6222222222222222,118.0,Sangamner_JawanChk_D (Maharashtra),Shirdi_SaiBansi_D (Maharashtra)
IND423105AAA>IND423106AAA,1,1.3529411764705883,1.3529411764705883,12.0,Malegaon_Rawlgaon_D (Maharashtra),Manmad_Malegaon_D (Maharashtra)
IND423109AAA>IND413709AAA,1,1.7857142857142858,1.7857142857142858,22.0,Shirdi_SaiBansi_D (Maharashtra),Shrirampur_DavkharRd_D (Maharashtra)
IND627005AAA>IND629001AAA,1,2.0142857142857142,2.0142857142857142,71.0,Tirunelveli_VdkkuSrt_I (Tamil Nadu),Nagarcoil_AsrplmRd_DC (Tamil Nadu)
IND625218AAA>IND624703AAA,1,3.365079365079365,3.365079365079365,149.0,Vadipatti_lalaNGR_D (Tamil Nadu),Gujiliam_Parai_D (Tamil Nadu)
IND625532AAA>IND685514AAA,1,1.6590909090909092,1.6590909090909092,87.0,Usilampatti_MrutiNGR_D (Tamil Nadu),Kattappana_Palikval_D (Kerala)
IND431131AAB>IND431603AAA,1,8.135135135135135,8.135135135135135,792.0,Majalgaon_SmbjiCwk_D (Maharashtra),Nanded_Aswningr_I (Maharashtra)
IND207123AAA>IND202001AAB,1,8.098039215686274,8.098039215686274,362.0,Kasganj_BnkrGate_D (Uttar Pradesh),Aligarh_KhirByps_I (Uttar Pradesh)
IND424006AAA>IND452001AAC,1,2.9722222222222223,2.9722222222222223,142.0,Dhule_MIDCAvdn_I (Maharashtra),Jalgaon_DC (Maharashtra)
IND424101AAA>IND431103AAA,1,1.625,1.625,15.0,Chalisgaon_BhadgDPP_D (Maharashtra),Kannad_KolheDPP_D (Maharashtra)
IND712602AAA>IND712311AAA,1,5.206896551724138,5.206896551724138,244.0,Arambag_BalibDPP_D (West Bengal),Kolkata_Dankuni_HB (West Bengal)
IND400072AAA>IND421302AAG,1,4.0,4.0,63.0,Mumbai_Tejpal_M (Maharashtra),Bhiwandi_Mankoli_HB (Maharashtra)
IND400072AAB>IND400015AAB,1,2.9411764705882355,2.9411764705882355,33.0,Mumbai Hub (Maharashtra),Mumbai_CotnGren_M (Maharashtra)
IND424201AAA>IND424006AAA,1,10.552238805970148,10.552238805970148,640.0,Pachora_PcrrdDPP_D (Maharashtra),Dhule_MIDCAvdn_I (Maharashtra)
IND125001AAA>IND125051AAA,1,3.3492063492063493,3.3492063492063493,148.0,Hisar_ModelTwn_P (Haryana),Ratia_SchdvDPP_D (Haryana)
IND125001AAA>IND335501AAA,1,7.949367088607595,7.949367088607595,549.0,Hisar_ModelTwn_P (Haryana),Bhadra_GMndiDPP_D (Rajasthan)
IND431603AAA>IND413517AAA,1,2.7976190476190474,2.7976190476190474,151.0,Nanded_Aswningr_I (Maharashtra),Udgir_NlgaonRd_D (Maharashtra)
IND431603AAA>IND431401AAA,1,3.5254237288135593,3.5254237288135593,149.0,Nanded_Aswningr_I (Maharashtra),Parbhani_Rjndrngr_D (Maharashtra)
IND441206AAB>IND441603AAA,1,2.746268656716418,2.746268656716418,117.0,Brahmapuri_DhnliRth_D (Maharashtra),Chamorshi_Central_DPP_1 (Maharashtra)
IND425409AAA>IND425412AAA,1,2.066666666666667,2.066666666666667,32.0,Shahada_Nandrbar_D (Maharashtra),Nandurbar_DhuleRd_D (Maharashtra)
IND425412AAA>IND424006AAA,1,13.835443037974683,13.835443037974683,1014.0,Nandurbar_DhuleRd_D (Maharashtra),Dhule_MIDCAvdn_I (Maharashtra)
IND425412AAA>IND424304AAC,1,2.125,2.125,45.0,Nandurbar_DhuleRd_D (Maharashtra),Sakri_DhuleRoad_D (Maharashtra)
IND244901AAC>IND244921AAB,1,1.75,1.75,18.0,Rampur_ThanaDPP_D (Uttar Pradesh),Bilaspur_GrmNgriya_D (Uttar Pradesh)
IND244921AAB>IND262001AAA,1,2.0240963855421685,2.0240963855421685,85.0,Bilaspur_GrmNgriya_D (Uttar Pradesh),Pilibhit_ViksClny_D (Uttar Pradesh)
IND713205AAB>IND722101AAB,1,5.62,5.62,231.0,Durgapur_Central_I_1 (West Bengal),Bankura_NapitDPP_D (West Bengal)
IND713205AAB>IND722122AAA,1,2.557142857142857,2.557142857142857,109.0,Durgapur_Central_I_1 (West Bengal),Bishnupur_StnRdDPP_D (West Bengal)
IND713205AAB>IND723133AAA,1,2.591549295774648,2.591549295774648,113.0,Durgapur_Central_I_1 (West Bengal),Rghunthpur_barkarRd_D (West Bengal)
IND400016AAB>IND400072AAB,1,5.0,5.0,48.0,Mumbai_MhimWest_C (Maharashtra),Mumbai Hub (Maharashtra)
IND721253AAC>IND721501AAC,1,1.7849462365591398,1.7849462365591398,73.0,ChandroknaRD_Central_DPP_3 (West Bengal),AmaDubi_Bulabeda_D (West Bengal)
IND624703AAA>IND624619AAA,1,1.3125,1.3125,15.0,Gujiliam_Parai_D (Tamil Nadu),Oddnchtram_Palani_D (Tamil Nadu)
IND625008AAA>IND625516AAA,1,1.25,1.25,30.0,Madurai_Kappalur_H (Tamil Nadu),Cumbum_LFRoad_D (Tamil Nadu)
IND625008AAA>IND685514AAA,1,1.4733727810650887,1.4733727810650887,80.0,Madurai_Kappalur_H (Tamil Nadu),Kattappana_Palikval_D (Kerala)
IND443201AAA>IND000000AAZ,1,6.25,6.25,84.0,Chikhli_KKndrDPP_D (Maharashtra),Buldhana_Thsil3PL_D (Maharashtra)
IND444005AAB>IND000000AAZ,1,5.2,5.2,315.0,Akola_Gaurkshn_I (Maharashtra),Buldhana_Thsil3PL_D (Maharashtra)
IND445101AAA>IND440014AAA,1,4.2105263157894735,4.2105263157894735,61.0,Nagpur_Gondkhry_H (Maharashtra),Nagpur_Jaripatk_DC (Maharashtra)
IND431136AAC>IND431112AAB,1,3.9649122807017543,3.9649122807017543,169.0,Aurangabad_Central_H_1 (Maharashtra),Sillod_ZebaTWR_D (Maharashtra)
IND621112AAA>IND620012AAA,1,6.458333333333333,6.458333333333333,131.0,Tiruchi_Samyaprm_D (Tamil Nadu),Tiruchi_Manikndm_H (Tamil Nadu)
IND721306AAA>IND721253AAC,1,3.238095238095238,3.238095238095238,94.0,Kharagpur_DC (West Bengal),ChandroknaRD_Central_DPP_3 (West Bengal)
IND713130AAA>IND741126AAB,1,3.6666666666666665,3.6666666666666665,184.0,Katwa_BSarani_D (West Bengal),Nakashipara_MaxDPP_D (West Bengal)
IND713145AAB>IND741101AAB,1,2.088235294117647,2.088235294117647,37.0,Manteswar_MemariRD_D (West Bengal),Krishnanagar_AnadiDPP_D (West Bengal)
IND244713AAA>IND244715AAA,1,1.25,1.25,9.0,Kashipur_Vaishali_D (Uttarakhand),Ramnagar_BhwniGnj_D (Uttarakhand)
IND244715AAA>IND263401AAA,1,1.360655737704918,1.360655737704918,22.0,Ramnagar_BhwniGnj_D (Uttarakhand),Kashipur_BajprDPP_D (Uttarakhand)
IND244901AAB>IND243201AAA,1,2.9365079365079363,2.9365079365079363,122.0,Rampur_RoshnBgh_I (Uttar Pradesh),Baheri_HoliCDPP_D (Uttar Pradesh)
IND396191AAC>IND396210AAA,1,3.909090909090909,3.909090909090909,32.0,Vapi_IndEstat_I (Gujarat),Daman_DC (Daman & Diu)
IND244901AAB>IND243503AAB,1,5.3076923076923075,5.3076923076923075,280.0,Rampur_RoshnBgh_I (Uttar Pradesh),Faridpur_ShjnprRD_D (Uttar Pradesh)
IND461001AAA>IND461111AAA,1,4.785714285714286,4.785714285714286,53.0,Hoshangabad_MnRDDPP_D (Madhya Pradesh),Itarsi_DivrsnRd_D (Madhya Pradesh)
IND205001AAB>IND110037AAM,1,3.3189655172413794,3.3189655172413794,538.0,Mainpuri_Agraroad_I (Uttar Pradesh),Delhi_Airport_H (Delhi)
IND441603AAA>IND442605AAA,1,1.8333333333333333,1.8333333333333333,20.0,Chamorshi_Central_DPP_1 (Maharashtra),Gadchiroli_Central_DPP_1 (Maharashtra)
IND462021AAA>IND462001AAA,1,6.7272727272727275,6.7272727272727275,63.0,Bhopal_Indrapri_DC (Madhya Pradesh),Bhopal_Old City (Madhya Pradesh)
IND464001AAA>IND464221AAA,1,1.8421052631578947,1.8421052631578947,48.0,Vidisha_ShrprDPP_D (Madhya Pradesh),GanjBasoda_MnRDDPP_D (Madhya Pradesh)
IND464221AAA>IND470004AAA,1,1.6538461538461537,1.6538461538461537,85.0,GanjBasoda_MnRDDPP_D (Madhya Pradesh),Sagar_Bahreya_I (Madhya Pradesh)
IND722140AAA>IND723130AAA,1,19.130434782608695,19.130434782608695,1251.0,Khatra_KoralDPP_D (West Bengal),Hura_Central_D_1 (West Bengal)
IND722154AAA>IND712311AAA,1,5.162790697674419,5.162790697674419,358.0,MirzapurWB_VidyaDPP_D (West Bengal),Kolkata_Dankuni_HB (West Bengal)
IND722154AAA>IND712602AAA,1,2.0714285714285716,2.0714285714285716,30.0,MirzapurWB_VidyaDPP_D (West Bengal),Arambag_BalibDPP_D (West Bengal)
IND722202AAA>IND713205AAB,1,2.7058823529411766,2.7058823529411766,29.0,Barjora_Central_DPP_1 (West Bengal),Durgapur_Central_I_1 (West Bengal)
IND721134AAB>IND712310AAE,1,2.9074074074074074,2.9074074074074074,103.0,Kolaghat_Central_DPP_2 (West Bengal),Kolkata_North_I_4 (West Bengal)
IND721139AAC>IND721636AAB,1,2.857142857142857,2.857142857142857,65.0,Panskura_Central_D_3 (West Bengal),Tamluk_Central_DPP_2 (West Bengal)
IND400015AAA>IND421302AAG,1,3.7586206896551726,3.7586206896551726,80.0,Mumbai_CottonGreen_DPC (Maharashtra),Bhiwandi_Mankoli_HB (Maharashtra)
IND400016AAA>IND400015AAA,1,1.8,1.8,8.0,Mumbai Mahim (Maharashtra),Mumbai_CottonGreen_DPC (Maharashtra)
IND733202AAB>IND733210AAA,1,1.3225806451612903,1.3225806451612903,10.0,Islampure_ShbdnDPP_D (West Bengal),Lodhan_GoalpDPP_D (West Bengal)
IND110037AAM>IND110092AAC,1,2.193548387096774,2.193548387096774,37.0,Delhi_Airport_H (Delhi),Delhi_Patparganj_DPC (Delhi)
IND110037AAM>IND125001AAA,1,4.015037593984962,4.015037593984962,401.0,Delhi_Airport_H (Delhi),Hisar_ModelTwn_P (Haryana)
IND732103AAB>IND732123AAC,1,4.015384615384615,4.015384615384615,196.0,Malda_Central_I_3 (West Bengal),Chanchal_BargaDPP_D (West Bengal)
IND732123AAC>IND732139AAA,1,1.3529411764705883,1.3529411764705883,6.0,Chanchal_BargaDPP_D (West Bengal),Samsi_RatuaDPP_D (West Bengal)
IND125047AAB>IND125050AAA,1,2.7142857142857144,2.7142857142857144,60.0,Hisar_AgrohDPP_D (Haryana),Fatehabad_SirsaDPP_D (Haryana)
IND125104AAA>IND125005AAA,1,2.5871559633027523,2.5871559633027523,173.0,Sirsa_AnprnDPP_D (Haryana),Hisar_IndstlAr_I (Haryana)
IND470004AAA>IND462022AAA,1,2.126984126984127,2.126984126984127,142.0,Sagar_Bahreya_I (Madhya Pradesh),Bhopal_Trnsport_H (Madhya Pradesh)
IND470004AAA>IND470117AAA,1,2.1777777777777776,2.1777777777777776,53.0,Sagar_Bahreya_I (Madhya Pradesh),Khurai_Talaiya_D (Madhya Pradesh)
IND470113AAA>IND470227AAB,1,1.6727272727272726,1.6727272727272726,74.0,Bina_Srvdycwk_D (Madhya Pradesh),Rehli_Ward7DPP_D (Madhya Pradesh)
IND205001AAB>IND209625AAA,1,2.6779661016949152,2.6779661016949152,99.0,Mainpuri_Agraroad_I (Uttar Pradesh),Farrukhbad_Pnchlght_D (Uttar Pradesh)
IND732139AAA>IND732103AAB,1,5.346938775510204,5.346938775510204,213.0,Samsi_RatuaDPP_D (West Bengal),Malda_Central_I_3 (West Bengal)
IND732139AAA>IND732123AAC,1,1.3157894736842106,1.3157894736842106,6.0,Samsi_RatuaDPP_D (West Bengal),Chanchal_BargaDPP_D (West Bengal)
IND721501AAC>IND721306AAA,1,1.9090909090909092,1.9090909090909092,80.0,AmaDubi_Bulabeda_D (West Bengal),Kharagpur_DC (West Bengal)
IND722101AAB>IND713205AAB,1,1.5555555555555556,1.5555555555555556,25.0,Bankura_NapitDPP_D (West Bengal),Durgapur_Central_I_1 (West Bengal)
IND396191AAC>IND395023AAA,1,2.3421052631578947,2.3421052631578947,102.0,Vapi_IndEstat_I (Gujarat),Surat_HUB (Gujarat)
IND733102AAA>IND732103AAB,1,3.075,3.075,166.0,Balurghat_AkhirDPP_D (West Bengal),Malda_Central_I_3 (West Bengal)
IND391110AAD>IND390022AAA,1,3.8823529411764706,3.8823529411764706,98.0,Dabhoi_Central_DPP_3 (Gujarat),Vadodara_Karelibaug_DPC (Gujarat)
IND205001AAB>IND283203AAA,1,4.689655172413793,4.689655172413793,214.0,Mainpuri_Agraroad_I (Uttar Pradesh),Firozabad_Sudmpuri_D (Uttar Pradesh)
IND603203AAA>IND600048AAA,1,1.6666666666666667,1.6666666666666667,8.0,Chennai_Potheri (Tamil Nadu),Chennai_Vandalur_Dc (Tamil Nadu)
IND474003AAA>IND328001AAA,1,1.373134328358209,1.373134328358209,25.0,Gwalior_HrihrNgr_I (Madhya Pradesh),Dholpur_GtRoad_D (Rajasthan)
IND474003AAA>IND473551AAA,1,1.4338235294117647,1.4338235294117647,59.0,Gwalior_HrihrNgr_I (Madhya Pradesh),Shivpuri_BypassRD_D (Madhya Pradesh)
IND474003AAA>IND475661AAB,1,2.8253968253968256,2.8253968253968256,115.0,Gwalior_HrihrNgr_I (Madhya Pradesh),Datia_TownDPP_D (Madhya Pradesh)
IND476001AAA>IND476111AAA,1,2.2083333333333335,2.2083333333333335,29.0,Morena_Prjapati_D (Madhya Pradesh),Ambah_MrenTirh_D (Madhya Pradesh)
IND477001AAA>IND474003AAA,1,3.3636363636363638,3.3636363636363638,130.0,Bhind_BhrolDPP_D (Madhya Pradesh),Gwalior_HrihrNgr_I (Madhya Pradesh)
IND465333A1B>IND462022AAA,1,1.2524271844660195,1.2524271844660195,26.0,,Bhopal_Trnsport_H (Madhya Pradesh)
IND395010AAB>IND395023AAA,1,1.4375,1.4375,7.0,Surat_Brpc (Gujarat),Surat_HUB (Gujarat)
IND388320AAA>IND388220AAA,1,2.0,2.0,22.0,Anand_Vaghasi_IP (Gujarat),Umreth_Dakor_DC (Gujarat)
IND390018AAB>IND390020AAA,1,2.0,2.0,12.0,Vadodara_Karelibaug_DC (Gujarat),Vadodara (Gujarat)
IND390020AAA>IND390018AAB,1,3.3636363636363638,3.3636363636363638,26.0,Vadodara (Gujarat),Vadodara_Karelibaug_DC (Gujarat)
IND733140AAA>IND732103AAA,1,2.8545454545454545,2.8545454545454545,102.0,Gangarampr_FulbaDPP_D (West Bengal),Malda_krshnPly_DC (West Bengal)
IND733201AAA>IND733202AAB,1,2.0,2.0,42.0,Dalkhola_DltprDPP_D (West Bengal),Islampure_ShbdnDPP_D (West Bengal)
IND388320AAA>IND388121AAA,1,4.25,4.25,39.0,Anand_Vaghasi_IP (Gujarat),Anand_VUNagar_DC (Gujarat)
IND251201AAA>IND131028AAB,1,6.303030303030303,6.303030303030303,525.0,Khatauli_TilakNgr_D (Uttar Pradesh),Sonipat_Kundli_H (Haryana)
IND251201AAA>IND250002AAA,1,1.9024390243902438,1.9024390243902438,37.0,Khatauli_TilakNgr_D (Uttar Pradesh),Meerut (Uttar Pradesh)
IND262001AAA>IND244901AAB,1,1.8271604938271604,1.8271604938271604,67.0,Pilibhit_ViksClny_D (Uttar Pradesh),Rampur_RoshnBgh_I (Uttar Pradesh)
IND246761AAA>IND244601AAB,1,1.2291666666666667,1.2291666666666667,11.0,Dhampur_NaginaRD_D (Uttar Pradesh),Thakurdwara_Fathuluh_D (Uttar Pradesh)
IND246761AAA>IND244901AAB,1,1.221311475409836,1.221311475409836,27.0,Dhampur_NaginaRD_D (Uttar Pradesh),Rampur_RoshnBgh_I (Uttar Pradesh)
IND465333A1B>IND465333AAA,1,0.6388888888888888,0.6388888888888888,-26.0,,Shujalpur_AstrdDPP_D (Madhya Pradesh)
IND600073AAA>IND603203AAA,1,1.9166666666666667,1.9166666666666667,11.0,Chennai_Selaiyur_DC (Tamil Nadu),Chennai_Potheri (Tamil Nadu)
IND600110AAA>IND600056AAD,1,2.263157894736842,2.263157894736842,48.0,Chennai_Madhavaram_L (Tamil Nadu),Chennai_Poonamallee_L (Tamil Nadu)
IND131028AAB>IND248001AAD,1,1.8726415094339623,1.8726415094339623,185.0,Sonipat_Kundli_H (Haryana),Dehradun_Nirjanpur_L (Uttarakhand)
IND131028AAB>IND249407AAA,1,1.8666666666666667,1.8666666666666667,156.0,Sonipat_Kundli_H (Haryana),Haridwar (Uttarakhand)
IND384205AAA>IND385001AAA,1,2.7419354838709675,2.7419354838709675,108.0,Mehsana_Panchot_IP (Gujarat),Palanpur_DC (Gujarat)
IND384265AAB>IND385340AAB,1,3.0434782608695654,3.0434782608695654,94.0,Patan_Central_D_2 (Gujarat),Radhanpur_Santalpr_D (Gujarat)
IND733202AAC>IND733210AAA,1,2.1538461538461537,2.1538461538461537,30.0,Islampure_Central_DPP_2 (West Bengal),Lodhan_GoalpDPP_D (West Bengal)
IND741101AAB>IND741502AAB,1,2.6666666666666665,2.6666666666666665,20.0,Krishnanagar_AnadiDPP_D (West Bengal),Hanskhali_Central_D_1 (West Bengal)
IND741121AAA>IND741201AAC,1,2.789473684210526,2.789473684210526,34.0,Badkulla_Central_DPP_1 (West Bengal),Ranaghat_ArickDPP_D (West Bengal)
IND384205AAA>IND382430AAB,1,1.869047619047619,1.869047619047619,73.0,Mehsana_Panchot_IP (Gujarat),Ahmedabad_East_H_1 (Gujarat)
IND370001AAA>IND370201AAA,1,6.4772727272727275,6.4772727272727275,241.0,Bhuj_DC (Gujarat),Gandhidham_Sector1A_IP (Gujarat)
IND370110AAA>IND370615AAB,1,2.095890410958904,2.095890410958904,80.0,Anjar_DC (Gujarat),Nakhatrana_ClgRDDPP_D (Gujarat)
IND370201AAA>IND363310AAB,1,1.6900584795321638,1.6900584795321638,118.0,Gandhidham_Sector1A_IP (Gujarat),Dhrangadhra_NvygRDPP_D (Gujarat)
IND742101AAC>IND742202AAA,1,2.566666666666667,2.566666666666667,94.0,Baharampur_Chuanpur_I (West Bengal),Dhulian_RatanDPP_D (West Bengal)
IND484224AAA>IND484446AAA,1,0.96875,0.96875,-2.0,Anuppur_JthriDPP_DC (Madhya Pradesh),Dola_ChainDPP_D (Madhya Pradesh)
IND484551AAA>IND484001AAA,1,2.0384615384615383,2.0384615384615383,27.0,PaliBirsighpr_CtyLgDPP_D (Madhya Pradesh),Shahdol_Sohagpur_D (Madhya Pradesh)
IND131028AAB>IND250002AAA,1,1.8082191780821917,1.8082191780821917,59.0,Sonipat_Kundli_H (Haryana),Meerut (Uttar Pradesh)
IND600048AAA>IND600044AAD,1,2.5,2.5,15.0,Chennai_Vandalur_Dc (Tamil Nadu),Chennai_Chrompet_DPC (Tamil Nadu)
IND591307AAC>IND580030AAA,1,2.4343434343434343,2.4343434343434343,142.0,Gokak_Bsavangr_D (Karnataka),Hubli_Dc (Karnataka)
IND742102AAB>IND742121AAB,1,10.243243243243244,10.243243243243244,342.0,Berhampore_Central_I_2 (West Bengal),Nowda_ArhamDPP_D (West Bengal)
IND742121AAB>IND742101AAC,1,3.388888888888889,3.388888888888889,86.0,Nowda_ArhamDPP_D (West Bengal),Baharampur_Chuanpur_I (West Bengal)
IND110037AAM>IND131028AAB,1,2.210526315789474,2.210526315789474,69.0,Delhi_Airport_H (Delhi),Sonipat_Kundli_H (Haryana)
IND110037AAM>IND226004AAC,1,1.8293333333333333,1.8293333333333333,311.0,Delhi_Airport_H (Delhi),Lucknow_Pandriba_L (Uttar Pradesh)
IND384355AAB>IND384205AAA,1,2.2903225806451615,2.2903225806451615,40.0,Vadnagar_BsstdDPP_D (Gujarat),Mehsana_Panchot_IP (Gujarat)
IND387620AAB>IND389230AAB,1,2.1846153846153844,2.1846153846153844,77.0,Kapadvanj_Busstand_D (Gujarat),Lunawada_VrdhriRD_D (Gujarat)
IND752056AAA>IND751002AAB,1,1.894736842105263,1.894736842105263,17.0,Khurdha_MdhsnDPP_D (Orissa),Bhubaneshwar_Hub (Orissa)
IND742149AAA>IND742225AAA,1,4.1,4.1,124.0,Murshidabad_Sirjudol_D (West Bengal),Ragunthgnj_GopalDPP_D (West Bengal)
IND742202AAA>IND732103AAA,1,4.722222222222222,4.722222222222222,134.0,Dhulian_RatanDPP_D (West Bengal),Malda_krshnPly_DC (West Bengal)
IND591201AAA>IND586101AAB,1,1.7301587301587302,1.7301587301587302,92.0,Chikodi_IndraNgr_D (Karnataka),Bijapur_Central_D_2 (Karnataka)
IND131028AAE>IND124507AAA,1,1.7333333333333334,1.7333333333333334,33.0,Sonipat_Central_D_2 (Haryana),Bahadurgarh_DC (Haryana)
IND132001AAA>IND132103AAA,1,3.1470588235294117,3.1470588235294117,73.0,Karnal (Haryana),Panipat (Haryana)
IND600008AAC>IND600004AAA,1,2.357142857142857,2.357142857142857,19.0,Chennai_Egmore_DPC (Tamil Nadu),Chennai_Mylapore (Tamil Nadu)
IND600016AAC>IND600056AAB,1,2.242424242424242,2.242424242424242,41.0,Chennai_Perungudi_DPC (Tamil Nadu),MAA_Poonamallee_HB (Tamil Nadu)
IND600032AAB>IND600008AAC,1,6.0,6.0,40.0,Chennai_Hub (Tamil Nadu),Chennai_Egmore_DPC (Tamil Nadu)
IND485771AAA>IND486001AAA,1,2.1333333333333333,2.1333333333333333,51.0,Maihar_MngalDPP_D (Madhya Pradesh),Rewa_Dc (Madhya Pradesh)
IND485771AAA>IND486771AAA,1,5.285714285714286,5.285714285714286,390.0,Maihar_MngalDPP_D (Madhya Pradesh),Churhat_Central_DPP_1 (Madhya Pradesh)
IND742101AAC>IND741123AAB,1,4.375,4.375,270.0,Baharampur_Chuanpur_I (West Bengal),Chapra_NagarDPP_D (West Bengal)
IND380005AAA>IND382430AAB,1,3.0,3.0,46.0,Amd_Chandkheda_Dc (Gujarat),Ahmedabad_East_H_1 (Gujarat)
IND250221AAA>IND251201AAA,1,3.125,3.125,34.0,Daurala_Sardhnrd_D (Uttar Pradesh),Khatauli_TilakNgr_D (Uttar Pradesh)
IND382430AAB>IND387620AAB,1,2.0377358490566038,2.0377358490566038,55.0,Ahmedabad_East_H_1 (Gujarat),Kapadvanj_Busstand_D (Gujarat)
IND383315AAC>IND384205AAA,1,1.3608247422680413,1.3608247422680413,35.0,Modasa_Central_D_1 (Gujarat),Mehsana_Panchot_IP (Gujarat)
IND756019AAA>IND757041AAA,1,1.140625,1.140625,9.0,Balasore_Ganeshwr_D (Orissa),Udala_NagplDPP_D (Orissa)
IND756029AAA>IND712311AAA,1,1.8026315789473684,1.8026315789473684,122.0,Basta_Central_DPP_1 (Orissa),Kolkata_Dankuni_HB (West Bengal)
IND756045AAB>IND756019AAA,1,1.6875,1.6875,11.0,Soro_UttarDPP_D (Orissa),Balasore_Ganeshwr_D (Orissa)
IND756100AAC>IND756045AAB,1,1.1627906976744187,1.1627906976744187,7.0,Bhadrak_Central_I_2 (Orissa),Soro_UttarDPP_D (Orissa)
IND756100AAC>IND757037AAA,1,1.6638655462184875,1.6638655462184875,79.0,Bhadrak_Central_I_2 (Orissa),Karanjia_Sarubali_D (Orissa)
IND363641AAA>IND360002AAB,1,1.8208955223880596,1.8208955223880596,55.0,Morbi_DC (Gujarat),Rajkot_PedakRd_P (Gujarat)
IND364290AAA>IND365560AAB,1,2.1724137931034484,2.1724137931034484,34.0,Bhavnagar_Mahuva_DC (Gujarat),Amreli_Rajula_DC (Gujarat)
IND263153AAB>IND263401AAA,1,2.5384615384615383,2.5384615384615383,60.0,Rudrapur_UdhamNgr_H (Uttarakhand),Kashipur_BajprDPP_D (Uttarakhand)
IND263153AAB>IND263645AAA,1,1.1886792452830188,1.1886792452830188,30.0,Rudrapur_UdhamNgr_H (Uttarakhand),Ranikhet_Subhash_D (Uttarakhand)
IND263401AAA>IND244713AAA,1,2.409090909090909,2.409090909090909,31.0,Kashipur_BajprDPP_D (Uttarakhand),Kashipur_Vaishali_D (Uttarakhand)
IND751015AAA>IND752050AAA,1,1.6363636363636365,1.6363636363636365,7.0,Bhubaneshwar_Nayapalli (Orissa),Khurdha_JatniDPP_D (Orissa)
IND751021AAA>IND751002AAB,1,3.2,3.2,22.0,Bhubaneswar_Patia (Orissa),Bhubaneshwar_Hub (Orissa)
IND752030AAA>IND754022AAA,1,1.6818181818181819,1.6818181818181819,15.0,Balugaon_Thikiri_D (Orissa),Tangi_SriDPP_D (Orissa)
IND752050AAA>IND752056AAA,1,2.3333333333333335,2.3333333333333335,8.0,Khurdha_JatniDPP_D (Orissa),Khurdha_MdhsnDPP_D (Orissa)
IND752055AAA>IND751002AAB,1,1.9230769230769231,1.9230769230769231,24.0,Khurdha_MunplDPP_D (Orissa),Bhubaneshwar_Hub (Orissa)
IND752055AAA>IND752050AAA,1,1.0,1.0,0.0,Khurdha_MunplDPP_D (Orissa),Khurdha_JatniDPP_D (Orissa)
IND758034AAA>IND756100AAC,1,2.0552147239263805,2.0552147239263805,172.0,Joda_Central_D_1 (Orissa),Bhadrak_Central_I_2 (Orissa)
IND758034AAA>IND758001AAA,1,2.127659574468085,2.127659574468085,53.0,Joda_Central_D_1 (Orissa),Kendujhar_Sirjudin_D (Orissa)
IND758035AAA>IND758001AAA,1,1.7142857142857142,1.7142857142857142,35.0,Barbil_PunjbiPd_D (Orissa),Kendujhar_Sirjudin_D (Orissa)
IND759122AAC>IND767017AAA,1,1.7466666666666666,1.7466666666666666,112.0,Angul_Central_I_2 (Orissa),Sonepur_BrezeDPP_D (Orissa)
IND754103AAA>IND754142AAA,1,2.185185185185185,2.185185185185185,64.0,Jagatsghpr_Markndpr_D (Orissa),Paradip_Udyabata_D (Orissa)
IND754160AAA>IND754142AAA,1,2.0,2.0,28.0,Tirtol_Central_D_2 (Orissa),Paradip_Udyabata_D (Orissa)
IND754202AAA>IND751002AAB,1,3.2580645161290325,3.2580645161290325,70.0,Cuttack_SliprDPP_DC (Orissa),Bhubaneshwar_Hub (Orissa)
IND581402AAA>IND577201AAA,1,1.75,1.75,96.0,Sirsi_Vidygiri_D (Karnataka),Shimoga_DC (Karnataka)
IND493445AAB>IND490023AAA,1,14.40983606557377,14.40983606557377,818.0,Mahasamund_RajpurRD_D (Chhattisgarh),Durg_Bhilai_DC (Chhattisgarh)
IND495004AAA>IND495671AAA,1,2.558139534883721,2.558139534883721,67.0,Bilaspur_Torwa_DC (Chhattisgarh),Champa_Brplicwk_D (Chhattisgarh)
IND500008AAC>IND500084AAB,1,2.736842105263158,2.736842105263158,33.0,Hyderabad_Tolichwk_I (Telangana),Hyderabad_Kondapur_D (Telangana)
IND484661AAE>IND484551AAA,1,3.3333333333333335,3.3333333333333335,49.0,Umaria_Central_DPP_3 (Madhya Pradesh),PaliBirsighpr_CtyLgDPP_D (Madhya Pradesh)
IND754211AAA>IND754202AAA,1,2.606060606060606,2.606060606060606,53.0,Kendrpara_Kapleswr_D (Orissa),Cuttack_SliprDPP_DC (Orissa)
IND756019AAA>IND756029AAA,1,1.3157894736842106,1.3157894736842106,6.0,Balasore_Ganeshwr_D (Orissa),Basta_Central_DPP_1 (Orissa)
IND756019AAA>IND756032AAA,1,1.5277777777777777,1.5277777777777777,19.0,Balasore_Ganeshwr_D (Orissa),Jaleswar_NaturDPP_D (Orissa)
IND756019AAA>IND757001AAA,1,2.608695652173913,2.608695652173913,74.0,Balasore_Ganeshwr_D (Orissa),Baripada_KalikDPP_D (Orissa)
IND767001AAA>IND762001AAA,1,2.2,2.2,144.0,Balangir_Rjndpara_D (Orissa),Phulbani_Krusphrma_D (Orissa)
IND767017AAA>IND767001AAA,1,2.4285714285714284,2.4285714285714284,50.0,Sonepur_BrezeDPP_D (Orissa),Balangir_Rjndpara_D (Orissa)
IND768004AAD>IND768028AAB,1,2.53125,2.53125,49.0,Sambalpur_Central_H_2 (Orissa),Bargarh_GurpdDPP_D (Orissa)
IND768028AAA>IND767001AAA,1,0.8456375838926175,0.8456375838926175,-23.0,Bargarh_JJCpxDPP_D (Orissa),Balangir_Rjndpara_D (Orissa)
IND583227AAA>IND583201AAA,1,2.4838709677419355,2.4838709677419355,46.0,Gangavathi_PhrmPlza_D (Karnataka),Hospet (Karnataka)
IND584101AAA>IND518002AAA,1,3.802197802197802,3.802197802197802,255.0,Raichur_LSRoad_DC (Karnataka),Kurnool_AbbasNgr_I (Andhra Pradesh)
IND584123AAA>IND584128AAA,1,1.4444444444444444,1.4444444444444444,16.0,Manvi_APMCYard_D (Karnataka),Sindhanur_VasaviNg_D (Karnataka)
IND131028AAB>IND250002AAC,1,5.625,5.625,333.0,Sonipat_Kundli_H (Haryana),
IND131028AAB>IND250609AAA,1,2.9545454545454546,2.9545454545454546,43.0,Sonipat_Kundli_H (Haryana),Baghpat_Barout_D (Uttar Pradesh)
IND140401AAA>IND147301AAA,1,1.4782608695652173,1.4782608695652173,11.0,Rajpura_DC (Punjab),Mandi_Gobindgarh_DC (Punjab)
IND500010AAA>IND500055AAA,1,1.8235294117647058,1.8235294117647058,14.0,Hyderabad_Alwal_I (Telangana),Hyd_Trimulgherry_Dc (Telangana)
IND500010AAA>IND501401AAC,1,3.8,3.8,42.0,Hyderabad_Alwal_I (Telangana),Medchal_MROoffce_D (Telangana)
IND500035AAA>IND500039AAC,1,2.75,2.75,21.0,Hyd_LB-Nagar_Dc (Telangana),Hyderabad_Uppal_I (Telangana)
IND757024AAA>IND756019AAA,1,2.6774193548387095,2.6774193548387095,104.0,Sankerko_AmbkaDPP_D (Orissa),Balasore_Ganeshwr_D (Orissa)
IND757037AAA>IND758001AAA,1,1.880952380952381,1.880952380952381,37.0,Karanjia_Sarubali_D (Orissa),Kendujhar_Sirjudin_D (Orissa)
IND757041AAA>IND757001AAA,1,1.7619047619047619,1.7619047619047619,32.0,Udala_NagplDPP_D (Orissa),Baripada_KalikDPP_D (Orissa)
IND764020AAC>IND764001AAC,1,2.25,2.25,15.0,Koraput_GhtimDPP_D (Orissa),Jeypore_Kelasahi_D (Orissa)
IND263153AAB>IND244713AAA,1,3.7358490566037736,3.7358490566037736,145.0,Rudrapur_UdhamNgr_H (Uttarakhand),Kashipur_Vaishali_D (Uttarakhand)
IND342602AAC>IND306304AAB,1,2.1627906976744184,2.1627906976744184,50.0,Bilara_Central_DPP_2 (Rajasthan),Raipur_BypRDDPP_D (Rajasthan)
IND361305AAC>IND361335AAA,1,1.5932203389830508,1.5932203389830508,35.0,Khambhalia_JdswarRD_D (Gujarat),Dwarka_StnRoad_DC (Gujarat)
IND361335AAA>IND360002AAB,1,1.3368983957219251,1.3368983957219251,63.0,Dwarka_StnRoad_DC (Gujarat),Rajkot_PedakRd_P (Gujarat)
IND345001AAA>IND342301AAA,1,1.75,1.75,90.0,Jaisalmer_Gopa3PL_D (Rajasthan),Phalodi_PalikDPP_D (Rajasthan)
IND491001AAA>IND494334AAB,1,1.439252336448598,1.439252336448598,47.0,Durg_Pulgaon_DC (Chhattisgarh),Kanker_KrisnKunj_D (Chhattisgarh)
IND581314AAA>IND581334AAA,1,1.5178571428571428,1.5178571428571428,29.0,Ankola_Kakrmath_D (Karnataka),Honnavar_Prbhtngr_D (Karnataka)
IND581320AAA>IND575004AAB,1,2.3333333333333335,2.3333333333333335,148.0,Bhatkal_KmkshBul_D (Karnataka),Mangalore_Kuntikna_H (Karnataka)
IND581334AAA>IND581320AAA,1,1.5161290322580645,1.5161290322580645,16.0,Honnavar_Prbhtngr_D (Karnataka),Bhatkal_KmkshBul_D (Karnataka)
IND577432AAA>IND577126AAA,1,2.1,2.1,22.0,Thirthahalli_NadthiCx_D (Karnataka),Koppa_Sangetha_D (Karnataka)
IND500055AAA>IND501401AAC,1,2.0588235294117645,2.0588235294117645,18.0,Hyd_Trimulgherry_Dc (Telangana),Medchal_MROoffce_D (Telangana)
IND501101AAB>IND501359AAE,1,1.9285714285714286,1.9285714285714286,52.0,Vikarabad_Central_DPP_2 (Telangana),Hyderabad_Shamshbd_H (Telangana)
IND501359AAE>IND000000ACB,1,2.1486146095717884,2.1486146095717884,1368.0,Hyderabad_Shamshbd_H (Telangana),Gurgaon_Bilaspur_HB (Haryana)
IND360311AAA>IND360050AAA,1,1.3777777777777778,1.3777777777777778,17.0,Gondal_DC (Gujarat),Jasdan_MotiDPP_D (Gujarat)
IND360370AAA>IND360410AAA,1,2.4615384615384617,2.4615384615384617,19.0,Jetpur_DC (Gujarat),Dhoraji_JmnvadRd_DC (Gujarat)
IND574117AAA>IND576201AAA,1,3.0238095238095237,3.0238095238095237,85.0,Uchila_Busstand_D (Karnataka),Kundapura_DC (Karnataka)
IND574211AAA>IND574216AAA,1,2.892857142857143,2.892857142857143,53.0,Bantwal_Trmltmpl_D (Karnataka),Dhrmsthala_Beltngdi_D (Karnataka)
IND201001AAC>IND000000ACB,1,2.4705882352941178,2.4705882352941178,125.0,Ghaziabad_Central_L_8 (Uttar Pradesh),Gurgaon_Bilaspur_HB (Haryana)
IND201005AAA>IND201007AAA,1,3.2857142857142856,3.2857142857142856,32.0,Ghaziabad_RjndrNgr_DC (Uttar Pradesh),GZB_Mohan_Nagar_DPC (Uttar Pradesh)
IND201007AAA>IND201007AAB,1,5.368421052631579,5.368421052631579,83.0,GZB_Mohan_Nagar_DPC (Uttar Pradesh),Ghaziabad_MohanNgr_C (Uttar Pradesh)
IND500055AAA>IND500010AAA,1,2.933333333333333,2.933333333333333,29.0,Hyd_Trimulgherry_Dc (Telangana),Hyderabad_Alwal_I (Telangana)
IND201306AAA>IND201304AAA,1,11.6,11.6,159.0,Noida_Surajpur_DC (Uttar Pradesh),Noida_Sec-83_DC (Uttar Pradesh)
IND202001AAB>IND110037AAM,1,2.0846153846153848,2.0846153846153848,141.0,Aligarh_KhirByps_I (Uttar Pradesh),Delhi_Airport_H (Delhi)
IND134203AAA>IND160002AAC,1,3.324324324324324,3.324324324324324,86.0,Naraingarh_Ward2DPP_D (Haryana),Chandigarh_Mehmdpur_H (Punjab)
IND575004AAB>IND576101AAA,1,2.08,2.08,54.0,Mangalore_Kuntikna_H (Karnataka),Udupi (Karnataka)
IND575014AAA>IND403726AAA,1,1.7508532423208192,1.7508532423208192,220.0,Surathkal_DC (Karnataka),Goa_Hub (Goa)
IND577002AAA>IND581110AAE,1,2.423076923076923,2.423076923076923,74.0,Davangere_Central_I_1 (Karnataka),Haveri_GuttalRD_D (Karnataka)
IND781018AAB>IND781102AAA,1,1.3076923076923077,1.3076923076923077,12.0,Guwahati_Hub (Assam),Hajo_Sardala_D (Assam)
IND760003AAB>IND754022AAA,1,2.76,2.76,132.0,Berhampur_Khajuria_I (Orissa),Tangi_SriDPP_D (Orissa)
IND760003AAB>IND761020AAA,1,2.5,2.5,21.0,Berhampur_Khajuria_I (Orissa),Berhampur_Chatrpr_DC (Orissa)
IND762001AAA>IND759122AAC,1,3.6782608695652175,3.6782608695652175,308.0,Phulbani_Krusphrma_D (Orissa),Angul_Central_I_2 (Orissa)
IND785001AAA>IND798601AAA,1,4.135135135135135,4.135135135135135,232.0,Jorhat_RicMilRd_D (Assam),Mokokchung_Central_D_1 (Nagaland)
IND781018AAB>IND784168AAB,1,2.28125,2.28125,287.0,Guwahati_Hub (Assam),Gohpur_Central_D_1 (Assam)
IND781018AAB>IND785621AAA,1,1.9437229437229437,1.9437229437229437,218.0,Guwahati_Hub (Assam),Golaghat_BaruaRd_D (Assam)
IND574216AAA>IND562132AAA,1,1.9681818181818183,1.9681818181818183,213.0,Dhrmsthala_Beltngdi_D (Karnataka),Bangalore_Nelmngla_H (Karnataka)
IND572201AAB>IND577101AAA,1,2.4025974025974026,2.4025974025974026,108.0,Tiptur_YTRd_D (Karnataka),Chikmagalur_DC (Karnataka)
IND572201AAB>IND577116AAA,1,1.8653846153846154,1.8653846153846154,45.0,Tiptur_YTRd_D (Karnataka),
IND201301AAF>IND201301AAL,1,1.4166666666666667,1.4166666666666667,10.0,Noida_Sec 02_DPC (Uttar Pradesh),Dadri_ICDCant_D (Uttar Pradesh)
IND501359AAE>IND501218AAC,1,6.777777777777778,6.777777777777778,104.0,Hyderabad_Shamshbd_H (Telangana),Shamshabad_Lngrguda_D (Telangana)
IND573116AAA>IND571426AAA,1,5.586206896551724,5.586206896551724,133.0,Channaraya_patna_D (Karnataka),Krishnarajpet_MuruPost_D (Karnataka)
IND783129AAA>IND794101AAA,1,2.0194174757281553,2.0194174757281553,105.0,Lakhipur_WrdN4DPP_D (Assam),Tura_Sracmplx_D (Meghalaya)
IND768028AAB>IND767001AAA,1,0.9802631578947368,0.9802631578947368,-3.0,Bargarh_GurpdDPP_D (Orissa),Balangir_Rjndpara_D (Orissa)
IND768201AAA>IND770001AAA,1,4.333333333333333,4.333333333333333,100.0,Jharsuguda_MbRoad_D (Orissa),Sundargarh_DiyoDPP_D (Orissa)
IND344022AAB>IND342301AAA,1,3.380952380952381,3.380952380952381,350.0,Balotra_BsnoiHPL_D (Rajasthan),Phalodi_PalikDPP_D (Rajasthan)
IND577126AAA>IND577201AAA,1,2.707692307692308,2.707692307692308,111.0,Koppa_Sangetha_D (Karnataka),Shimoga_DC (Karnataka)
IND577201AAA>IND577432AAA,1,2.3555555555555556,2.3555555555555556,61.0,Shimoga_DC (Karnataka),Thirthahalli_NadthiCx_D (Karnataka)
IND577401AAA>IND562132AAA,1,2.261744966442953,2.261744966442953,376.0,Sagara_Vardhard_D (Karnataka),Bangalore_Nelmngla_H (Karnataka)
IND784001AAA>IND784168AAB,1,2.053763440860215,2.053763440860215,98.0,Tezpur_Mhbhirab_D (Assam),Gohpur_Central_D_1 (Assam)
IND784001AAA>IND790114AAA,1,2.8627450980392157,2.8627450980392157,95.0,Tezpur_Mhbhirab_D (Assam),Bhalukpong_Khenewa_D (Arunachal Pradesh)
IND341505AAA>IND341510AAB,1,2.087378640776699,2.087378640776699,112.0,Makrana_Mwalibad_D (Rajasthan),Merta_Central_DPP_1 (Rajasthan)
IND342005AAD>IND342902A1B,1,1.6808510638297873,1.6808510638297873,64.0,Jodhpur_Basni_I (Rajasthan),
IND573116AAA>IND573142AAA,1,2.3333333333333335,2.3333333333333335,72.0,Channaraya_patna_D (Karnataka),Ramanathapura_Central_D_2 (Karnataka)
IND573134AAB>IND577101AAA,1,1.7037037037037037,1.7037037037037037,38.0,Sakleshpur_RgvdrDPP_D (Karnataka),Chikmagalur_DC (Karnataka)
IND141003AAB>IND141109AAA,1,1.0,1.0,0.0,Ludhiana_GillChwk_DC (Punjab),Raikot_DC (Punjab)
IND141010AAA>IND000000ACA,1,1.8181818181818181,1.8181818181818181,9.0,Ludhiana_DC (Punjab),Ludhiana_MilrGanj_HB (Punjab)
IND142001AAB>IND151001AAA,1,2.6515151515151514,2.6515151515151514,109.0,Moga_DPC (Punjab),Bhatinda_DPC (Punjab)
IND142026AAA>IND000000ACA,1,2.75,2.75,70.0,Jagraon_DC (Punjab),Ludhiana_MilrGanj_HB (Punjab)
IND504296AAA>IND504208AAB,1,1.2459016393442623,1.2459016393442623,15.0,Kaghaznagar_Central_DPP_1 (Telangana),Mancherial_Hitech_D (Telangana)
IND504296AAA>IND505001AAB,1,1.6,1.6,75.0,Kaghaznagar_Central_DPP_1 (Telangana),Karimnagar_KamnHbRD_I (Telangana)
IND505001AAA>IND505327AAA,1,1.6046511627906976,1.6046511627906976,26.0,Karimnagar_DC (Telangana),Jagtial_Aravind_D (Telangana)
IND505001AAB>IND501359AAE,1,2.0481927710843375,2.0481927710843375,174.0,Karimnagar_KamnHbRD_I (Telangana),Hyderabad_Shamshbd_H (Telangana)
IND784101AAA>IND790114AAA,1,1.28125,1.28125,9.0,Balipara_EragnDPP_D (Assam),Bhalukpong_Khenewa_D (Arunachal Pradesh)
IND784110AAA>IND781018AAB,1,3.3185840707964602,3.3185840707964602,262.0,Dhekiajuli_Wardno5_D (Assam),Guwahati_Hub (Assam)
IND788026AAC>IND799250AAA,1,4.2,4.2,256.0,Silchar_Sirikona_H (Assam),Dharmanagr_Ranakant_D (Tripura)
IND785612AAB>IND781018AAB,1,2.144578313253012,2.144578313253012,190.0,Bokakhat_MlnprDPP_D (Assam),Guwahati_Hub (Assam)
IND785612AAB>IND785621AAA,1,1.6944444444444444,1.6944444444444444,25.0,Bokakhat_MlnprDPP_D (Assam),Golaghat_BaruaRd_D (Assam)
IND785675AAA>IND785612AAB,1,2.190082644628099,2.190082644628099,144.0,Moranhat_TiloiDPP_D (Assam),Bokakhat_MlnprDPP_D (Assam)
IND571213AAA>IND570020AAA,1,8.47887323943662,8.47887323943662,531.0,Gonikoppal_Thomas_D (Karnataka),Mysore_Yadvgiri_IP (Karnataka)
IND572101AAA>IND562101AAA,1,2.5454545454545454,2.5454545454545454,102.0,Tumkur_Veersagr_I (Karnataka),Chikblapur_ShntiSgr_D (Karnataka)
IND505302AAB>IND505327AAA,1,2.0,2.0,42.0,Vemulawada_Central_DPP_2 (Telangana),Jagtial_Aravind_D (Telangana)
IND505326AAA>IND505425AAA,1,2.8285714285714287,2.8285714285714287,64.0,Koratla_BhemuDPP_D (Telangana),DhrmpuriTS_HanumDPP_D (Telangana)
IND503111AAC>IND505001AAB,1,1.404494382022472,1.404494382022472,36.0,Kamareddy_Devenply_I (Telangana),Karimnagar_KamnHbRD_I (Telangana)
IND504201AAA>IND505001AAB,1,2.136986301369863,2.136986301369863,83.0,Chinnur_AsnsdhRD_D (Telangana),Karimnagar_KamnHbRD_I (Telangana)
IND504208AAB>IND504251AAA,1,1.7894736842105263,1.7894736842105263,15.0,Mancherial_Hitech_D (Telangana),Bellmpalli_BasthDPP_D (Telangana)
IND504215AAA>IND505326AAB,1,2.706896551724138,2.706896551724138,99.0,Luxettipet_ShivaDPP_D (Telangana),
IND786001AAB>IND786125AAA,1,2.2758620689655173,2.2758620689655173,37.0,Dibrugarh_Bokule_H (Assam),Tinusukia_Chrwpaty_D (Assam)
IND786001AAB>IND786190AAA,1,1.8837209302325582,1.8837209302325582,38.0,Dibrugarh_Bokule_H (Assam),DoomDooma_Pthrgoan_D (Assam)
IND786001AAB>IND792103AAB,1,2.259259259259259,2.259259259259259,102.0,Dibrugarh_Bokule_H (Assam),Namsai_HelipadRD_D (Arunachal Pradesh)
IND784001AAA>IND784101AAA,1,7.125,7.125,98.0,Tezpur_Mhbhirab_D (Assam),Balipara_EragnDPP_D (Assam)
IND792001AAA>IND786001AAB,1,2.4473684210526314,2.4473684210526314,165.0,Tezu_Farmnala_D (Arunachal Pradesh),Dibrugarh_Bokule_H (Assam)
IND335501AAA>IND331701AAA,1,1.7142857142857142,1.7142857142857142,15.0,Bhadra_GMndiDPP_D (Rajasthan),Sidhmukh_MnbzrDPP_D (Rajasthan)
IND335513AAA>IND335804AAD,1,1.5,1.5,27.0,Hanumangarh_DC (Rajasthan),Suratgarh_Central_DPP_2 (Rajasthan)
IND335523AAB>IND125001AAA,1,3.7542372881355934,3.7542372881355934,325.0,Nohar_Central_DPP_2 (Rajasthan),Hisar_ModelTwn_P (Haryana)
IND335524AAA>IND335523AAB,1,1.148936170212766,1.148936170212766,7.0,Rawatsar_ShivmDPP_D (Rajasthan),Nohar_Central_DPP_2 (Rajasthan)
IND570020AAA>IND571430AAA,1,3.46,3.46,123.0,Mysore_Yadvgiri_IP (Karnataka),Malavalli_SulthnRd_D (Karnataka)
IND571104AAA>IND573142AAA,1,1.625,1.625,20.0,Koppa_BMRd_D (Karnataka),Ramanathapura_Central_D_2 (Karnataka)
IND571105AAA>IND571114AAA,1,8.208333333333334,8.208333333333334,173.0,Hunsur_RatnaDPP_D (Karnataka),HDKote_BegurRD_D (Karnataka)
IND562132AAA>IND577002AAA,1,1.5789473684210527,1.5789473684210527,110.0,Bangalore_Nelmngla_H (Karnataka),Davangere_Central_I_1 (Karnataka)
IND562132AAA>IND577501AAA,1,1.6887417218543046,1.6887417218543046,104.0,Bangalore_Nelmngla_H (Karnataka),Chitradurga_DC (Karnataka)
IND505503AAA>IND506164AAA,1,2.282051282051282,2.282051282051282,50.0,Mahadevpur_Kataram_D (Telangana),Parkal_AmbedDPP_D (Telangana)
IND177101AAA>IND176001AAB,1,1.2203389830508475,1.2203389830508475,13.0,DehraGopipur_Central_D_1 (Himachal Pradesh),Kangra_Central_D_2 (Himachal Pradesh)
IND181152AAB>IND160002AAC,1,1.983221476510067,1.983221476510067,293.0,Jammu_Central_I_1 (Jammu & Kashmir),Chandigarh_Mehmdpur_H (Punjab)
IND505001AAB>IND504251AAA,1,2.216867469879518,2.216867469879518,101.0,Karimnagar_KamnHbRD_I (Telangana),Bellmpalli_BasthDPP_D (Telangana)
IND786190AAA>IND786001AAB,1,2.4523809523809526,2.4523809523809526,61.0,DoomDooma_Pthrgoan_D (Assam),Dibrugarh_Bokule_H (Assam)
IND787059AAB>IND791102AAA,1,2.7183098591549295,2.7183098591549295,122.0,Silapathar_Hejunagr_D (Assam),Pasighat_MissonRd_D (Arunachal Pradesh)
IND788713AAA>IND788026AAC,1,12.033333333333333,12.033333333333333,331.0,Karimganj_Alngjuri_D (Assam),Silchar_Sirikona_H (Assam)
IND788806AAA>IND788713AAA,1,4.230769230769231,4.230769230769231,42.0,Badarpur_Konapara_D (Assam),Karimganj_Alngjuri_D (Assam)
IND790001AAB>IND784001AAA,1,7.05,7.05,726.0,Bomdila_CTRoad_D (Arunachal Pradesh),Tezpur_Mhbhirab_D (Assam)
IND791102AAA>IND784168AAB,1,2.8217821782178216,2.8217821782178216,368.0,Pasighat_MissonRd_D (Arunachal Pradesh),Gohpur_Central_D_1 (Assam)
IND505001AAB>IND505172AAA,1,1.7083333333333333,1.7083333333333333,17.0,Karimnagar_KamnHbRD_I (Telangana),Peddapalli_UdaynDPP_D (Telangana)
IND562132AAC>IND000000ACB,1,1.774869109947644,1.774869109947644,1184.0,Bengaluru_Nelmngla_L (Karnataka),Gurgaon_Bilaspur_HB (Haryana)
IND563101AAB>IND560300AAB,1,6.163636363636364,6.163636363636364,284.0,Kolar_Ambedkar_D (Karnataka),Bangalore_East_I_20 (Karnataka)
IND563101AAB>IND563125AAB,1,1.5,1.5,18.0,Kolar_Ambedkar_D (Karnataka),Chintamani_Central_D_2 (Karnataka)
IND144001AAB>IND160002AAC,1,5.810344827586207,5.810344827586207,558.0,Jalandhar_DPC (Punjab),Chandigarh_Mehmdpur_H (Punjab)
IND144514AAA>IND000000ACA,1,1.7241379310344827,1.7241379310344827,42.0,Nawanshahr_DC (Punjab),Ludhiana_MilrGanj_HB (Punjab)
IND184121AAA>IND181152AAA,1,1.375,1.375,12.0,Samba_Wardno13_D (Jammu & Kashmir),Jammu_TrnptNgr_L (Jammu & Kashmir)
IND184121AAA>IND181152AAB,1,1.3225806451612903,1.3225806451612903,10.0,Samba_Wardno13_D (Jammu & Kashmir),Jammu_Central_I_1 (Jammu & Kashmir)
IND506169AAB>IND505503AAA,1,2.125,2.125,18.0,Bhupalpally_JwahrNGR_D (Telangana),Mahadevpur_Kataram_D (Telangana)
IND507002AAA>IND507117AAB,1,1.4594594594594594,1.4594594594594594,51.0,Khammam_NSTRoad_I (Telangana),Manuguru_AskNagar_D (Telangana)
IND791109AAA>IND787001AAA,1,3.5757575757575757,3.5757575757575757,85.0,Nirjuli_BageDPP_D (Arunachal Pradesh),LakhimpurN_SashPhkn_D (Assam)
IND791110AAA>IND787001AAA,1,3.5294117647058822,3.5294117647058822,86.0,Naharlagun_JmpuCntr_D (Arunachal Pradesh),LakhimpurN_SashPhkn_D (Assam)
IND505326AAB>IND505327AAA,1,2.0434782608695654,2.0434782608695654,24.0,,Jagtial_Aravind_D (Telangana)
IND505326AAB>IND505425AAA,1,1.631578947368421,1.631578947368421,12.0,,DhrmpuriTS_HanumDPP_D (Telangana)
IND505425AAA>IND504215AAA,1,3.4166666666666665,3.4166666666666665,29.0,DhrmpuriTS_HanumDPP_D (Telangana),Luxettipet_ShivaDPP_D (Telangana)
IND505425AAA>IND505001AAB,1,1.8571428571428572,1.8571428571428572,54.0,DhrmpuriTS_HanumDPP_D (Telangana),Karimnagar_KamnHbRD_I (Telangana)
IND144601AAA>IND144040AAA,1,1.7586206896551724,1.7586206896551724,22.0,Kapurthala_DC (Punjab),Nakodar_ChowkDPP_D (Punjab)
IND145001AAA>IND176303AAA,1,1.1844660194174756,1.1844660194174756,19.0,Pathankot_DC (Punjab),Dalhousie_Banikhet_D (Himachal Pradesh)
IND561207AAB>IND572101AAA,1,2.25,2.25,130.0,Bagepalli_TBCross_D (Karnataka),Tumkur_Veersagr_I (Karnataka)
IND562125AAA>IND000000ACS,1,7.125,7.125,147.0,Bengaluru_Sarjapur_D (Karnataka),BLR_HSR_Layout_PC (Karnataka)
IND562132AAA>IND395023AAA,1,1.9502890173410405,1.9502890173410405,822.0,Bangalore_Nelmngla_H (Karnataka),Surat_HUB (Gujarat)
IND333028AAA>IND333502AAA,1,1.148936170212766,1.148936170212766,7.0,Sultana_Central_DPP_1 (Rajasthan),Buhana_CourtDPP_D (Rajasthan)
IND333028AAA>IND333504AAA,1,2.388888888888889,2.388888888888889,50.0,Sultana_Central_DPP_1 (Rajasthan),Khetri_NagarDPP_D (Rajasthan)
IND321408AAB>IND301001AAB,1,5.758241758241758,5.758241758241758,433.0,Weir_BsstdDPP_D (Rajasthan),Alwar_Central_I_1 (Rajasthan)
IND796081AAA>IND788026AAC,1,2.638888888888889,2.638888888888889,118.0,Kolasib_Diakkawn_D (Mizoram),Silchar_Sirikona_H (Assam)
IND799250AAA>IND799008AAA,1,2.725806451612903,2.725806451612903,214.0,Dharmanagr_Ranakant_D (Tripura),Agartala_Chmpmura_I (Tripura)
IND802101AAA>IND802158AAB,1,2.76,2.76,88.0,Buxar_Sarswati_D (Bihar),Jagdishpur_Wardno13_D (Bihar)
IND788151AAA>IND788806AAA,1,2.611111111111111,2.611111111111111,29.0,Hailakandi_kalibari_D (Assam),Badarpur_Konapara_D (Assam)
IND304001AAA>IND322001AAC,1,1.4827586206896552,1.4827586206896552,28.0,Tonk_DC (Rajasthan),SawaiMadhopur_Central_DPP_1 (Rajasthan)
IND305404AAA>IND305001AAC,1,2.340909090909091,2.340909090909091,118.0,Kekri_LxmntDPP_D (Rajasthan),Ajmer_FoySGRRD_I (Rajasthan)
IND000000AFT>IND400701AAA,1,2.9473684210526314,2.9473684210526314,37.0,Mumbai_Sanpada_I (Maharashtra),Mumbai_Ghansoli_DC (Maharashtra)
IND148023AAA>IND148024AAB,1,2.0,2.0,18.0,Malerkotla_DC (Punjab),Dhuri_DMComDPP_D (Punjab)
IND148102AAA>IND151001AAA,1,1.8275862068965518,1.8275862068965518,48.0,Bhadaur_BChwkDPP_D (Punjab),Bhatinda_DPC (Punjab)
IND508116AAA>IND508223AAA,1,1.5254237288135593,1.5254237288135593,31.0,Bhuvanagiri_HBColny_D (Telangana),Thirumalagiri_Xroad_D (Telangana)
IND508207AAB>IND508206AAA,1,2.6285714285714286,2.6285714285714286,57.0,Miryalguda_Ragvendr_D (Telangana),Kodad_VidyaNgr_D (Telangana)
IND509124AAA>IND518002AAA,1,4.222222222222222,4.222222222222222,145.0,JoguGadwal_ColctrOf_D (Telangana),Kurnool_AbbasNgr_I (Andhra Pradesh)
IND000000AFT>IND410206AAB,1,3.1176470588235294,3.1176470588235294,36.0,Mumbai_Sanpada_I (Maharashtra),Mumbai_Panvel_D (Maharashtra)
IND793001AAA>IND781018AAB,1,4.610526315789474,4.610526315789474,343.0,Shillong (Meghalaya),Guwahati_Hub (Assam)
IND793150AAA>IND781018AAB,1,1.9562043795620438,1.9562043795620438,131.0,Jowai_Ldthlabh_D (Meghalaya),Guwahati_Hub (Assam)
IND328001AAA>IND000000ACB,1,1.5404040404040404,1.5404040404040404,107.0,Dholpur_GtRoad_D (Rajasthan),Gurgaon_Bilaspur_HB (Haryana)
IND331022A1B>IND331001A1C,1,2.6122448979591835,2.6122448979591835,79.0,,
IND332713AAA>IND332715AAB,1,2.061224489795918,2.061224489795918,52.0,NeemKaThana_War5DPP_D (Rajasthan),Shrimadhopur_RLSTNDPP_D (Rajasthan)
IND507002AAA>IND508001AAA,1,2.4698795180722892,2.4698795180722892,122.0,Khammam_NSTRoad_I (Telangana),Nalgonda_HydRoad_DC (Telangana)
IND505326AAB>IND505001AAB,1,4.389830508474576,4.389830508474576,200.0,,Karimnagar_KamnHbRD_I (Telangana)
IND507111AAA>IND507303AAA,1,1.88,1.88,66.0,Bhadrachalam_ITDARd_D (Telangana),Sathupally_VidyaNGR_D (Telangana)
IND560300AAA>IND563131AAB,1,1.525,1.525,42.0,Bengaluru_KGAirprt_HB (Karnataka),Bangarapet_KolarRd_D (Karnataka)
IND560300AAB>IND563116AAA,1,1.8461538461538463,1.8461538461538463,77.0,Bangalore_East_I_20 (Karnataka),Bethamangala_FshryOFC_D (Karnataka)
IND560300AAB>IND563125AAB,1,1.4150943396226414,1.4150943396226414,22.0,Bangalore_East_I_20 (Karnataka),Chintamani_Central_D_2 (Karnataka)
IND560099AAB>IND683511AAB,1,1.6412037037037037,1.6412037037037037,277.0,Bengaluru_Bomsndra_HB (Karnataka),Kerala_Cochin_L (Kerala)
IND560099AAH>IND562125AAA,1,1.7647058823529411,1.7647058823529411,13.0,Bengaluru_South_D_20 (Karnataka),Bengaluru_Sarjapur_D (Karnataka)
IND560300AAA>IND000000ACS,1,2.4318181818181817,2.4318181818181817,63.0,Bengaluru_KGAirprt_HB (Karnataka),BLR_HSR_Layout_PC (Karnataka)
IND174101AAB>IND134102AAA,1,2.6666666666666665,2.6666666666666665,35.0,Nalagarh_Central_DPP_2 (Himachal Pradesh),Kalka_Pinjore_DC (Haryana)
IND509103AAB>IND509103AAC,1,1.9411764705882353,1.9411764705882353,16.0,Wanaparthy_VallaDPP_D (Telangana),
IND147001AAD>IND147201AAA,1,1.5,1.5,14.0,Patiala_GainMrkt_L (Punjab),Nabha_Sahni_D (Punjab)
IND147001AAD>IND148023AAA,1,1.253968253968254,1.253968253968254,16.0,Patiala_GainMrkt_L (Punjab),Malerkotla_DC (Punjab)
IND811213AAA>IND811201AAB,1,2.5,2.5,39.0,KharagpurBR_Central_DPP_1 (Bihar),Munger_Kaura_D (Bihar)
IND811307AAA>IND811201AAB,1,2.0172413793103448,2.0172413793103448,59.0,Jamui_Mehsouri_D (Bihar),Munger_Kaura_D (Bihar)
IND811307AAA>IND811213AAA,1,1.96875,1.96875,31.0,Jamui_Mehsouri_D (Bihar),KharagpurBR_Central_DPP_1 (Bihar)
IND813102AAA>IND813203AAA,1,3.7419354838709675,3.7419354838709675,170.0,Banka_Wardno6_D (Bihar),Kahalgaon_NdiaTola_D (Bihar)
IND313001AAB>IND311001AAA,1,2.6454545454545455,2.6454545454545455,181.0,Udaipur_Mangri_I (Rajasthan),Bhilwara_DC (Rajasthan)
IND147101AAA>IND160002AAC,1,7.017241379310345,7.017241379310345,349.0,Samana_PODPP_D (Punjab),Chandigarh_Mehmdpur_H (Punjab)
IND147105AAA>IND147101AAA,1,1.4230769230769231,1.4230769230769231,11.0,Patran_MheshNGR_D (Punjab),Samana_PODPP_D (Punjab)
IND147301AAA>IND000000ACA,1,1.5333333333333334,1.5333333333333334,16.0,Mandi_Gobindgarh_DC (Punjab),Ludhiana_MilrGanj_HB (Punjab)
IND147301AAA>IND140401AAA,1,1.3333333333333333,1.3333333333333333,10.0,Mandi_Gobindgarh_DC (Punjab),Rajpura_DC (Punjab)
IND152026AAA>IND152101AAA,1,1.1764705882352942,1.1764705882352942,6.0,Muktsar_DPC (Punjab),Giddarbaha_DC (Punjab)
IND152026AAA>IND152107AAA,1,2.0952380952380953,2.0952380952380953,23.0,Muktsar_DPC (Punjab),Malout_DC (Punjab)
IND152026AAA>IND160002AAC,1,4.5055555555555555,4.5055555555555555,631.0,Muktsar_DPC (Punjab),Chandigarh_Mehmdpur_H (Punjab)
IND515671AAA>IND515591AAA,1,2.6,2.6,96.0,Dharmavram_SaiNgr_D (Andhra Pradesh),Kadiri_GVManu_D (Andhra Pradesh)
IND515801AAA>IND515761AAA,1,2.0833333333333335,2.0833333333333335,104.0,Guntakal_Verpatem_D (Andhra Pradesh),Kalyandurg_Shankrpa_D (Andhra Pradesh)
IND517325AAA>IND517408AAA,1,2.15625,2.15625,37.0,Madnapalle_PngnrRd_D (Andhra Pradesh),Palamaner_Lakshmi_D (Andhra Pradesh)
IND815353AAA>IND826004AAA,1,1.5529411764705883,1.5529411764705883,47.0,Madhupur_Sitarmrd_D (Jharkhand),Dhanbad_Kalynpur_I (Jharkhand)
IND305901AAA>IND305624AAA,1,8.933333333333334,8.933333333333334,357.0,Beawar_DC (Rajasthan),Bijainagar_Central_DPP_1 (Rajasthan)
IND306304AAB>IND311302AAA,1,1.9130434782608696,1.9130434782608696,42.0,Raipur_BypRDDPP_D (Rajasthan),Badnaur_BhmrdDPP_D (Rajasthan)
IND306902AAA>IND306116AAA,1,1.5185185185185186,1.5185185185185186,14.0,Sumerpur_BazarDPP_D (Rajasthan),Falna_SbhRDDPP_D (Rajasthan)
IND302014AAB>IND303603AAB,1,1.6944444444444444,1.6944444444444444,50.0,Jaipur_Central_I_7 (Rajasthan),Renwal_ChomuRD_D (Rajasthan)
IND302014AAB>IND304001AAA,1,2.4833333333333334,2.4833333333333334,89.0,Jaipur_Central_I_7 (Rajasthan),Tonk_DC (Rajasthan)
IND560099AAB>IND000000ACS,1,1.5714285714285714,1.5714285714285714,12.0,Bengaluru_Bomsndra_HB (Karnataka),BLR_HSR_Layout_PC (Karnataka)
IND560099AAB>IND515004AAA,1,1.5414634146341464,1.5414634146341464,111.0,Bengaluru_Bomsndra_HB (Karnataka),Anantapur_KamaStrt_I (Andhra Pradesh)
IND560099AAB>IND560077AAA,1,4.65,4.65,146.0,Bengaluru_Bomsndra_HB (Karnataka),Bengaluru_ Kothanur_L (Karnataka)
IND560099AAB>IND560083AAB,1,2.3125,2.3125,21.0,Bengaluru_Bomsndra_HB (Karnataka),Bengaluru_Bnnrghta_L (Karnataka)
IND152116AAA>IND152026AAA,1,2.3902439024390243,2.3902439024390243,57.0,Abohar_DC (Punjab),Muktsar_DPC (Punjab)
IND152116AAA>IND152107AAA,1,1.2666666666666666,1.2666666666666666,4.0,Abohar_DC (Punjab),Malout_DC (Punjab)
IND152123AAA>IND152026AAA,1,2.480769230769231,2.480769230769231,77.0,Fazilka_GndhiChk_D (Punjab),Muktsar_DPC (Punjab)
IND160002AAC>IND134203AAA,1,2.810810810810811,2.810810810810811,67.0,Chandigarh_Mehmdpur_H (Punjab),Naraingarh_Ward2DPP_D (Haryana)
IND518124AAA>IND518002AAA,1,1.4788732394366197,1.4788732394366197,34.0,Bngnpalle_Enkndla_D (Andhra Pradesh),Kurnool_AbbasNgr_I (Andhra Pradesh)
IND518206AAA>IND518002AAA,1,2.74,2.74,87.0,Betamcherla_CmtNgRod_D (Andhra Pradesh),Kurnool_AbbasNgr_I (Andhra Pradesh)
IND301705AAA>IND123001AAA,1,2.7586206896551726,2.7586206896551726,51.0,Neemrana_Rcocmplx_D (Rajasthan),Narnaul_DC (Haryana)
IND302004AAA>IND302033AAB,1,2.9,2.9,19.0,Jaipur_NgrNigam_DC (Rajasthan),Jaipur_Central_D_1 (Rajasthan)
IND814133AAA>IND816109AAA,1,2.4375,2.4375,92.0,Godda_PushPlza_D (Jharkhand),Sahebganj_BaraLoha_D (Jharkhand)
IND815301AAA>IND814112AAA,1,1.9830508474576272,1.9830508474576272,58.0,Giridih_Shivalya_D (Jharkhand),Deoghar_Barmasia_D (Jharkhand)
IND303603AAB>IND303338AAB,1,0.8771929824561403,0.8771929824561403,-7.0,Renwal_ChomuRD_D (Rajasthan),Phulera_NarenaRD_D (Rajasthan)
IND271001AAA>IND271210AAA,1,50.72,50.72,2486.0,Gonda_KotwaliN_D (Uttar Pradesh),Tulsipur_Central_DPP_1 (Uttar Pradesh)
IND263601AAA>IND263153AAB,1,2.0,2.0,164.0,Almora_SuzkiSrv_D (Uttarakhand),Rudrapur_UdhamNgr_H (Uttarakhand)
IND263601AAA>IND263645AAA,1,2.019230769230769,2.019230769230769,53.0,Almora_SuzkiSrv_D (Uttarakhand),Ranikhet_Subhash_D (Uttarakhand)
IND263645AAA>IND262501AAA,1,2.1,2.1,176.0,Ranikhet_Subhash_D (Uttarakhand),Pithorgarh_Kumud_D (Uttarakhand)
IND160002AAC>IND135001AAA,1,1.8688524590163935,1.8688524590163935,53.0,Chandigarh_Mehmdpur_H (Punjab),YamunaNagar_DC (Haryana)
IND521225AAB>IND521001AAA,1,2.830188679245283,2.830188679245283,97.0,Vijayawada_Rynapadu_H (Andhra Pradesh),Machilipatnam_DC (Andhra Pradesh)
IND521225AAB>IND521165AAA,1,7.551724137931035,7.551724137931035,190.0,Vijayawada_Rynapadu_H (Andhra Pradesh),Vuyyuru_BhogdDPP_D (Andhra Pradesh)
IND160002AAC>IND421302AAG,1,2.5359649122807015,2.5359649122807015,1751.0,Chandigarh_Mehmdpur_H (Punjab),Bhiwandi_Mankoli_HB (Maharashtra)
IND160002AAC>IND562132AAA,1,2.244365361803084,2.244365361803084,2098.0,Chandigarh_Mehmdpur_H (Punjab),Bangalore_Nelmngla_H (Karnataka)
IND160003AAA>IND160002AAC,1,3.0,3.0,68.0,Chandigarh (Chandigarh),Chandigarh_Mehmdpur_H (Punjab)
IND282002AAD>IND110037AAM,1,1.6440677966101696,1.6440677966101696,114.0,,Delhi_Airport_H (Delhi)
IND834002AAB>IND781018AAB,1,2.984536082474227,2.984536082474227,1540.0,Ranchi_Hub (Jharkhand),Guwahati_Hub (Assam)
IND841301AAC>IND841226AAB,1,2.0,2.0,48.0,,Siwan_HnmntNgr_D (Bihar)
IND821115AAB>IND824101AAA,1,2.0,2.0,29.0,Sasaram_Central_I_2 (Bihar),AurngbadBR_Mahindra_D (Bihar)
IND302014AAA>IND332404AAA,1,2.413793103448276,2.413793103448276,82.0,Jaipur_Hub (Rajasthan),Reengus_Shop2DPP_D (Rajasthan)
IND560077AAA>IND560099AAB,1,3.4545454545454546,3.4545454545454546,108.0,Bengaluru_ Kothanur_L (Karnataka),Bengaluru_Bomsndra_HB (Karnataka)
IND560083AAB>IND560058AAD,1,1.5806451612903225,1.5806451612903225,18.0,Bengaluru_Bnnrghta_L (Karnataka),Bengaluru_Peenya_L (Karnataka)
IND284403AAA>IND474003AAA,1,2.5048076923076925,2.5048076923076925,313.0,Lalitpur_RjghatRd_D (Uttar Pradesh),Gwalior_HrihrNgr_I (Madhya Pradesh)
IND518002AAA>IND518206AAA,1,22.56,22.56,1078.0,Kurnool_AbbasNgr_I (Andhra Pradesh),Betamcherla_CmtNgRod_D (Andhra Pradesh)
IND533308AAB>IND533106AAA,1,1.962962962962963,1.962962962962963,26.0,Mandapeta_Mainrd_D (Andhra Pradesh),Rajamundry_AtoNgrRd_I (Andhra Pradesh)
IND533401AAA>IND533308AAB,1,2.6987951807228914,2.6987951807228914,141.0,Tuni_Eaglvari_D (Andhra Pradesh),Mandapeta_Mainrd_D (Andhra Pradesh)
IND534001AAA>IND521225AAB,1,2.2,2.2,60.0,Eluru_Agraharm_DC (Andhra Pradesh),Vijayawada_Rynapadu_H (Andhra Pradesh)
IND535501AAB>IND532001AAB,1,1.9506172839506173,1.9506172839506173,77.0,Parvathipuram_Central_D_2 (Andhra Pradesh),Srikakulam_Kuslpram_I (Andhra Pradesh)
IND152107AAA>IND152026AAA,1,4.173913043478261,4.173913043478261,73.0,Malout_DC (Punjab),Muktsar_DPC (Punjab)
IND160002AAC>IND160003AAA,1,2.0,2.0,31.0,Chandigarh_Mehmdpur_H (Punjab),Chandigarh (Chandigarh)
IND160002AAC>IND174103AAA,1,1.3076923076923077,1.3076923076923077,20.0,Chandigarh_Mehmdpur_H (Punjab),Baddi_ByePass_D (Himachal Pradesh)
IND532201AAA>IND761200AAA,1,1.170731707317073,1.170731707317073,7.0,Tekkali_AmvdiDPP_D (Andhra Pradesh),Paralakhemundi_Ward14_D (Orissa)
IND276129AAA>IND221010AAB,1,3.7066666666666666,3.7066666666666666,203.0,Chiraiyakot_KamalDPP_D (Uttar Pradesh),Varanasi_MahmurGj_IP (Uttar Pradesh)
IND000000AFG>IND673027AAB,1,1.826086956521739,1.826086956521739,38.0,Tirur_PmthuKlm_D (Kerala),Kozhikode_Feroke_H (Kerala)
IND000000AFJ>IND695572AAB,1,2.2222222222222223,2.2222222222222223,33.0,Trivandrum_Pettah_D (Kerala),Kallikkad_Mutyvila_D (Kerala)
IND842001AAA>IND843320AAA,1,6.521739130434782,6.521739130434782,254.0,Muzaffrpur_Bbganj_I (Bihar),Pupri_SngihiRD_D (Bihar)
IND826004AAA>IND828205AAA,1,2.95,2.95,39.0,Dhanbad_Kalynpur_I (Jharkhand),Nirsa_ShantiDPP_D (Jharkhand)
IND302006AAC>IND302014AAB,1,3.5,3.5,45.0,Jaipur_Central_D_10 (Rajasthan),Jaipur_Central_I_7 (Rajasthan)
IND854326AAB>IND852113AAA,1,3.074626865671642,3.074626865671642,139.0,Purnia_Central_H_2 (Bihar),Madhepura_Krishnpr_D (Bihar)
IND852111AAA>IND854311AAA,1,2.8461538461538463,2.8461538461538463,96.0,Simrahi_Bazar_D (Bihar),Araria_Wardn13_D (Bihar)
IND000000ACA>IND152026AAA,1,1.5299145299145298,1.5299145299145298,62.0,Ludhiana_MilrGanj_HB (Punjab),Muktsar_DPC (Punjab)
IND000000AAZ>IND444203AAA,1,6.020833333333333,6.020833333333333,241.0,Buldhana_Thsil3PL_D (Maharashtra),Shegaon_SChwkDPP_D (Maharashtra)
IND852118AAA>IND854326AAB,1,2.4705882352941178,2.4705882352941178,75.0,Forbesganj_JhumanCk_D (Bihar),Purnia_Central_H_2 (Bihar)
IND852131AAA>IND852139AAB,1,3.380952380952381,3.380952380952381,50.0,Supaul_SadrHsptl_D (Bihar),Triveninganj_Central_D_1 (Bihar)
IND852111AAA>IND852118AAA,1,2.057142857142857,2.057142857142857,37.0,Simrahi_Bazar_D (Bihar),Forbesganj_JhumanCk_D (Bihar)
IND854326AAB>IND854334AAA,1,3.5625,3.5625,123.0,Purnia_Central_H_2 (Bihar),Raniganj_Central_DPP_1 (Bihar)
IND273014AAB>IND274301AAB,1,2.6486486486486487,2.6486486486486487,61.0,Gorakhpur_Matriprm_IP (Uttar Pradesh),Kaptanganj_Subshngr_D (Uttar Pradesh)
IND273155AAA>IND273014AAB,1,2.838709677419355,2.838709677419355,57.0,Anandnagar_LohiaDPP_D (Uttar Pradesh),Gorakhpur_Matriprm_IP (Uttar Pradesh)
IND273155AAA>IND273303AAA,1,1.5333333333333334,1.5333333333333334,8.0,Anandnagar_LohiaDPP_D (Uttar Pradesh),Maharajganj_PakriDPP_D (Uttar Pradesh)
IND273303AAA>IND273304AAA,1,4.041666666666667,4.041666666666667,73.0,Maharajganj_PakriDPP_D (Uttar Pradesh),Nichlaul_Wardno13_D (Uttar Pradesh)
IND844101AAB>IND841207AAB,1,2.611111111111111,2.611111111111111,29.0,Hajipur_ThaneDPP_D (Bihar),Dighwara_SadarHPL_D (Bihar)
IND846004AAA>IND847404AAB,1,4.466666666666667,4.466666666666667,104.0,Darbhanga (Bihar),Jhanjharpur_Nagar_D (Bihar)
IND842001AAA>IND848101AAA,1,3.891891891891892,3.891891891891892,107.0,Muzaffrpur_Bbganj_I (Bihar),Samastipur_Haripur_D (Bihar)
IND521185AAA>IND520011AAA,1,1.7241379310344827,1.7241379310344827,21.0,Nandigama_Chndrlpd_D (Andhra Pradesh),Vijayawada (Andhra Pradesh)
IND679322AAA>IND673639AAA,1,2.230769230769231,2.230769230769231,48.0,Printhlmna_EmsPnmbi_D (Kerala),Areacode_Puthalam_D (Kerala)
IND121002AAA>IND121004AAB,1,19.083333333333332,19.083333333333332,217.0,Faridabad_Old (Haryana),FBD_Balabhgarh_DPC (Haryana)
IND413002AAA>IND413307AAC,1,2.0,2.0,64.0,Solapur_Central_I_2 (Maharashtra),Sangola_Central_DPP_3 (Maharashtra)
IND413709AAA>IND423601AAA,1,1.5135135135135136,1.5135135135135136,19.0,Shrirampur_DavkharRd_D (Maharashtra),Kopargaon_NkshtrPz_D (Maharashtra)
IND414001AAA>IND411033AAA,1,2.480769230769231,2.480769230769231,154.0,AhmedNagar_DC (Maharashtra),Pune_Tathawde_H (Maharashtra)
IND414001AAA>IND414203AAB,1,1.813953488372093,1.813953488372093,35.0,AhmedNagar_DC (Maharashtra),Ashti_SavtaHTL_D (Maharashtra)
IND414001AAA>IND414302AAB,1,1.5588235294117647,1.5588235294117647,19.0,AhmedNagar_DC (Maharashtra),Parner_Hindcwk_D (Maharashtra)
IND414203AAB>IND414302AAB,1,1.7837837837837838,1.7837837837837838,58.0,Ashti_SavtaHTL_D (Maharashtra),Parner_Hindcwk_D (Maharashtra)
IND854335AAA>IND852118A1B,1,2.2222222222222223,2.2222222222222223,22.0,Narpatganj_Central_DPP_1 (Bihar),
IND000000ACA>IND143001AAA,1,1.7027027027027026,1.7027027027027026,78.0,Ludhiana_MilrGanj_HB (Punjab),Amritsar_DPC (Punjab)
IND274001AAA>IND273014AAB,1,5.642857142857143,5.642857142857143,195.0,Deoria_CCRoad_D (Uttar Pradesh),Gorakhpur_Matriprm_IP (Uttar Pradesh)
IND274304AAB>IND274304AAA,1,2.909090909090909,2.909090909090909,21.0,Padrauna_BawliDPPP_D (Uttar Pradesh),Kushinagar_KasyaDPP_D (Uttar Pradesh)
IND274402AAA>IND274301AAB,1,3.3333333333333335,3.3333333333333335,70.0,Kushinagar_JiswlDPP_D (Uttar Pradesh),Kaptanganj_Subshngr_D (Uttar Pradesh)
IND274509AAB>IND274001AAA,1,2.2083333333333335,2.2083333333333335,29.0,Salempur_Banjaria_D (Uttar Pradesh),Deoria_CCRoad_D (Uttar Pradesh)
IND000000ACB>IND301705AAA,1,3.75,3.75,154.0,Gurgaon_Bilaspur_HB (Haryana),Neemrana_Rcocmplx_D (Rajasthan)
IND276140AAA>IND276129AAA,1,2.3783783783783785,2.3783783783783785,51.0,Jiyanpur_Central_DPP_1 (Uttar Pradesh),Chiraiyakot_KamalDPP_D (Uttar Pradesh)
