corridor_id,n_legs,model_mae,osrm_mae,improvement_min,model
IND562132AAA>IND560300AAA,36,17.423876024180952,32.888888888888886,15.465012864707933,random_forest
IND421302AAG>IND400072AAB,31,14.475427941124618,35.70967741935484,21.234249478230222,random_forest
IND560099AAB>IND560300AAA,25,33.721337896186064,56.56,22.838662103813938,random_forest
IND400072AAD>IND421302AAG,25,43.062283306044726,62.64,19.577716693955274,random_forest
IND560300AAA>IND562132AAA,25,31.327700740587797,60.44,29.1122992594122,random_forest
IND562132AAA>IND560099AAB,22,18.05873580080162,40.63636363636363,22.577627835562012,random_forest
IND400072AAB>IND401104AAA,20,12.802775546630183,38.95,26.14722445336982,random_forest
IND421302AAG>IND401104AAA,20,28.640337430287055,55.0,26.359662569712945,random_forest
IND000000ACT>IND000000ACB,19,25.020202446087264,28.94736842105263,3.927165974965366,random_forest
IND421302AAG>IND400102AAC,18,31.286427258519957,45.55555555555556,14.2691282970356,random_forest
IND400072AAB>IND421302AAG,18,49.038483019837045,71.33333333333333,22.294850313496283,random_forest
IND560300AAA>IND560099AAB,17,41.972500299043126,84.11764705882354,42.14514675978041,random_forest
IND400072AAB>IND000000AFT,17,18.416421030252675,38.588235294117645,20.17181426386497,random_forest
IND421302AAG>IND000000AFT,17,33.18716159407207,40.294117647058826,7.106956052986753,random_forest
IND000000ACB>IND562132AAA,16,153.38907474784617,1399.9375,1246.5484252521537,random_forest
IND400072AAB>IND400015AAA,16,20.98272902024407,39.5625,18.57977097975593,random_forest
IND421302AAG>IND400015AAA,15,35.18248679499951,61.46666666666667,26.284179871667156,random_forest
IND600032AAB>IND600056AAB,14,17.08657702108528,34.857142857142854,17.770565836057575,random_forest
IND560099AAB>IND562132AAA,14,28.301722891299637,42.142857142857146,13.84113425155751,random_forest
IND000000ACB>IND122001AAA,13,20.313583807125376,19.384615384615383,-0.9289684225099926,random_forest
IND000000ACB>IND131028AAB,13,45.620483396416866,104.0,58.379516603583134,random_forest
IND000000AFT>IND410209AAA,13,12.681955232615433,26.0,13.318044767384567,random_forest
IND000000ACB>IND160002AAC,13,101.5068863414558,275.0769230769231,173.57003673546728,random_forest
IND562132AAA>IND560058AAD,13,38.80097136893231,40.30769230769231,1.5067209387599974,random_forest
IND000000ACB>IND121002AAB,13,29.46385061174665,51.76923076923077,22.305380157484116,random_forest
IND421302AAG>IND400072AAJ,12,21.23791638897973,44.75,23.51208361102027,random_forest
IND110044AAB>IND000000ACB,12,13.635460903390866,48.083333333333336,34.44787242994247,random_forest
IND410206AAB>IND000000AFT,12,12.985124594941835,25.666666666666668,12.681542071724833,random_forest
IND411033AAA>IND411021AAA,12,26.62536742262192,14.416666666666666,-12.208700755955254,random_forest
IND000000ACB>IND712311AAA,11,151.6773028193568,1054.909090909091,903.2317880897342,random_forest
IND600056AAB>IND600032AAB,11,20.83975042471242,37.09090909090909,16.251158666196673,random_forest
IND411033AAA>IND421302AAG,11,34.01817352673641,91.72727272727273,57.70909920053632,random_forest
IND421302AAG>IND400015AAB,11,26.756745504193944,47.18181818181818,20.425072677624236,random_forest
IND500010AAB>IND501359AAE,11,43.071981958203374,101.27272727272727,58.20074531452389,random_forest
IND400011AAA>IND400072AAD,11,11.821714992357407,24.09090909090909,12.269194098551683,random_forest
IND462042AAA>IND462022AAA,10,48.14695280849259,79.4,31.253047191507413,random_forest
IND462022AAA>IND000000ACB,10,87.59685081233462,558.0,470.40314918766535,random_forest
IND131021AAA>IND131028AAA,10,13.009923601850039,4.4,-8.609923601850038,random_forest
IND382430AAB>IND380054AAA,10,16.176308974191024,33.0,16.823691025808976,random_forest
IND401104AAA>IND401208AAA,10,12.471285996916226,30.0,17.528714003083774,random_forest
IND110064AAA>IND000000ACB,10,204.47950640376166,257.7,53.22049359623833,random_forest
IND121004AAB>IND000000ACB,10,54.88054485933954,92.2,37.319455140660466,random_forest
IND302014AAA>IND000000ACB,9,23.960630642067624,139.44444444444446,115.48381380237683,random_forest
IND395023AAD>IND395006AAA,9,7.811108879646893,14.777777777777779,6.9666688981308855,random_forest
IND562132AAA>IND560083AAB,9,33.1210589232953,27.0,-6.121058923295301,random_forest
IND000000ACB>IND201301AAM,9,26.801569412317047,122.11111111111111,95.30954169879406,random_forest
IND501359AAE>IND500010AAB,9,97.17080962059191,168.0,70.82919037940809,random_forest
IND474003AAA>IND000000ACB,9,36.33250618787393,173.33333333333334,137.00082714545943,random_forest
IND110037AAM>IND121004AAB,9,31.732661462056747,38.22222222222222,6.489560760165475,random_forest
IND000000ACB>IND110037AAK,9,110.87006396199278,136.22222222222223,25.352158260229444,random_forest
IND110043AAA>IND110078AAA,9,15.142258184444959,18.88888888888889,3.7466307044439304,random_forest
IND400015AAA>IND400072AAB,9,17.228609757273908,31.11111111111111,13.882501353837203,random_forest
IND560064AAD>IND560043AAC,9,16.621767544155745,27.666666666666668,11.044899122510923,random_forest
IND121004AAB>IND110037AAM,9,22.951808560987853,34.44444444444444,11.49263588345659,random_forest
IND121004AAB>IND121102AAA,9,15.999280994711082,32.666666666666664,16.667385671955582,random_forest
IND160002AAC>IND140603AAA,9,13.19131180546053,10.0,-3.191311805460529,random_forest
IND382430AAB>IND380005AAA,9,11.934143990215098,24.11111111111111,12.176967120896013,random_forest
IND131028AAB>IND000000ACB,9,53.01000264164195,65.77777777777777,12.767775136135825,random_forest
IND600032AAB>IND600076AAB,9,11.311965741865361,20.333333333333332,9.021367591467971,random_forest
IND560043AAC>IND560064AAA,9,11.46114246864294,9.0,-2.46114246864294,random_forest
IND000000ACA>IND160002AAC,9,13.147076971986293,64.44444444444444,51.29736747245815,random_forest
IND560300AAA>IND560043AAC,8,16.70542475208704,12.25,-4.4554247520870405,random_forest
IND382430AAB>IND380015AAB,8,18.21911119803587,16.125,-2.0941111980358684,random_forest
IND421302AAG>IND400072AAA,8,18.207463750917896,35.25,17.042536249082104,random_forest
IND380006AAB>IND382430AAB,8,12.22230981262373,33.625,21.402690187376272,random_forest
IND462022AAA>IND462011AAA,8,20.282079124292128,13.875,-6.407079124292128,random_forest
IND400701AAB>IND421302AAG,8,41.51097611083626,53.0,11.48902388916374,random_forest
IND712310AAE>IND712124AAA,8,23.841123234504884,58.375,34.533876765495116,random_forest
IND462001AAA>IND462022AAA,8,44.91778620589887,73.75,28.83221379410113,random_forest
IND421302AAR>IND421004AAA,8,18.344390860407856,27.375,9.030609139592144,random_forest
IND160002AAC>IND000000ACB,8,54.38325950161608,246.0,191.61674049838393,random_forest
IND411033AAA>IND411014AAA,8,28.667388981320386,41.25,12.582611018679614,random_forest
IND560058AAB>IND560060AAB,8,18.630335271461252,16.0,-2.6303352714612522,random_forest
IND110044AAB>IND131028AAB,8,23.559484528593718,41.25,17.690515471406282,random_forest
IND000000ACB>IND110064AAA,8,24.424230684596935,31.25,6.825769315403065,random_forest
IND600056AAB>IND600116AAB,7,33.106393941949094,25.857142857142858,-7.249251084806236,random_forest
IND411033AAA>IND413002AAA,7,33.38589878240519,151.0,117.61410121759481,random_forest
IND400015AAB>IND421302AAG,7,61.91000759096598,100.0,38.08999240903402,random_forest
IND110037AAM>IND110035AAC,7,38.71321796229243,52.857142857142854,14.143924894850421,random_forest
IND400072AAB>IND421302AAR,7,49.7661174220591,58.857142857142854,9.091025435083758,random_forest
IND560099AAB>IND560043AAC,7,21.629669824945722,25.857142857142858,4.227473032197135,random_forest
IND142001AAB>IND152026AAA,7,23.103459320402973,54.42857142857143,31.325112108168458,random_forest
IND600056AAB>IND600008AAC,7,34.24242248696528,66.14285714285714,31.900434655891857,random_forest
IND380054AAA>IND382430AAB,7,16.06906721403752,22.571428571428573,6.502361357391052,random_forest
IND380021AAA>IND382430AAB,7,28.20922989269412,26.0,-2.2092298926941183,random_forest
IND201307AAA>IND201301AAL,7,12.152317715966662,4.0,-8.152317715966662,random_forest
IND560300AAA>IND560058AAB,7,12.998858359939618,18.857142857142858,5.85828449720324,random_forest
IND209304AAA>IND000000ACB,7,108.40127059641938,270.42857142857144,162.02730083215206,random_forest
IND421302AAG>IND400102AAB,7,25.28383017862305,42.142857142857146,16.859026964234097,random_forest
IND530012AAA>IND532001AAB,7,26.414992524232414,72.57142857142857,46.15643604719615,random_forest
IND462022AAA>IND209304AAA,7,88.17804896116503,431.2857142857143,343.10766532454926,random_forest
IND400102AAB>IND421302AAG,7,72.84186501758957,49.142857142857146,-23.699007874732423,random_forest
IND400701AAA>IND410206AAA,7,6.1687001083998565,28.285714285714285,22.117014177314427,random_forest
IND500055AAC>IND501401AAC,7,8.330094673224508,20.857142857142858,12.52704818391835,random_forest
IND000000ACB>IND110095AAB,7,105.95390557569979,106.0,0.04609442430020749,random_forest
IND562132AAA>IND560058AAB,6,16.935083114685202,11.666666666666666,-5.268416448018536,random_forest
IND000000ACK>IND501359AAF,6,20.98200049980954,68.83333333333333,47.851332833523784,random_forest
IND122004AAA>IND122413AAE,6,21.83094391325385,25.5,3.6690560867461492,random_forest
IND421302AAG>IND562132AAA,6,319.83233336144764,567.3333333333334,247.50099997188573,random_forest
IND506002AAA>IND506132AAA,6,9.08202748401935,5.5,-3.582027484019349,random_forest
IND501359AAE>IND462022AAA,6,114.63075046107981,657.5,542.8692495389201,random_forest
IND600056AAB>IND600076AAB,6,8.585753478697448,36.666666666666664,28.080913187969216,random_forest
IND401104AAA>IND400072AAB,6,34.60151145004864,51.333333333333336,16.731821883284695,random_forest
IND506314AAA>IND506002AAA,6,93.45459157289154,115.16666666666667,21.712075093775127,random_forest
IND506132AAA>IND122001AAJ,6,8.050506734830066,26.5,18.449493265169934,random_forest
IND110037AAK>IND000000ACB,6,62.25224398462756,40.0,-22.25224398462756,random_forest
IND110037AAM>IND110085AAB,6,22.27598581512265,20.666666666666668,-1.609319148455981,random_forest
IND712311AAA>IND700088AAA,6,67.6742921628071,112.0,44.325707837192894,random_forest
IND421502AAA>IND421302AAR,6,9.334530265959907,43.666666666666664,34.33213640070676,random_forest
IND507303AAA>IND507002AAA,6,18.697594762274335,79.0,60.302405237725665,random_forest
IND560099AAB>IND560060AAB,6,15.208205778459977,17.666666666666668,2.458460888206691,random_forest
IND380006AAA>IND382430AAB,6,24.303459943067455,12.0,-12.303459943067455,random_forest
IND811399AAA>IND110044AAB,6,28.38275885696302,21.0,-7.382758856963019,random_forest
IND412105AAC>IND411017AAA,6,13.41791507183747,25.166666666666668,11.748751594829198,random_forest
IND585104AAA>IND585330AAE,6,4.654210854509007,33.333333333333336,28.67912247882433,random_forest
IND209304AAA>IND208012AAA,6,33.04006520360327,24.5,-8.54006520360327,random_forest
IND209304AAA>IND208006AAA,6,25.904369658867083,26.0,0.09563034113291735,random_forest
IND140301AAA>IND140001AAA,6,10.118401003978237,22.0,11.881598996021763,random_forest
IND411036AAA>IND411033AAA,6,19.5315283663639,56.0,36.4684716336361,random_forest
IND421301AAA>IND421302AAR,6,10.257866424018667,30.0,19.742133575981335,random_forest
IND206122AAA>IND206001AAA,6,8.853776871328966,22.833333333333332,13.979556462004366,random_forest
IND209101AAA>IND209111AAA,6,14.809707137269177,8.5,-6.309707137269177,random_forest
IND361001AAA>IND361305AAC,6,7.089162436798105,35.166666666666664,28.07750422986856,random_forest
IND209304AAA>IND206122AAA,6,13.750660199673055,26.666666666666668,12.916006466993613,random_forest
IND382430AAB>IND382345AAA,6,25.499040572664217,32.166666666666664,6.667626094002447,random_forest
IND585401AAA>IND502286AAB,6,23.65138748929152,46.0,22.34861251070848,random_forest
IND585330AAE>IND585401AAA,6,6.957263401189049,24.5,17.54273659881095,random_forest
IND560099AAB>IND560078AAC,6,17.52133998501134,16.166666666666668,-1.3546733183446733,random_forest
IND121004AAB>IND121004AAA,6,13.235069439274781,8.5,-4.735069439274781,random_forest
IND140901AAA>IND160055AAA,6,11.969338669018834,7.666666666666667,-4.302672002352167,random_forest
IND560099AAB>IND560048AAB,6,31.339054198398063,36.166666666666664,4.827612468268601,random_forest
IND000000ACB>IND421302AAG,6,283.29393841751505,839.0,555.706061582485,random_forest
IND502286AAB>IND502220AAC,6,10.465381010191772,45.833333333333336,35.367952323141566,random_forest
IND505122AAA>IND506002AAA,6,86.30783203365745,171.66666666666666,85.35883463300921,random_forest
IND600056AAB>IND600110AAA,6,8.628547074287209,52.833333333333336,44.20478625904613,random_forest
IND401209AAA>IND401104AAA,6,72.36795085098017,124.0,51.632049149019835,random_forest
IND502220AAC>IND501359AAE,6,42.38933348857955,35.333333333333336,-7.056000155246217,random_forest
IND285001AAD>IND285205AAB,6,8.672318484011255,14.833333333333334,6.161014849322079,random_forest
IND000000ACB>IND834002AAB,6,59.398869040334205,765.1666666666666,705.7677976263324,random_forest
IND000000AFT>IND421302AAG,5,73.41594695378521,103.8,30.384053046214788,random_forest
IND000000ACA>IND142401AAA,5,19.09180445689943,15.6,-3.4918044568994286,random_forest
IND000000ACB>IND411033AAA,5,123.64000516968092,802.6,678.9599948303191,random_forest
IND000000ACB>IND110043AAA,5,23.391189839759768,20.0,-3.391189839759768,random_forest
IND847226AAA>IND842001AAA,5,61.49479777915976,618.0,556.5052022208403,random_forest
IND847223AAA>IND842001AAA,5,111.98139077357318,486.2,374.2186092264268,random_forest
IND847212AAA>IND847226AAA,5,6.0449184783191425,25.4,19.355081521680855,random_forest
IND573201AAB>IND572201AAB,5,4.953471462589631,30.8,25.84652853741037,random_forest
IND571432AAB>IND571426AAA,5,6.010532288393037,17.4,11.389467711606962,random_forest
IND854326AAB>IND854311AAA,5,21.90318658290787,17.0,-4.903186582907871,random_forest
IND000000ACB>IND121004AAB,5,15.801724675729195,48.4,32.5982753242708,random_forest
IND249407AAA>IND249201AAA,5,20.19472263543677,17.2,-2.9947226354367693,random_forest
IND282002AAD>IND281004AAA,5,10.51371083344718,31.4,20.88628916655282,random_forest
IND274301AAB>IND273014AAB,5,47.452839882609396,152.0,104.5471601173906,random_forest
IND273014AAB>IND274001AAA,5,15.790381897612004,75.6,59.80961810238799,random_forest
IND742223AAA>IND742226AAA,5,9.459582768680672,26.2,16.740417231319327,random_forest
IND742121AAB>IND742121AAA,5,9.15923686780584,26.2,17.040763132194158,random_forest
IND742121AAA>IND742102AAB,5,18.0705397171483,78.6,60.529460282851694,random_forest
IND742102AAB>IND713130AAA,5,12.943865272314303,87.0,74.0561347276857,random_forest
IND110037AAM>IND209304AAA,5,97.28884090379462,380.4,283.11115909620537,random_forest
IND401104AAB>IND421302AAG,5,41.425086552308,72.2,30.774913447692,random_forest
IND691001AAB>IND691506AAA,5,10.818368839848194,7.6,-3.2183688398481944,random_forest
IND690548AAA>IND688009AAA,5,9.000506500120409,5.4,-3.6005065001204084,random_forest
IND689101AAA>IND689650AAA,5,6.691497370562492,7.8,1.108502629437508,random_forest
IND688009AAA>IND686028AAB,5,47.72593241461974,109.0,61.27406758538026,random_forest
IND411021AAA>IND411033AAA,5,60.92046020711423,76.8,15.879539792885765,random_forest
IND382430AAB>IND384205AAA,5,177.38740762411945,205.8,28.412592375880564,random_forest
IND160002AAC>IND140301AAA,5,12.48076131602785,22.6,10.119238683972151,random_forest
IND832109AAB>IND834002AAB,5,31.64585146284322,133.4,101.7541485371568,random_forest
IND144001AAB>IND000000ACA,5,10.835753691172545,83.0,72.16424630882746,random_forest
IND141109AAA>IND000000ACA,5,24.55767993470688,17.4,-7.157679934706881,random_forest
IND140901AAA>IND160002AAC,5,19.485714535617113,27.4,7.9142854643828855,random_forest
IND140301AAA>IND140901AAA,5,9.09217672363729,16.0,6.907823276362709,random_forest
IND560300AAA>IND560078AAC,5,13.717884283748617,72.2,58.482115716251386,random_forest
IND383001AAA>IND383315AAC,5,10.905772614073667,9.4,-1.505772614073667,random_forest
IND000000ACB>IND501359AAE,5,142.7337546797508,1052.6,909.8662453202492,random_forest
IND000000ACB>IND462022AAA,5,38.374417212089284,487.8,449.42558278791074,random_forest
IND110078AAA>IND110043AAA,5,25.62259379027707,43.8,18.17740620972293,random_forest
IND829122AAA>IND825301AAA,5,5.690176121913455,34.2,28.50982387808655,random_forest
IND829121AAA>IND834002AAB,5,73.79663692560393,363.2,289.40336307439605,random_forest
IND828111AAA>IND826004AAA,5,84.07679928931066,131.8,47.723200710689355,random_forest
IND560099AAB>IND560058AAB,5,14.653182051895675,26.8,12.146817948104326,random_forest
IND560083AAB>IND562132AAA,5,53.58086058523215,59.4,5.819139414767847,random_forest
IND560078AAC>IND560099AAB,5,18.656597192211578,46.4,27.74340280778842,random_forest
IND560060AAB>IND560099AAB,5,19.962105224734852,18.8,-1.1621052247348516,random_forest
IND175001AAA>IND175101AAA,5,10.539422886772943,65.0,54.46057711322706,random_forest
IND560058AAB>IND562132AAA,5,23.318057671459734,11.8,-11.518057671459733,random_forest
IND560058AAB>IND560099AAB,5,13.75356981901362,23.6,9.846430180986381,random_forest
IND560048AAB>IND560099AAB,5,69.25376258737751,84.0,14.746237412622492,random_forest
IND560043AAC>IND560099AAB,5,13.537763949922413,27.0,13.462236050077587,random_forest
IND560002AAA>IND562132AAA,5,23.660869364943675,46.4,22.739130635056323,random_forest
IND535558AAA>IND535501AAB,5,5.081929684852215,15.0,9.918070315147785,random_forest
IND560058AAD>IND562132AAA,5,47.729473894474,12.4,-35.329473894474,random_forest
IND821115AAB>IND209304AAA,5,33.53810322035456,296.6,263.06189677964545,random_forest
IND203390AAA>IND201301AAF,5,91.67638041551473,235.4,143.72361958448528,random_forest
IND203131AAA>IND203135AAA,5,10.515005591068487,23.0,12.484994408931513,random_forest
IND826004AAA>IND815351AAA,5,7.683317264333394,85.6,77.9166827356666,random_forest
IND160055AAA>IND160002AAC,5,35.821928901397584,2.2,-33.62192890139758,random_forest
IND175018AAA>IND175001AAA,5,5.970644539482839,29.2,23.229355460517162,random_forest
IND382430AAB>IND000000ACB,5,194.73822298652442,770.2,575.4617770134756,random_forest
IND560300AAA>IND560002AAA,5,15.573177481830692,9.4,-6.173177481830692,random_forest
IND560099AAB>IND560085AAA,5,26.43770193928558,31.8,5.362298060714419,random_forest
IND585314AAA>IND585104AAA,5,53.32670145475326,85.6,32.27329854524673,random_forest
IND585222AAA>IND585307AAB,5,3.3821373898951075,22.8,19.417862610104894,random_forest
IND585211AAA>IND585222AAA,5,16.989807537849636,22.2,5.2101924621503635,random_forest
IND585104AAA>IND586128AAA,5,9.2040210720169,72.0,62.7959789279831,random_forest
IND585104AAA>IND585211AAA,5,3.462315594583886,34.2,30.73768440541612,random_forest
IND134109AAA>IND160002AAC,5,124.89575720326884,392.4,267.50424279673115,random_forest
IND560300AAA>IND560085AAA,5,17.558924568730994,13.0,-4.558924568730994,random_forest
IND151506AAA>IND151001AAA,5,39.28103231435592,23.4,-15.88103231435592,random_forest
IND834002AAB>IND826004AAA,5,8.680425814723765,179.8,171.11957418527624,random_forest
IND201301AAF>IND203205AAA,5,12.758269210469944,48.6,35.84173078953006,random_forest
IND586211AAA>IND585314AAA,5,35.30658019356265,99.2,63.89341980643735,random_forest
IND586128AAA>IND586211AAA,5,7.248779135878102,30.8,23.5512208641219,random_forest
IND533308AAB>IND533003AAA,5,12.424493114632241,31.0,18.57550688536776,random_forest
IND533106AAA>IND533308AAB,5,35.214040300160306,96.8,61.58595969983969,random_forest
IND382715AAA>IND382430AAB,5,19.893327018793762,58.2,38.30667298120624,random_forest
IND413501AAA>IND413401AAA,5,4.959578883230334,16.2,11.240421116769665,random_forest
IND413401AAA>IND411033AAA,5,35.10156321801498,225.4,190.29843678198503,random_forest
IND413002AAA>IND501359AAE,5,55.90667781370403,190.4,134.49332218629598,random_forest
IND413002AAA>IND413501AAA,5,15.986748347561383,28.8,12.813251652438618,random_forest
IND673506AAA>IND670643AAA,5,4.687068485399209,9.6,4.912931514600791,random_forest
IND673104AAA>IND673506AAA,5,8.017920670188738,12.6,4.582079329811261,random_forest
IND670643AAA>IND673632AAA,5,28.41073437873208,82.6,54.189265621267914,random_forest
IND209111AAA>IND285001AAD,5,13.108602311798592,37.8,24.691397688201405,random_forest
IND206001AAA>IND000000ACB,5,56.2872227342045,234.8,178.5127772657955,random_forest
IND591123AAC>IND587103AAB,5,4.45552534424179,34.2,29.74447465575821,random_forest
IND591102AAA>IND591307AAC,5,11.365290557137936,41.0,29.634709442862064,random_forest
IND202001AAB>IND282002AAD,5,26.85503248327971,97.2,70.34496751672029,random_forest
IND700053AAA>IND700144AAA,5,39.74823923139891,64.4,24.651760768601093,random_forest
IND695582AAA>IND695101AAB,5,8.82070743739215,7.4,-1.4207074373921493,random_forest
IND695101AAB>IND691574AAA,5,13.900805112207001,2.8,-11.100805112207002,random_forest
IND691574AAA>IND695614AAA,5,6.511810627663559,9.8,3.2881893723364417,random_forest
IND421302AAF>IND421302AAR,5,10.304944226349809,16.0,5.695055773650191,random_forest
IND421302AAG>IND444005AAB,5,58.393583414577634,550.6,492.2064165854224,random_forest
IND421302AAG>IND422011AAD,5,23.1518879891864,73.8,50.6481120108136,random_forest
IND712103AAA>IND712310AAE,5,37.8193228852928,58.4,20.5806771147072,random_forest
IND523316AAB>IND522647AAA,5,11.278638668391407,47.2,35.921361331608594,random_forest
IND523230AAA>IND523105AAA,5,10.154551735003034,14.0,3.845448264996966,random_forest
IND523226AAA>IND523316AAB,5,6.863152182490237,49.0,42.13684781750976,random_forest
IND523105AAA>IND524201AAA,5,4.469258769006377,13.6,9.130741230993623,random_forest
IND523002AAA>IND523230AAA,5,10.21016659526338,40.0,29.78983340473662,random_forest
IND522647AAA>IND523201AAA,5,12.06966650200987,21.4,9.330333497990129,random_forest
IND532127AAA>IND535591AAA,5,4.245124599097995,31.2,26.954875400902004,random_forest
IND532001AAB>IND532421AAA,5,14.410864047414474,26.4,11.989135952585524,random_forest
IND532001AAB>IND532127AAA,5,8.785695644800668,32.0,23.21430435519933,random_forest
IND532001AAB>IND530012AAA,5,15.222491902916454,94.4,79.17750809708355,random_forest
IND842001AAA>IND843329AAB,5,15.920064273218026,19.0,3.079935726781974,random_forest
IND842001AAA>IND843105AAB,5,8.787453774348322,26.6,17.81254622565168,random_forest
IND834002AAB>IND829122AAA,5,11.849210460117979,36.0,24.15078953988202,random_forest
IND131028AAB>IND244001AAA,5,131.88236646883297,233.6,101.71763353116702,random_forest
IND126116AAA>IND131301AAA,5,18.095859750371822,112.8,94.70414024962818,random_forest
IND126102AAA>IND126116AAA,5,6.522673689938332,28.4,21.877326310061665,random_forest
IND140001AAA>IND140118AAA,5,4.53048254239337,22.8,18.269517457606632,random_forest
IND401602AAA>IND401501AAA,5,65.12665179313758,193.2,128.07334820686242,random_forest
IND401501AAA>IND401602AAA,5,10.31024619862583,31.6,21.28975380137417,random_forest
IND686028AAB>IND689101AAA,5,7.206144853608819,11.0,3.7938551463911807,random_forest
IND683572AAA>IND680307AAA,5,11.108967545046129,5.0,-6.108967545046129,random_forest
IND390022AAA>IND388320AAA,5,12.221202606009651,34.0,21.77879739399035,random_forest
IND384205AAA>IND382715AAA,5,7.64263080320963,23.6,15.95736919679037,random_forest
IND210501AAB>IND209304AAA,5,39.42728154278397,93.0,53.57271845721603,random_forest
IND209304AAA>IND211002AAB,5,65.79480996576436,58.4,-7.39480996576436,random_forest
IND209304AAA>IND209801AAA,5,35.03251861071853,68.2,33.16748138928147,random_forest
IND209304AAA>IND209206AAB,5,27.537394415961636,12.4,-15.137394415961635,random_forest
IND700136AAG>IND712310AAA,5,11.36540415319683,65.8,54.43459584680317,random_forest
IND421302AAG>IND400701AAB,5,17.041648432998866,30.6,13.558351567001136,random_forest
IND421302AAG>IND395023AAA,5,40.377230132925455,256.6,216.22276986707456,random_forest
IND422011AAD>IND421302AAG,5,133.8387003806067,246.8,112.96129961939332,random_forest
IND600044AAD>IND600056AAB,5,19.149947174212848,25.0,5.850052825787152,random_forest
IND781001AAA>IND781018AAB,5,29.338895789712335,42.6,13.261104210287666,random_forest
IND518401AAA>IND518422AAB,5,13.665581556867323,16.2,2.534418443132676,random_forest
IND518002AAA>IND518401AAA,5,13.17540026722996,19.2,6.024599732770039,random_forest
IND421302AAR>IND421301AAA,5,6.966912452254684,32.4,25.433087547745316,random_forest
IND421302AAG>IND501359AAE,5,44.855504428968764,534.2,489.3444955710313,random_forest
IND425405AAA>IND424006AAA,5,199.75895316383532,977.0,777.2410468361647,random_forest
IND244001AAA>IND263153AAB,5,16.1307845631107,79.0,62.8692154368893,random_forest
IND424006AAA>IND424101AAA,5,26.31132062045817,55.6,29.288679379541833,random_forest
IND713130AAA>IND741123AAB,5,13.859409917959756,72.0,58.14059008204025,random_forest
IND444602AAA>IND444005AAB,5,17.403028166869596,103.0,85.5969718331304,random_forest
IND313001AAB>IND382430AAB,5,38.234638166032006,214.6,176.365361833968,random_forest
IND713148AAA>IND713128AAB,5,8.674617214170802,50.2,41.5253827858292,random_forest
IND431136AAC>IND431203AAA,5,29.741891893609033,43.0,13.258108106390967,random_forest
IND431136AAC>IND431001AAA,5,35.90268430335222,20.6,-15.302684303352216,random_forest
IND431001AAB>IND431136AAC,5,15.842377166117023,25.0,9.157622833882977,random_forest
IND461111AAA>IND460001AAA,5,9.193921882992209,55.0,45.80607811700779,random_forest
IND460001AAA>IND480334AAA,5,14.812068820097394,88.0,73.1879311799026,random_forest
IND757037AAA>IND756100AAC,5,139.6037578952632,238.6,98.99624210473681,random_forest
IND505467AAA>IND505122AAA,5,4.9884333009421615,36.6,31.61156669905784,random_forest
IND508207AAB>IND507002AAA,5,59.38715464087021,136.0,76.61284535912979,random_forest
IND731301AAA>IND713205AAB,5,31.200844890228062,95.0,63.79915510977194,random_forest
IND480334AAA>IND480106AAA,5,10.738377737684145,10.2,-0.5383777376841454,random_forest
IND395023AAA>IND382430AAB,5,48.88951456917313,137.8,88.91048543082688,random_forest
IND410206AAA>IND000000AFT,5,52.97493224375704,59.2,6.225067756242964,random_forest
IND402109AAA>IND402301AAA,5,10.01206734500436,39.6,29.58793265499564,random_forest
IND402107AAA>IND402109AAA,5,5.57289378816435,35.8,30.227106211835647,random_forest
IND136128AAA>IND136027AAA,5,3.9571539776687126,22.4,18.442846022331285,random_forest
IND136118AAA>IND136128AAA,5,3.0364447392908276,12.2,9.163555260709172,random_forest
IND136027AAA>IND132039AAA,5,10.936289392177285,26.0,15.063710607822715,random_forest
IND562132AAA>IND560048AAB,5,20.400836090520283,41.8,21.399163909479714,random_forest
IND562132AAA>IND560043AAC,5,18.52219095222571,21.2,2.6778090477742893,random_forest
IND562132AAA>IND302014AAA,5,166.32634284523448,1403.2,1236.8736571547656,random_forest
IND562132AAA>IND000000ACB,5,86.59789163003279,1231.8,1145.2021083699672,random_forest
IND842001AAA>IND847212AAA,5,36.16687553129021,79.0,42.83312446870979,random_forest
IND842001AAA>IND846004AAA,5,23.81075004137688,45.6,21.78924995862312,random_forest
IND302020AAA>IND302014AAB,5,23.03168393281336,64.8,41.76831606718664,random_forest
IND302014AAB>IND302026AAA,5,23.99531919193435,59.0,35.00468080806565,random_forest
IND302014AAB>IND302023AAA,5,14.57727311127191,46.6,32.02272688872809,random_forest
IND000000AFJ>IND695121AAA,5,8.755940088784746,4.6,-4.155940088784746,random_forest
IND000000ADV>IND600044AAC,5,16.894832957546427,46.0,29.105167042453573,random_forest
IND000000ACT>IND160002AAC,5,18.756192153597482,183.8,165.04380784640253,random_forest
IND847103AAA>IND847404AAB,5,11.57556430017531,36.4,24.82443569982469,random_forest
IND846004AAA>IND847103AAA,5,63.075769622029405,72.6,9.52423037797059,random_forest
IND845401AAA>IND845305AAA,5,3.967652864242848,53.6,49.63234713575715,random_forest
IND000000ACB>IND842001AAA,5,47.85837509334683,759.0,711.1416249066532,random_forest
IND122001AAA>IND000000ACB,5,17.29101297133934,24.2,6.908987028660658,random_forest
IND580028AAA>IND591123AAC,5,62.157825811220846,79.4,17.24217418877916,random_forest
IND580028AAA>IND590016AAA,5,222.82093165345154,251.2,28.37906834654845,random_forest
IND577002AAA>IND581115AAC,5,15.253617482870505,28.2,12.946382517129495,random_forest
IND500008AAF>IND500039AAC,5,6.260940035804511,40.2,33.93905996419549,random_forest
IND501359AAE>IND585104AAA,5,27.84901432019661,105.6,77.75098567980339,random_forest
IND302014AAB>IND302006AAC,5,25.643738229335717,31.8,6.156261770664283,random_forest
IND507117AAB>IND507303AAA,5,22.82047684191911,90.6,67.77952315808088,random_forest
IND507111AAA>IND507117AAB,5,7.0074798398996165,27.6,20.592520160100385,random_forest
IND507002AAA>IND507167AAA,5,7.926411571993294,34.2,26.273588428006708,random_forest
IND506167AAB>IND501359AAE,5,23.16611078828297,120.6,97.43388921171703,random_forest
IND506143AAA>IND506167AAB,5,7.392610145215633,11.6,4.207389854784367,random_forest
IND506002AAA>IND506143AAA,5,3.88171269572016,20.2,16.31828730427984,random_forest
IND400037AAA>IND400072AAJ,5,8.907989621565928,25.0,16.092010378434072,random_forest
IND400102AAC>IND421302AAG,5,84.6496054321261,133.6,48.9503945678739,random_forest
IND843329AAB>IND843301AAA,5,15.738994662184854,33.2,17.46100533781515,random_forest
IND843301AAA>IND843320AAA,5,22.08787078929479,18.8,-3.2878707892947894,random_forest
IND843105AAB>IND848101AAA,5,10.222595655921912,22.0,11.777404344078088,random_forest
IND842001AAA>IND854326AAB,5,39.29339680629596,191.0,151.70660319370404,random_forest
IND583101AAA>IND583201AAA,5,26.87667254181283,75.8,48.92332745818717,random_forest
IND582101AAB>IND580028AAA,5,13.002857991259612,80.6,67.59714200874038,random_forest
IND581115AAC>IND581110AAE,5,11.429254395380692,19.6,8.17074560461931,random_forest
IND395023AAD>IND395004AAB,5,12.255764016191282,27.6,15.34423598380872,random_forest
IND395023AAA>IND562132AAA,5,149.99300168603943,838.0,688.0069983139606,random_forest
IND302014AAA>IND301001AAB,5,6.517059951190541,108.4,101.88294004880946,random_forest
IND302014AAA>IND110037AAM,5,47.33783652205143,171.6,124.26216347794856,random_forest
IND501359AAE>IND500080AAB,5,13.650187258535151,25.0,11.349812741464849,random_forest
IND501359AAE>IND500008AAC,5,10.010519363427516,19.8,9.789480636572485,random_forest
IND501359AAE>IND411033AAA,5,35.23988016706498,449.8,414.560119832935,random_forest
IND741156AAA>IND742102AAB,5,14.902959421935089,73.2,58.297040578064916,random_forest
IND248197AAA>IND248122AAB,5,25.608267347477476,39.6,13.991732652522526,random_forest
IND248122AAB>IND248001AAA,5,14.08954357242357,49.6,35.51045642757643,random_forest
IND263401AAA>IND263153AAB,5,30.285378355859535,52.2,21.914621644140468,random_forest
IND263153AAB>IND131028AAB,5,42.03714964739869,235.0,192.96285035260132,random_forest
IND742401AAA>IND742102AAB,5,56.671969018197885,165.0,108.32803098180212,random_forest
IND742226AAA>IND742102AAB,5,12.619489248213126,58.8,46.18051075178687,random_forest
IND742225AAA>IND742223AAA,5,2.7491120802588127,30.8,28.05088791974119,random_forest
IND741126AAB>IND741156AAA,5,6.276432718684084,24.8,18.523567281315916,random_forest
IND741123AAB>IND741126AAB,5,6.047959427344743,52.0,45.95204057265526,random_forest
IND110044AAB>IND110030AAD,4,19.228462809374495,7.75,-11.478462809374495,random_forest
IND110037AAM>IND421302AAG,4,167.05046608397407,923.5,756.449533916026,random_forest
IND110037AAM>IND202001AAB,4,29.0410015670069,86.0,56.9589984329931,random_forest
IND683511AAA>IND000000ADM,4,15.179360751184177,10.25,-4.929360751184177,random_forest
IND683511AAA>IND000000ABA,4,15.371182312830665,6.5,-8.871182312830665,random_forest
IND680104AAA>IND679576AAA,4,7.599107999469797,13.25,5.650892000530203,random_forest
IND679531AAA>IND680587AAA,4,11.751658332705283,12.75,0.9983416672947172,random_forest
IND396321AAA>IND396580AAB,4,2.3421689767962457,28.25,25.907831023203755,random_forest
IND396232AAA>IND396191AAC,4,7.267991950763603,32.25,24.9820080492364,random_forest
IND396191AAC>IND396232AAA,4,6.644156853562874,25.75,19.105843146437124,random_forest
IND845305AAA>IND842001AAA,4,222.40347654797822,231.75,9.346523452021785,random_forest
IND843126AAA>IND842001AAA,4,83.9300970254127,25.0,-58.93009702541271,random_forest
IND843109AAB>IND843126AAA,4,73.65618411752193,68.0,-5.656184117521931,random_forest
IND562132AAA>IND560085AAA,4,12.888842573839893,26.25,13.361157426160107,random_forest
IND562132AAA>IND560060AAB,4,21.124783059946395,32.75,11.625216940053605,random_forest
IND582209AAA>IND582101AAB,4,13.504847615325884,25.25,11.745152384674116,random_forest
IND261001AAA>IND262701AAA,4,22.973869465857394,79.5,56.52613053414261,random_forest
IND283122AAB>IND328001AAA,4,41.26101839948457,9.5,-31.76101839948457,random_forest
IND282002AAD>IND474003AAA,4,57.6271112480033,96.5,38.8728887519967,random_forest
IND282002AAD>IND205001AAB,4,10.908739342306607,94.25,83.3412606576934,random_forest
IND282001AAF>IND283122AAB,4,11.560041759101084,19.25,7.689958240898916,random_forest
IND503122AAA>IND502110AAA,4,6.067191125779141,22.5,16.43280887422086,random_forest
IND503111AAC>IND503185AAA,4,7.806352244731203,52.25,44.4436477552688,random_forest
IND502110AAA>IND502313AAA,4,7.869939512908082,14.5,6.630060487091918,random_forest
IND603203AAA>IND600044AAD,4,9.987237180705051,26.75,16.76276281929495,random_forest
IND505327AAA>IND505425AAA,4,12.82770079409957,23.0,10.17229920590043,random_forest
IND274304AAB>IND274301AAB,4,9.951106173561385,19.25,9.298893826438615,random_forest
IND274001AAA>IND274509AAB,4,16.798226998432387,18.75,1.951773001567613,random_forest
IND742148AAA>IND742225AAA,4,11.8117398630175,30.0,18.1882601369825,random_forest
IND742102AAB>IND742303AAB,4,3.9183018620449896,32.0,28.08169813795501,random_forest
IND742102AAB>IND731237AAB,4,12.68458913042731,55.0,42.31541086957269,random_forest
IND505001AAB>IND504208AAB,4,21.686852863495343,51.25,29.563147136504657,random_forest
IND507123AAA>IND506314AAA,4,10.838021301714026,44.75,33.91197869828598,random_forest
IND506001AAC>IND505467AAA,4,5.435367878050533,20.5,15.064632121949467,random_forest
IND302014AAB>IND302004AAA,4,17.29486372387132,31.0,13.70513627612868,random_forest
IND301001AAB>IND321001AAB,4,8.619858845159673,57.75,49.13014115484033,random_forest
IND501359AAE>IND506002AAA,4,8.333838904605496,105.75,97.4161610953945,random_forest
IND501359AAE>IND500039AAC,4,7.653517004046625,36.5,28.846482995953373,random_forest
IND503187AAA>IND503122AAA,4,5.6970244961742385,13.0,7.3029755038257615,random_forest
IND503185AAA>IND503187AAA,4,6.766756210898165,13.5,6.733243789101835,random_forest
IND741165AAB>IND742121AAB,4,19.9376740706018,20.5,0.5623259293981988,random_forest
IND263153AAB>IND244715AAA,4,9.816293731083178,70.75,60.93370626891682,random_forest
IND262802AAA>IND262723AAB,4,25.48171586394146,118.5,93.01828413605854,random_forest
IND262701AAA>IND262802AAA,4,12.706713704902041,38.25,25.543286295097957,random_forest
IND743270AAA>IND712311AAA,4,439.5015809881095,1061.75,622.2484190118905,random_forest
IND743235AAA>IND743270AAA,4,6.961838497424503,19.5,12.538161502575498,random_forest
IND742303AAB>IND741165AAB,4,6.911156649526649,75.5,68.58884335047335,random_forest
IND261201AAB>IND261001AAA,4,22.125100019488773,54.75,32.62489998051123,random_forest
IND723131AAA>IND722140AAA,4,11.588263813959536,15.5,3.9117361860404642,random_forest
IND466001AAA>IND466116AAA,4,6.965376714135478,31.25,24.284623285864523,random_forest
IND462022AAA>IND466001AAA,4,15.563811728119376,84.5,68.93618827188062,random_forest
IND627005AAA>IND628801AAA,4,25.546449496815747,33.5,7.953550503184253,random_forest
IND732202AAA>IND732204AAB,4,4.915957658189788,27.0,22.08404234181021,random_forest
IND732103AAB>IND733128AAA,4,12.423692607573033,61.0,48.57630739242697,random_forest
IND732103AAB>IND732202AAA,4,7.332499451181501,55.5,48.167500548818495,random_forest
IND306401AAB>IND302014AAA,4,52.77059836523735,191.5,138.72940163476267,random_forest
IND500039AAC>IND508116AAA,4,5.054074310637194,42.5,37.44592568936281,random_forest
IND501401AAC>IND500010AAA,4,56.39433770880769,103.25,46.85566229119231,random_forest
IND501359AAE>IND518002AAA,4,19.904176129146602,113.5,93.5958238708534,random_forest
IND302014AAB>IND302020AAA,4,15.775283164302486,24.0,8.224716835697514,random_forest
IND249407AAA>IND246149AAA,4,21.376794966182768,74.0,52.62320503381723,random_forest
IND249407AAA>IND131028AAB,4,104.81961364565915,298.75,193.93038635434084,random_forest
IND249201AAA>IND249407AAA,4,149.17422707085137,322.5,173.32577292914863,random_forest
IND249201AAA>IND246174AAA,4,58.352888746202844,114.5,56.147111253797156,random_forest
IND246001AAA>IND249201AAA,4,63.149424228513695,54.0,-9.149424228513695,random_forest
IND756100AAC>IND758034AAA,4,148.75946668825787,367.25,218.49053331174213,random_forest
IND743513AAA>IND743347AAA,4,11.674716227764446,50.5,38.82528377223555,random_forest
IND743395AAA>IND700053AAA,4,77.35243141533415,156.0,78.64756858466585,random_forest
IND509103AAB>IND518002AAA,4,25.620184105742684,86.75,61.12981589425732,random_forest
IND508206AAA>IND508207AAB,4,3.8301647579953855,40.0,36.169835242004616,random_forest
IND508116AAA>IND508277AAB,4,11.396856781477982,2.75,-8.646856781477982,random_forest
IND507159AAA>IND508206AAA,4,31.37340630675952,4.0,-27.37340630675952,random_forest
IND515301AAA>IND561202AAB,4,6.328619064847985,15.75,9.421380935152015,random_forest
IND515004AAA>IND515671AAA,4,27.881748455513012,26.25,-1.6317484555130122,random_forest
IND509301AAA>IND509216AAC,4,28.496412001596433,33.25,4.753587998403567,random_forest
IND305624AAA>IND305404AAA,4,26.750310708759883,52.5,25.749689291240117,random_forest
IND305601AAC>IND305001AAC,4,17.450795651712347,33.0,15.549204348287653,random_forest
IND305404AAA>IND305601AAC,4,17.27820235705466,21.25,3.97179764294534,random_forest
IND305001AAC>IND305802AAA,4,11.132832195112702,27.0,15.867167804887298,random_forest
IND731237AAB>IND731224AAA,4,8.6636331536748,40.75,32.0863668463252,random_forest
IND638701AAA>IND641607AAA,4,14.16459757967198,19.75,5.58540242032802,random_forest
IND638657AAA>IND638701AAA,4,5.186592131961768,12.75,7.563407868038232,random_forest
IND444005AAB>IND421302AAG,4,58.74641505671546,465.75,407.0035849432845,random_forest
IND431203AAA>IND431112AAB,4,10.476578824799265,57.0,46.52342117520074,random_forest
IND313001AAB>IND306401AAB,4,18.092064932981664,154.75,136.65793506701834,random_forest
IND312403AAA>IND312001AAA,4,37.67252612522022,70.25,32.57747387477978,random_forest
IND721134AAB>IND721139AAC,4,13.831274396349777,8.0,-5.831274396349777,random_forest
IND721102AAA>IND712311AAA,4,52.03975645632309,574.25,522.2102435436769,random_forest
IND431112AAB>IND431136AAC,4,21.357021255389085,106.75,85.39297874461091,random_forest
IND425508AAB>IND450331AAA,4,8.262209279739443,30.5,22.237790720260556,random_forest
IND631501AAA>IND631003AAA,4,10.31596964426845,42.25,31.93403035573155,random_forest
IND631003AAA>IND600056AAB,4,14.084976258775026,43.0,28.915023741224974,random_forest
IND628801AAA>IND628204AAA,4,6.653950796756426,9.0,2.346049203243574,random_forest
IND628204AAA>IND627657AAA,4,7.110872918794441,14.0,6.889127081205559,random_forest
IND450331AAA>IND452001AAC,4,26.480302204915937,81.0,54.51969779508406,random_forest
IND246174AAA>IND246444AAB,4,15.706572014569701,24.5,8.793427985430299,random_forest
IND244715AAA>IND244713AAA,4,5.338809684974482,3.5,-1.838809684974482,random_forest
IND244713AAA>IND263401AAA,4,2.333612748920089,26.75,24.41638725107991,random_forest
IND244235AAA>IND244901AAB,4,46.25635735792189,22.25,-24.006357357921893,random_forest
IND244221AAA>IND131028AAB,4,28.163698786951652,99.0,70.83630121304834,random_forest
IND246424AAA>IND246174AAA,4,335.8130269537298,255.5,-80.31302695372977,random_forest
IND516115AAA>IND517501AAB,4,11.007354505126084,83.25,72.24264549487391,random_forest
IND516101AAA>IND516115AAA,4,16.3596587795458,43.75,27.3903412204542,random_forest
IND515865AAB>IND515761AAA,4,2.88526019596398,23.5,20.61473980403602,random_forest
IND515761AAA>IND515004AAA,4,7.1708862543739365,47.75,40.57911374562606,random_forest
IND515671AAA>IND515134AAA,4,7.680893924976954,18.5,10.819106075023047,random_forest
IND328001AAA>IND282002AAD,4,24.63273964976435,101.5,76.86726035023565,random_forest
IND712311AAA>IND721306AAA,4,9.952072461752572,102.75,92.79792753824742,random_forest
IND335804AAD>IND335703AAA,4,9.133882899816838,4.75,-4.383882899816838,random_forest
IND423701AAB>IND422011AAD,4,22.79739538940188,81.75,58.952604610598115,random_forest
IND641011AAA>IND641062AAD,4,37.454154849411495,101.5,64.0458451505885,random_forest
IND641006AAD>IND641062AAD,4,97.4688468330513,126.0,28.531153166948698,random_forest
IND600016AAA>IND600119AAA,4,19.52828211892578,47.25,27.72171788107422,random_forest
IND212402AAA>IND211002AAB,4,148.15360913968448,1027.0,878.8463908603155,random_forest
IND211002AAB>IND211011AAA,4,17.56513354375685,23.25,5.6848664562431495,random_forest
IND335703AAA>IND335701AAA,4,15.67252311182514,13.0,-2.6725231118251394,random_forest
IND712311AAA>IND712410AAC,4,50.85803198368312,160.25,109.39196801631688,random_forest
IND712310AAE>IND711303AAA,4,29.803523937609256,85.25,55.446476062390744,random_forest
IND712124AAA>IND712103AAA,4,7.898096104164754,19.5,11.601903895835246,random_forest
IND421302AAN>IND400072AAB,4,3.2488367394253306,32.5,29.25116326057467,random_forest
IND421302AAG>IND712311AAA,4,268.72941422097256,1537.0,1268.2705857790274,random_forest
IND424304AAC>IND425412AAA,4,11.868929639158376,29.5,17.631070360841626,random_forest
IND424006AAA>IND424304AAC,4,12.675003082868903,50.0,37.324996917131095,random_forest
IND509216AAC>IND501359AAE,4,16.398931926918834,41.25,24.851068073081166,random_forest
IND517583AAA>IND516101AAA,4,3.816789562087523,51.0,47.18321043791248,random_forest
IND517501AAB>IND517583AAA,4,4.710943252130326,28.0,23.289056747869672,random_forest
IND516390AAA>IND515004AAA,4,18.829543255061736,81.75,62.920456744938264,random_forest
IND516269AAA>IND516390AAA,4,9.007747101246368,49.0,39.992252898753634,random_forest
IND785690AAB>IND785682AAA,4,3.6553738674266505,104.5,100.84462613257335,random_forest
IND209304AAA>IND282001AAA,4,66.22187405970988,286.25,220.02812594029012,random_forest
IND209304AAA>IND221313AAA,4,72.97376853559207,278.0,205.02623146440794,random_forest
IND209304AAA>IND212601AAA,4,63.73074180377957,100.75,37.01925819622043,random_forest
IND209304AAA>IND209101AAA,4,17.23609077722928,37.5,20.26390922277072,random_forest
IND209304AAA>IND208019AAA,4,13.665969325648609,64.25,50.58403067435139,random_forest
IND344022AAB>IND344001AAA,4,14.320940253106054,28.25,13.929059746893946,random_forest
IND341510AAB>IND305001AAC,4,18.16974541759433,80.75,62.58025458240567,random_forest
IND341505AAA>IND341503AAB,4,15.026018667886083,67.75,52.723981332113915,random_forest
IND341303AAA>IND341306AAA,4,6.905113987713975,16.75,9.844886012286025,random_forest
IND600056AAB>IND600016AAC,4,7.231493900962416,49.25,42.01850609903758,random_forest
IND600056AAB>IND562132AAA,4,43.34641951337138,200.0,156.6535804866286,random_forest
IND600044AAD>IND600048AAA,4,28.972818874910654,6.5,-22.472818874910654,random_forest
IND781018AAB>IND781003AAA,4,24.914145899951187,39.75,14.835854100048813,random_forest
IND244901AAB>IND244221AAA,4,28.306446783645224,34.75,6.4435532163547755,random_forest
IND244901AAB>IND243002AAA,4,28.114668377381918,77.25,49.13533162261808,random_forest
IND530012AAA>IND531001AAA,4,11.226920375592247,19.5,8.273079624407753,random_forest
IND524201AAA>IND523002AAA,4,44.05046194578568,12.75,-31.300461945785678,random_forest
IND695121AAA>IND695572AAB,4,9.293798961656439,7.75,-1.5437989616564387,random_forest
IND691551AAA>IND691001AAB,4,172.91387477756777,208.0,35.08612522243223,random_forest
IND416606AAA>IND416510AAA,4,631.2275656560098,1311.75,680.5224343439902,random_forest
IND416510AAA>IND416606AAA,4,4.344245226987772,50.75,46.40575477301223,random_forest
IND711303AAA>IND721134AAB,4,12.720203184799576,11.25,-1.4702031847995762,random_forest
IND700144AAA>IND743395AAA,4,4.646485569244405,41.25,36.603514430755595,random_forest
IND221313AAA>IND211002AAB,4,82.17526418359769,261.5,179.32473581640232,random_forest
IND212601AAA>IND210001AAA,4,17.649090001259875,96.0,78.35090999874012,random_forest
IND521301AAA>IND521001AAA,4,9.899006277821673,25.5,15.600993722178327,random_forest
IND521225AAB>IND521301AAA,4,20.483386694003066,28.0,7.516613305996934,random_forest
IND521225AAB>IND521201AAA,4,23.240439048585124,24.25,1.0095609514148762,random_forest
IND211002AAB>IND209304AAA,4,51.01836084368568,176.25,125.23163915631432,random_forest
IND792103AAB>IND792001AAA,4,32.082273388439475,29.75,-2.332273388439475,random_forest
IND786181AAC>IND786001AAB,4,22.048090411958604,138.0,115.95190958804139,random_forest
IND533401AAA>IND533106AAA,4,21.967209968088817,75.5,53.53279003191118,random_forest
IND533003AAA>IND533401AAA,4,10.443577643570707,41.5,31.056422356429294,random_forest
IND532440AAA>IND532001AAB,4,10.294715690149834,21.5,11.205284309850166,random_forest
IND532421AAA>IND532201AAA,4,17.002452264146697,10.0,-7.002452264146697,random_forest
IND382721AAA>IND382430AAB,4,9.807774940697165,65.25,55.442225059302835,random_forest
IND382430AAB>IND395023AAA,4,20.947824296212872,167.0,146.05217570378713,random_forest
IND413002AAA>IND413304AAA,4,15.425478137597903,61.5,46.074521862402094,random_forest
IND673632AAA>IND673305AAA,4,64.65175766472062,4.5,-60.15175766472062,random_forest
IND673305AAA>IND673104AAA,4,9.853889312443954,9.0,-0.8538893124439539,random_forest
IND641664AAA>IND638657AAA,4,5.7131035500685226,19.5,13.786896449931477,random_forest
IND209206AAB>IND210301AAA,4,12.743970986817658,22.75,10.006029013182342,random_forest
IND205001AAB>IND209721AAB,4,14.99373276199281,56.75,41.75626723800719,random_forest
IND209721AAB>IND209625AAA,4,12.344976972968782,7.5,-4.844976972968782,random_forest
IND209625AAA>IND241124AAB,4,8.91144563441289,24.25,15.33855436558711,random_forest
IND531116AAA>IND530012AAA,4,21.095750944768966,92.0,70.90424905523103,random_forest
IND531001AAA>IND531116AAA,4,3.063587298501938,38.5,35.436412701498064,random_forest
IND825301AAA>IND825409AAA,4,11.072418674490965,63.75,52.67758132550904,random_forest
IND160102AAD>IND160002AAC,4,16.529918998176193,29.5,12.970081001823807,random_forest
IND160002AAC>IND173212AAA,4,12.091788042843216,97.75,85.65821195715678,random_forest
IND177033AAA>IND160002AAC,4,118.61445412539759,491.0,372.3855458746024,random_forest
IND385535AAA>IND384205AAA,4,22.204191602073934,90.75,68.54580839792607,random_forest
IND385001AAA>IND385535AAA,4,9.473313203485663,7.0,-2.473313203485663,random_forest
IND691506AAA>IND691305AAA,4,5.7451810200350995,10.5,4.7548189799649005,random_forest
IND691305AAA>IND689645AAA,4,8.980076344254082,39.0,30.01992365574592,random_forest
IND363520AAC>IND363001AAA,4,9.770908396181365,7.5,-2.2709083961813654,random_forest
IND363421AAB>IND364710AAA,4,6.112373497586596,35.0,28.887626502413404,random_forest
IND363001AAA>IND363421AAB,4,8.035405320515338,5.75,-2.2854053205153377,random_forest
IND201304AAA>IND201301AAF,4,19.752266810309315,17.75,-2.0022668103093153,random_forest
IND201301AAL>IND201301AAF,4,8.89684663282312,26.0,17.10315336717688,random_forest
IND813102AAA>IND812002AAA,4,10.098546086218198,40.25,30.1514539137818,random_forest
IND812002AAA>IND813203AAA,4,24.805059028189316,51.25,26.444940971810684,random_forest
IND587103AAB>IND582209AAA,4,3.9329046580879705,50.0,46.06709534191203,random_forest
IND141003AAB>IND142026AAA,4,6.478121555038795,20.0,13.521878444961205,random_forest
IND689645AAA>IND691551AAA,4,11.220846417775697,21.25,10.029153582224303,random_forest
IND411033AAA>IND411036AAA,4,29.22060521929596,39.5,10.279394780704038,random_forest
IND411033AAA>IND000000ACB,4,261.81798860382656,733.25,471.43201139617344,random_forest
IND411014AAA>IND411048AAA,4,112.59348878068246,166.25,53.65651121931754,random_forest
IND382430AAB>IND389001AAA,4,15.014619831298905,76.25,61.2353801687011,random_forest
IND174307AAA>IND176041AAA,4,19.330636234403094,3.75,-15.580636234403094,random_forest
IND560048AAB>IND562132AAA,4,38.05617028313326,29.5,-8.556170283133262,random_forest
IND535501AAB>IND532440AAA,4,7.464655853005767,19.5,12.035344146994234,random_forest
IND160002AAC>IND142001AAB,4,10.91216316247501,102.5,91.58783683752499,random_forest
IND160002AAC>IND140901AAA,4,24.942947097822668,13.0,-11.942947097822668,random_forest
IND532201AAA>IND532222AAA,4,16.603534465688398,23.25,6.646465534311602,random_forest
IND815353AAA>IND814133AAB,4,9.603303705169775,79.75,70.14669629483022,random_forest
IND815351AAA>IND814101AAB,4,23.19698420374506,4.75,-18.44698420374506,random_forest
IND814101AAB>IND816107AAA,4,8.32912078582552,46.5,38.17087921417448,random_forest
IND825409AAA>IND000000ACB,4,86.38988728641499,684.5,598.1101127135851,random_forest
IND131028AAB>IND244235AAA,4,21.519150100276153,82.5,60.98084989972385,random_forest
IND686507AAA>IND686513AAA,4,6.411666986766084,12.5,6.088333013233916,random_forest
IND683511AAA>IND680104AAA,4,20.76866438921726,35.5,14.73133561078274,random_forest
IND390022AAA>IND395023AAA,4,25.3399873242449,85.75,60.4100126757551,random_forest
IND390020AAA>IND391110AAD,4,12.857246365923128,28.75,15.892753634076872,random_forest
IND389001AAA>IND389151AAA,4,9.006259756711126,36.5,27.493740243288876,random_forest
IND384355AAB>IND385001AAA,4,9.906306421967699,32.0,22.0936935780323,random_forest
IND384205AAA>IND384355AAB,4,6.760240508941009,28.75,21.98975949105899,random_forest
IND384170AAA>IND384265AAB,4,4.975933476052603,9.5,4.524066523947397,random_forest
IND383315AAC>IND383255AAB,4,16.48138611672637,18.25,1.7686138832736304,random_forest
IND585307AAB>IND585104AAA,4,43.36316741238008,262.75,219.38683258761992,random_forest
IND152026AAA>IND000000ACA,4,55.6574047915725,401.75,346.0925952084275,random_forest
IND151001AAA>IND160002AAC,4,39.94455850827836,78.5,38.55544149172164,random_forest
IND144001AAB>IND143001AAA,4,20.15749085833191,32.75,12.592509141668089,random_forest
IND143001AAA>IND144001AAB,4,29.176925178083565,100.25,71.07307482191644,random_forest
IND142026AAA>IND141109AAA,4,4.869662789781916,14.0,9.130337210218084,random_forest
IND395023AAA>IND411033AAA,4,58.158933575426246,458.75,400.59106642457374,random_forest
IND395023AAA>IND110037AAM,4,99.96161951584659,692.5,592.5383804841534,random_forest
IND395009AAA>IND395023AAD,4,14.576858130208961,142.25,127.67314186979104,random_forest
IND395001AAA>IND395023AAD,4,9.368882129838084,112.0,102.63111787016192,random_forest
IND679303AAA>IND679531AAA,4,9.749087237041085,20.75,11.000912762958915,random_forest
IND673632AAA>IND683511AAA,4,23.310515796791265,137.75,114.43948420320874,random_forest
IND411014AAA>IND411033AAA,4,47.398562773142345,66.25,18.851437226857655,random_forest
IND584101AAA>IND509124AAA,4,16.414252833492846,19.75,3.3357471665071543,random_forest
IND583201AAA>IND583227AAA,4,7.399520989092023,33.25,25.850479010907975,random_forest
IND562132AAA>IND501359AAE,4,73.91814908022079,291.5,217.5818509197792,random_forest
IND562132AAA>IND462022AAA,4,214.57533546079696,941.5,726.924664539203,random_forest
IND562132AAA>IND411033AAA,4,29.738262971055605,431.5,401.76173702894437,random_forest
IND122001AAJ>IND507123AAA,4,14.133537616581313,13.0,-1.1335376165813127,random_forest
IND842001AAA>IND848114AAA,4,10.053794382847755,50.0,39.946205617152245,random_forest
IND842001AAA>IND845418AAB,4,26.499321944315966,62.0,35.500678055684034,random_forest
IND842001AAA>IND843109AAB,4,16.69097847845741,26.75,10.05902152154259,random_forest
IND000000ACB>IND302014AAA,4,44.589994000032156,134.0,89.41000599996784,random_forest
IND000000ACB>IND282002AAD,4,34.352272449567366,140.25,105.89772755043263,random_forest
IND000000ACB>IND209304AAA,4,37.24697892573799,436.75,399.503021074262,random_forest
IND000000ACB>IND201001AAC,4,17.575799836195085,80.25,62.67420016380491,random_forest
IND000000AFT>IND410210AAA,4,3.113182807762862,30.0,26.88681719223714,random_forest
IND845455AAB>IND842001AAA,4,47.785137601132114,146.0,98.2148623988679,random_forest
IND845418AAB>IND845438AAA,4,6.203855837787273,63.75,57.54614416221273,random_forest
IND110037AAM>IND201001AAC,4,24.992819024242728,31.5,6.507180975757272,random_forest
IND577598AAB>IND573142AAA,4,29.883630573664135,79.25,49.366369426335865,random_forest
IND577132AAD>IND573134AAB,4,12.945240594777783,15.5,2.5547594052222173,random_forest
IND571426AAA>IND571104AAA,4,16.628689620265476,63.25,46.621310379734524,random_forest
IND577116AAA>IND577101AAA,4,12.787840810620523,5.75,-7.037840810620523,random_forest
IND000000ACB>IND521225AAB,4,75.4519273417489,1180.75,1105.2980726582512,random_forest
IND110044AAB>IND201301AAF,4,22.28489178404819,27.75,5.465108215951808,random_forest
IND125001AAA>IND110037AAM,4,67.85307507200292,396.0,328.1469249279971,random_forest
IND000000ACT>IND131028AAB,4,23.499488775412424,48.75,25.250511224587576,random_forest
IND600119AAA>IND600016AAC,4,54.20759263574437,58.0,3.792407364255631,random_forest
IND000000ACB>IND000000AEL,4,77.27495704339766,32.0,-45.27495704339766,random_forest
IND000000ACB>IND110030AAD,4,44.83955251637933,45.5,0.660447483620672,random_forest
IND000000ACB>IND110085AAB,4,34.15357442122357,18.5,-15.653574421223567,random_forest
IND848114AAA>IND848210AAA,4,6.6836855761233895,21.75,15.06631442387661,random_forest
IND848101AAA>IND844505AAB,4,9.9730865888306,35.75,25.7769134111694,random_forest
IND847404AAB>IND842001AAA,4,60.25797379199908,441.0,380.74202620800094,random_forest
IND852111AAA>IND854326AAB,4,43.81389835861905,221.25,177.43610164138096,random_forest
IND000000ACB>IND302022AAD,4,95.46133327368165,180.25,84.78866672631835,random_forest
IND573142AAA>IND573201AAB,4,19.59730886126501,34.5,14.90269113873499,random_forest
IND573134AAB>IND573201AAB,4,23.509028263664696,55.75,32.240971736335304,random_forest
IND854326AAB>IND000000ACB,4,139.9012967458576,1056.5,916.5987032541424,random_forest
IND852139AAB>IND854326AAB,4,30.72426588930938,160.75,130.02573411069062,random_forest
IND852113AAA>IND852139AAB,4,18.00743810550628,30.75,12.742561894493718,random_forest
IND000000AAL>IND411033AAA,4,44.64277291983987,92.25,47.60722708016013,random_forest
IND854335AAA>IND852111AAA,4,19.878991756561867,8.5,-11.378991756561867,random_forest
IND854334AAA>IND852118A1B,3,12.708328352198196,5.0,-7.708328352198196,random_forest
IND400064AAB>IND400072AAD,3,10.763549824733095,22.0,11.236450175266905,random_forest
IND845412AAB>IND845401AAA,3,16.31331937284858,35.333333333333336,19.020013960484757,random_forest
IND000000ACN>IND501359AAF,3,12.229469419056777,30.333333333333332,18.103863914276555,random_forest
IND000000ACB>IND600056AAB,3,25.624819556697428,1302.6666666666667,1277.0418471099692,random_forest
IND573116AAA>IND571432AAB,3,12.094393610455926,24.0,11.905606389544074,random_forest
IND854326AAB>IND852201AAA,3,33.39023041936713,220.66666666666666,187.27643624729953,random_forest
IND852201AAA>IND852113AAA,3,11.41509088511971,57.0,45.58490911488029,random_forest
IND000000ACB>IND382430AAB,3,65.14320797645917,560.3333333333334,495.1901253568742,random_forest
IND402301AAA>IND402107AAA,3,24.364526352052184,57.0,32.63547364794782,random_forest
IND685514AAA>IND625008AAA,3,18.83533171834355,92.66666666666667,73.83133494832312,random_forest
IND683565AAA>IND683511AAA,3,18.869613615918432,16.0,-2.869613615918432,random_forest
IND683511AAA>IND680012AAA,3,11.041589699015702,25.0,13.958410300984298,random_forest
IND391110AAD>IND390020AAA,3,31.345088045394636,82.33333333333333,50.988245287938696,random_forest
IND388620AAB>IND388320AAA,3,1.5988280992080088,39.333333333333336,37.73450523412533,random_forest
IND388320AAA>IND387001AAA,3,16.788797461165498,21.333333333333332,4.544535872167835,random_forest
IND388220AAA>IND388320AAA,3,13.911804868726596,25.666666666666668,11.754861797940071,random_forest
IND110037AAM>IND811399AAA,3,18.562670650806762,53.333333333333336,34.77066268252658,random_forest
IND562132AAA>IND751002AAB,3,122.3718327731752,1096.6666666666667,974.2948338934915,random_forest
IND562132AAA>IND600056AAB,3,35.716908624009584,216.33333333333334,180.61642470932375,random_forest
IND581110AAE>IND581119AAB,3,9.779330904205352,28.333333333333332,18.55400242912798,random_forest
IND121004AAB>IND121001AAA,3,16.760294348755775,4.333333333333333,-12.426961015422442,random_forest
IND121002AAB>IND000000ACB,3,77.87757343239481,22.333333333333332,-55.54424009906148,random_forest
IND121001AAA>IND121004AAB,3,24.968841886627462,24.0,-0.9688418866274624,random_forest
IND125001AAA>IND000000ACB,3,39.75862767958237,128.0,88.24137232041764,random_forest
IND131028AAB>IND247667AAB,3,13.446249786633805,134.0,120.5537502133662,random_forest
IND842001AAA>IND845412AAB,3,4.7991997017149854,37.333333333333336,32.53413363161835,random_forest
IND834002AAB>IND832109AAB,3,4.510864030769478,116.0,111.48913596923052,random_forest
IND686513AAA>IND686540AAA,3,7.236152989817216,38.0,30.763847010182783,random_forest
IND411033AAA>IND410503AAA,3,33.01615645964982,90.33333333333333,57.31717687368351,random_forest
IND411033AAA>IND400072AAB,3,18.493088299946447,91.66666666666667,73.17357836672022,random_forest
IND415605AAA>IND415709AAA,3,6.816705800555006,28.0,21.183294199444994,random_forest
IND415124AAA>IND415605AAA,3,20.80425627298018,12.333333333333334,-8.470922939646846,random_forest
IND413709AAA>IND423109AAA,3,8.391553543499535,22.333333333333332,13.941779789833797,random_forest
IND382421AAA>IND382721AAA,3,15.417928263293225,7.333333333333333,-8.084594929959891,random_forest
IND382421AAA>IND382430AAB,3,42.71760865472648,69.66666666666667,26.94905801194019,random_forest
IND396580AAB>IND396321AAA,3,143.44183622575983,158.33333333333334,14.891497107573514,random_forest
IND400072AAC>IND400011AAA,3,3.8559933252695373,38.0,34.14400667473046,random_forest
IND673632AAA>IND676306AAA,3,17.45879387664058,2.6666666666666665,-14.792127209973915,random_forest
IND365560AAB>IND364290AAA,3,8.766997503863193,40.666666666666664,31.89966916280347,random_forest
IND362720AAA>IND362560AAA,3,8.04187454006807,22.666666666666668,14.624792126598598,random_forest
IND362265AAA>IND362720AAA,3,6.733428708989663,50.0,43.26657129101034,random_forest
IND413304AAA>IND415301AAB,3,4.433048486628466,27.0,22.566951513371535,random_forest
IND643217AAA>IND643001AAA,3,7.797821528872574,4.666666666666667,-3.131154862205907,random_forest
IND642126AAA>IND642001AAA,3,11.037429914583974,16.333333333333332,5.295903418749358,random_forest
IND642001AAA>IND641062AAD,3,17.6542041032491,24.0,6.3457958967509,random_forest
IND362001AAA>IND360575AAA,3,35.29463584709837,71.66666666666667,36.3720308195683,random_forest
IND360530AAB>IND362001AAA,3,13.116950004215644,83.0,69.88304999578436,random_forest
IND360510AAB>IND360530AAB,3,6.842394813577427,12.666666666666666,5.824271853089239,random_forest
IND384265AAB>IND385320AAA,3,21.166071451794505,31.0,9.833928548205495,random_forest
IND384205AAA>IND383001AAA,3,9.686746584354417,26.666666666666668,16.97992008231225,random_forest
IND695572AAB>IND695541AAA,3,6.085908206130597,15.0,8.914091793869403,random_forest
IND641654AAA>IND641664AAA,3,7.748861637594538,8.666666666666666,0.9178050290721282,random_forest
IND641607AAA>IND641654AAA,3,11.188373182862236,13.666666666666666,2.47829348380443,random_forest
IND421302AAG>IND382430AAB,3,110.54322190390684,377.3333333333333,266.7901114294265,random_forest
IND421302AAG>IND110037AAM,3,92.22490262410906,1078.3333333333333,986.1084307092242,random_forest
IND387001AAA>IND388220AAA,3,10.088287168904753,18.0,7.911712831095247,random_forest
IND385320AAA>IND385340AAB,3,7.959002733197596,4.0,-3.959002733197596,random_forest
IND131028AAB>IND160002AAC,3,37.392757700729284,93.0,55.607242299270716,random_forest
IND127021AAA>IND127201AAA,3,10.775156681850703,30.666666666666668,19.891509984815965,random_forest
IND583231AAA>IND583201AAA,3,23.851631815245714,44.666666666666664,20.81503485142095,random_forest
IND583227AAA>IND583231AAA,3,13.36846460064462,29.0,15.63153539935538,random_forest
IND562101AAA>IND561207AAB,3,9.725724685444938,4.666666666666667,-5.059058018778271,random_forest
IND123401AAB>IND000000ACB,3,46.97165478500869,69.66666666666667,22.695011881657983,random_forest
IND123001AAA>IND123401AAB,3,11.440524554789361,35.0,23.559475445210637,random_forest
IND144040AAA>IND144001AAB,3,13.023019125161875,19.333333333333332,6.310314208171457,random_forest
IND160002AAC>IND144001AAB,3,6.894308884366164,126.0,119.10569111563383,random_forest
IND144001AAC>IND000000ACA,3,22.63871137049909,44.333333333333336,21.694621962834244,random_forest
IND144001AAA>IND144040AAA,3,9.602907627359333,16.0,6.397092372640667,random_forest
IND134102AAA>IND174103AAA,3,9.188688361326479,21.666666666666668,12.477978305340189,random_forest
IND826004AAA>IND821115AAB,3,63.87510735330836,130.33333333333334,66.45822598002499,random_forest
IND362001AAA>IND362220AAA,3,19.764044038452386,48.333333333333336,28.56928929488095,random_forest
IND421302AAG>IND401104AAB,3,16.995488491822808,20.666666666666668,3.6711781748438597,random_forest
IND422103AAC>IND422605AAA,3,3.791489554855829,26.666666666666668,22.87517711181084,random_forest
IND421601AAB>IND421302AAG,3,47.261208795919934,60.666666666666664,13.40545787074673,random_forest
IND335701AAA>IND335051AAA,3,18.485595818374602,6.0,-12.485595818374602,random_forest
IND335513AAA>IND335803AAA,3,8.637149665925632,16.333333333333332,7.6961836674077,random_forest
IND335051AAA>IND335513AAA,3,60.65721896365357,78.66666666666667,18.0094477030131,random_forest
IND335001AAA>IND125104AAA,3,21.85781270999647,82.66666666666667,60.808853956670205,random_forest
IND333042AAA>IND333031AAA,3,16.406191998182965,33.333333333333336,16.92714133515037,random_forest
IND700088AAA>IND712311AAA,3,13.25065177829162,86.0,72.74934822170837,random_forest
IND560099AAB>IND560002AAA,3,12.786002545635617,19.333333333333332,6.547330787697716,random_forest
IND561202AAB>IND515134AAA,3,11.09021111621781,55.0,43.90978888378219,random_forest
IND560300AAB>IND563101AAB,3,26.959321628940188,71.0,44.04067837105981,random_forest
IND152026AAA>IND151001AAA,3,44.23988603462576,3.6666666666666665,-40.5732193679591,random_forest
IND203396AAB>IND203390AAA,3,10.761607918300868,9.666666666666666,-1.0949412516342019,random_forest
IND203135AAA>IND203396AAB,3,20.303348972076854,37.666666666666664,17.36331769458981,random_forest
IND712124AAA>IND712310AAE,3,53.45587660598838,88.66666666666667,35.21079006067829,random_forest
IND421401AAC>IND421601AAB,3,7.678180159332533,39.333333333333336,31.6551531740008,random_forest
IND421302AAG>IND834002AAB,3,289.1510324260208,1524.6666666666667,1235.515634240646,random_forest
IND331023AAA>IND331304AAA,3,17.432386680612037,7.0,-10.432386680612037,random_forest
IND712410AAC>IND712406AAA,3,27.17797359253972,49.0,21.82202640746028,random_forest
IND712311AAA>IND826004AAA,3,21.847658875169714,158.66666666666666,136.81900779149694,random_forest
IND341503AAB>IND341510AAB,3,9.546530235824624,35.0,25.453469764175374,random_forest
IND826004AAA>IND815301AAA,3,17.32674049198773,65.0,47.673259508012265,random_forest
IND174001AAA>IND175018AAA,3,8.885534434986782,36.333333333333336,27.447798898346555,random_forest
IND160102AAC>IND160002AAC,3,7.153787778890762,39.0,31.846212221109237,random_forest
IND160002AAC>IND174001AAA,3,26.8101720219022,136.66666666666666,109.85649464476445,random_forest
IND827013AAA>IND829121AAA,3,9.092844639407934,22.0,12.907155360592066,random_forest
IND802158AAB>IND821115AAB,3,10.394971273395067,98.66666666666667,88.2716953932716,random_forest
IND802119AAA>IND802158AAB,3,21.965837573438446,35.333333333333336,13.36749575989489,random_forest
IND712311AAA>IND713205AAB,3,59.81767973090524,167.33333333333334,107.5156536024281,random_forest
IND335803AAA>IND335804AAD,3,8.130146539381316,6.0,-2.1301465393813164,random_forest
IND423601AAA>IND423701AAB,3,14.374891323114598,43.666666666666664,29.291775343552068,random_forest
IND641062AAD>IND642126AAA,3,58.65104862417806,68.33333333333333,9.682284709155269,random_forest
IND637211AAA>IND636402AAA,3,9.305449923220051,23.333333333333332,14.027883410113281,random_forest
IND636016AAA>IND637211AAA,3,6.409024225154115,22.666666666666668,16.25764244151255,random_forest
IND312605AAB>IND458001AAB,3,11.782290810184152,21.666666666666668,9.884375856482515,random_forest
IND332713AAA>IND332709AAA,3,54.766204914525325,21.666666666666668,-33.09953824785866,random_forest
IND802101AAA>IND802119AAA,3,6.227823439062006,23.333333333333332,17.105509894271325,random_forest
IND534001AAA>IND521333AAA,3,11.584312641344065,17.0,5.415687358655935,random_forest
IND533262AAA>IND533201AAA,3,12.82580865200218,39.666666666666664,26.840858014664484,random_forest
IND533106AAA>IND533262AAA,3,45.2770347268085,103.0,57.7229652731915,random_forest
IND174103AAA>IND160002AAC,3,24.966167894332376,96.0,71.03383210566763,random_forest
IND824101AAA>IND821115AAB,3,40.093442281691786,26.333333333333332,-13.760108948358454,random_forest
IND821307AAA>IND824101AAA,3,9.283210080595966,14.666666666666666,5.3834565860707,random_forest
IND208006AAA>IND209304AAA,3,21.619310311285137,173.66666666666666,152.0473563553815,random_forest
IND207247AAB>IND205001AAB,3,24.354723679356045,71.66666666666667,47.31194298731063,random_forest
IND205135AAA>IND283203AAA,3,13.071493454501137,18.0,4.928506545498863,random_forest
IND721212AAA>IND712310AAE,3,35.62404175782242,121.33333333333333,85.70929157551092,random_forest
IND713205AAB>IND712311AAA,3,111.07367547850795,513.3333333333334,402.25965785482543,random_forest
IND332404AAA>IND332001AAB,3,19.487028985104093,12.0,-7.487028985104093,random_forest
IND425412AAA>IND425409AAA,3,4.518695025178974,37.0,32.48130497482103,random_forest
IND425409AAA>IND425406AAA,3,8.027265212039998,47.0,38.97273478796,random_forest
IND630561AAA>IND623407AAA,3,8.536104927201192,22.666666666666668,14.130561739465476,random_forest
IND630002AAA>IND622407AAA,3,9.384529928715637,18.333333333333332,8.948803404617696,random_forest
IND628613AAA>IND627005AAA,3,4.632122788995834,37.666666666666664,33.03454387767083,random_forest
IND627811AAA>IND627401AAA,3,13.453013521106328,12.0,-1.4530135211063282,random_forest
IND627756AAA>IND626117AAA,3,7.80609809994618,26.0,18.19390190005382,random_forest
IND712311AAA>IND743235AAA,3,17.08780061550526,92.33333333333333,75.24553271782807,random_forest
IND201301AAM>IND000000ACB,3,58.03817329821613,107.33333333333333,49.2951600351172,random_forest
IND811399AAA>IND209304AAA,3,37.40541552109671,204.66666666666666,167.26125114556996,random_forest
IND786001AAB>IND786171AAA,3,29.466350376597855,117.0,87.53364962340214,random_forest
IND458664AAA>IND312403AAA,3,27.496315096010466,60.333333333333336,32.837018237322866,random_forest
IND458001AAB>IND458990AAA,3,6.207485896688374,25.333333333333332,19.125847436644957,random_forest
IND457226AAA>IND382430AAB,3,16.352467887339117,227.66666666666666,211.31419877932754,random_forest
IND457001AAA>IND457226AAA,3,18.011728332883568,12.333333333333334,-5.678394999550234,random_forest
IND454001AAA>IND457001AAA,3,19.00935783579947,20.666666666666668,1.6573088308671977,random_forest
IND305001AAC>IND305901AAA,3,40.34474429657523,34.0,-6.344744296575229,random_forest
IND722151AAA>IND723130AAA,3,370.792306081664,1058.0,687.207693918336,random_forest
IND311301AAA>IND305624AAA,3,32.68678583722661,108.33333333333333,75.64654749610672,random_forest
IND243001AAA>IND243503AAB,3,10.37307823705943,30.666666666666668,20.29358842960724,random_forest
IND212501AAA>IND212402AAA,3,2.203006240251407,18.666666666666668,16.46366042641526,random_forest
IND521225AAB>IND523002AAA,3,26.448409034955915,96.0,69.55159096504408,random_forest
IND521225AAB>IND501359AAE,3,34.75581387430778,203.33333333333334,168.57751945902555,random_forest
IND208019AAA>IND209304AAA,3,78.70774488002392,201.0,122.29225511997608,random_forest
IND208012AAA>IND209304AAA,3,100.54463903527801,539.3333333333334,438.78869429805536,random_forest
IND768216AAA>IND770001AAA,3,17.282937233010475,52.0,34.71706276698953,random_forest
IND244901AAB>IND244301AAA,3,23.461664417601018,14.666666666666666,-8.794997750934352,random_forest
IND600032AAB>IND600044AAD,3,16.189256654659534,11.333333333333334,-4.8559233213262,random_forest
IND321001AAA>IND321401AAB,3,17.340096052677698,8.333333333333334,-9.006762719344364,random_forest
IND462022AAA>IND842003AAB,3,62.507234200459415,307.0,244.4927657995406,random_forest
IND481661AAA>IND842003AAB,3,43.48001373171232,179.66666666666666,136.18665293495434,random_forest
IND480001AAA>IND480661AAA,3,25.831027131272265,43.666666666666664,17.8356395353944,random_forest
IND473331AAA>IND473226AAA,3,1018.1500088675253,1388.0,369.84999113247466,random_forest
IND627657AAA>IND628613AAA,3,11.3533153673321,2.3333333333333335,-9.019982033998765,random_forest
IND458990AAA>IND312605AAB,3,22.029756755224682,68.66666666666667,46.63690991144199,random_forest
IND518501AAA>IND518124AAA,3,14.432832902060726,30.0,15.567167097939274,random_forest
IND518422AAB>IND518102AAA,3,4.622458175658821,82.0,77.37754182434118,random_forest
IND518102AAA>IND518002AAA,3,11.049162735154686,119.33333333333333,108.28417059817865,random_forest
IND518002AAA>IND584101AAA,3,16.90717237162986,73.66666666666667,56.759494295036816,random_forest
IND518002AAA>IND518501AAA,3,8.049560016269405,41.666666666666664,33.61710665039726,random_forest
IND211011AAA>IND212501AAA,3,16.922717816772963,72.33333333333333,55.41061551656037,random_forest
IND786171AAA>IND786181AAC,3,33.14645856859025,11.666666666666666,-21.479791901923583,random_forest
IND515801AAA>IND515865AAB,3,17.015417468164355,45.0,27.984582531835645,random_forest
IND626138AAA>IND625008AAA,3,15.400443271125573,20.666666666666668,5.266223395541095,random_forest
IND626123AAA>IND627756AAA,3,1.8033707565155837,43.333333333333336,41.52996257681775,random_forest
IND625008AAA>IND626123AAA,3,1.5971175663494155,37.666666666666664,36.069549100317246,random_forest
IND624619AAA>IND624601AAA,3,7.006725317809777,7.666666666666667,0.6599413488568899,random_forest
IND495334AAB>IND491995AAB,3,6.495089174851575,26.0,19.504910825148425,random_forest
IND487551AAA>IND464668AAA,3,11.508700989088203,80.0,68.4912990109118,random_forest
IND722140AAA>IND722151AAA,3,24.884744363520564,4.333333333333333,-20.551411030187232,random_forest
IND321001AAB>IND321001AAA,3,21.510148303986224,20.333333333333332,-1.1768149706528916,random_forest
IND600056AAA>IND602105AAB,3,7.350875677654304,23.0,15.649124322345696,random_forest
IND781018AAB>IND110037AAM,3,39.38790842481202,1940.0,1900.612091575188,random_forest
IND781014AAA>IND781124AAA,3,18.45398415329902,44.333333333333336,25.879349180034314,random_forest
IND781005AAA>IND781018AAB,3,38.350333282812876,5.0,-33.350333282812876,random_forest
IND770001AAA>IND770017AAB,3,4.816739692117802,38.0,33.1832603078822,random_forest
IND515004AAA>IND501359AAE,3,9.326393644508888,198.0,188.6736063554911,random_forest
IND509358AAA>IND508248AAB,3,8.760961011035837,74.33333333333333,65.5723723222975,random_forest
IND509203AAA>IND509301AAA,3,4.569469939865383,12.0,7.430530060134617,random_forest
IND623315AAB>IND614620AAA,3,2.478957080812048,16.333333333333332,13.854376252521284,random_forest
IND622407AAA>IND622001AAA,3,6.897217537850177,19.0,12.102782462149822,random_forest
IND621704AAA>IND621802AAA,3,3.9582548189009983,32.333333333333336,28.37507851443234,random_forest
IND621212AAA>IND621704AAA,3,4.442700175487011,13.0,8.557299824512988,random_forest
IND621211AAA>IND621010AAA,3,9.903636293909958,6.666666666666667,-3.2369696272432913,random_forest
IND621010AAA>IND621212AAA,3,9.967837762401235,15.0,5.032162237598765,random_forest
IND614809AAA>IND610001AAA,3,4.008490689453157,46.0,41.991509310546846,random_forest
IND614804AAA>IND614616AAA,3,5.118738653848671,8.666666666666666,3.5479280128179953,random_forest
IND733140AAA>IND733102AAA,3,13.350206186221769,16.0,2.6497938137782313,random_forest
IND627005AAA>IND627811AAA,3,16.411381315447933,18.0,1.588618684552067,random_forest
IND509124AAA>IND509103AAC,3,23.839299417251453,22.0,-1.8392994172514534,random_forest
IND244301AAA>IND244412AAA,3,4.388502716523029,24.333333333333332,19.944830616810304,random_forest
IND761200AAA>IND532001AAB,3,12.693873245914245,68.33333333333333,55.63946008741908,random_forest
IND758001AAA>IND757037AAA,3,17.5775640380571,40.0,22.4224359619429,random_forest
IND246444AAB>IND246424AAA,3,5.005042812209299,13.666666666666666,8.661623854457368,random_forest
IND751002AAB>IND760003AAB,3,36.45038459725918,149.0,112.54961540274081,random_forest
IND751002AAB>IND712311AAA,3,86.77259547739222,329.0,242.2274045226078,random_forest
IND306401AAB>IND305001AAC,3,34.842793032641275,211.0,176.15720696735872,random_forest
IND614715AAA>IND614809AAA,3,5.91696891148137,15.666666666666666,9.749697755185295,random_forest
IND614620AAA>IND630561AAA,3,17.466902940303118,59.666666666666664,42.19976372636354,random_forest
IND614616AAA>IND630002AAA,3,1.4062842180396113,24.333333333333332,22.92704911529372,random_forest
IND500080AAB>IND501359AAE,3,70.88861069525696,20.0,-50.88861069525696,random_forest
IND500039AAC>IND501359AAE,3,106.98733258352543,165.66666666666666,58.67933408314123,random_forest
IND500039AAC>IND500035AAD,3,14.263225716991231,20.0,5.736774283008769,random_forest
IND500008AAC>IND501359AAE,3,85.76476170050569,31.666666666666668,-54.098095033839016,random_forest
IND501359AAG>IND000000ACN,3,14.879044824297246,32.666666666666664,17.78762184236942,random_forest
IND302014AAA>IND313001AAB,3,13.121512302787238,236.33333333333334,223.2118210305461,random_forest
IND623407AAA>IND623315AAB,3,13.018402680530878,2.0,-11.018402680530878,random_forest
IND509001AAA>IND509203AAA,3,3.8009904307088362,18.333333333333332,14.532342902624496,random_forest
IND508277AAB>IND508223AAA,3,7.295624804271621,16.666666666666668,9.371041862395046,random_forest
IND508248AAB>IND508377AAB,3,8.22102954043593,22.333333333333332,14.112303792897402,random_forest
IND515201AAA>IND515301AAA,3,2.2553214204053944,38.0,35.744678579594606,random_forest
IND515134AAA>IND515201AAA,3,4.040378127277417,35.333333333333336,31.292955206055918,random_forest
IND262501AAA>IND263153AAB,3,48.58299965094786,215.33333333333334,166.75033368238547,random_forest
IND303108AAB>IND303106AAA,3,14.231373236353548,25.333333333333332,11.101960096979784,random_forest
IND501359AAE>IND509358AAA,3,19.189220471701525,14.666666666666666,-4.522553805034859,random_forest
IND501359AAE>IND509001AAA,3,3.690329420557686,38.0,34.30967057944231,random_forest
IND504215AAA>IND505001AAB,3,19.175472513315,72.66666666666667,53.49119415335167,random_forest
IND283203AAA>IND110037AAM,3,39.83548898204028,206.66666666666666,166.83117768462637,random_forest
IND282001AAA>IND000000ACB,3,17.692356871907503,128.33333333333334,110.64097646142584,random_forest
IND733128AAA>IND733134AAA,3,7.943454798001287,16.666666666666668,8.72321186866538,random_forest
IND600056AAB>IND600044AAD,3,8.533118896472052,30.666666666666668,22.133547770194617,random_forest
IND246149AAA>IND249407AAA,3,16.89673295315923,96.0,79.10326704684077,random_forest
IND244901AAB>IND246725AAB,3,25.63884890236987,14.0,-11.638848902369869,random_forest
IND742137AAA>IND742401AAA,3,15.656291569013627,51.666666666666664,36.01037509765304,random_forest
IND505302AAB>IND505326AAB,3,20.119631831107522,8.666666666666666,-11.452965164440856,random_forest
IND614602AAA>IND614804AAA,3,1.1050885443004095,15.666666666666666,14.561578122366257,random_forest
IND610001AAA>IND614715AAA,3,9.72147073668418,15.666666666666666,5.945195929982486,random_forest
IND608301AAA>IND639104AAB,3,23.659406777994942,78.33333333333333,54.67392655533838,random_forest
IND603301AAA>IND600044AAD,3,14.532800227094034,86.0,71.46719977290597,random_forest
IND602024AAA>IND602001AAA,3,3.932290480840655,20.0,16.067709519159344,random_forest
IND505325AAA>IND505327AAA,3,11.514608859351242,14.333333333333334,2.8187244739820922,random_forest
IND273014AAB>IND277303AAC,3,22.21459908892758,113.0,90.78540091107241,random_forest
IND742149AAA>IND742148AAA,3,28.25416070842087,61.333333333333336,33.07917262491247,random_forest
IND302006AAA>IND302014AAB,3,15.791481330966013,25.333333333333332,9.54185200236732,random_forest
IND600116AAB>IND602024AAA,3,19.325940496534603,21.666666666666668,2.340726170132065,random_forest
IND600110AAA>IND600056AAB,3,16.330488369744714,61.333333333333336,45.00284496358862,random_forest
IND400016AAB>IND400072AAD,3,14.415938644566033,17.0,2.584061355433967,random_forest
IND400612AAA>IND421302AAR,3,24.835614462256824,36.0,11.164385537743176,random_forest
IND680712AAA>IND683511AAA,3,19.203457165962085,21.0,1.7965428340379148,random_forest
IND680307AAA>IND680712AAA,3,7.264372101877807,11.0,3.7356278981221926,random_forest
IND680012AAA>IND679303AAA,3,20.627425987367,36.666666666666664,16.039240679299663,random_forest
IND388121AAA>IND388620AAB,3,6.504172505260644,25.0,18.495827494739356,random_forest
IND571105AAA>IND571213AAA,3,15.06041407989593,18.0,2.9395859201040704,random_forest
IND571104AAA>IND577598AAB,3,12.118365629035054,13.666666666666666,1.548301037631612,random_forest
IND570020AAA>IND571602AAA,3,29.042856334840085,52.0,22.957143665159915,random_forest
IND573201AAB>IND573116AAA,3,16.12059831517195,36.666666666666664,20.546068351494714,random_forest
IND000000ACB>IND124112AAA,2,14.940260914046739,108.5,93.55973908595325,random_forest
IND848210AAA>IND842001AAA,2,57.37341100143563,218.0,160.6265889985644,random_forest
IND851127AAA>IND842001AAA,2,55.73401726565092,328.5,272.7659827343491,random_forest
IND848210AAA>IND851127AAA,2,4.806119987538237,35.0,30.19388001246176,random_forest
IND110014AAA>IND110024AAA,2,10.651467111722736,23.0,12.348532888277264,random_forest
IND577101AAA>IND577132AAD,2,3.1393840265617516,28.5,25.36061597343825,random_forest
IND563131AAB>IND560300AAB,2,174.03018703128905,223.0,48.969812968710954,random_forest
IND563131AAB>IND563116AAA,2,9.064604601604245,20.0,10.935395398395755,random_forest
IND580028AAA>IND580002AAA,2,103.80518918862018,53.0,-50.805189188620176,random_forest
IND581110AAE>IND577002AAA,2,138.37039675169376,214.0,75.62960324830624,random_forest
IND110037AAM>IND110020AAB,2,33.30843822241754,35.5,2.191561777582457,random_forest
IND110037AAM>IND110024AAA,2,5.938477475961751,33.5,27.56152252403825,random_forest
IND110037AAM>IND250002AAC,2,751.3085973033186,711.0,-40.30859730331861,random_forest
IND389151AAA>IND457661AAA,2,12.933148450792093,65.0,52.06685154920791,random_forest
IND124112AAA>IND125001AAA,2,12.428467279879598,81.0,68.5715327201204,random_forest
IND124001AAB>IND126102AAA,2,45.481064642254466,98.0,52.518935357745534,random_forest
IND131028AAB>IND247667AAA,2,12.094815970612743,134.0,121.90518402938726,random_forest
IND563116AAA>IND563131AAB,2,44.155668804541385,53.0,8.844331195458615,random_forest
IND562132AAA>IND560078AAC,2,16.556948747179224,21.0,4.443051252820776,random_forest
IND583119AAA>IND583101AAA,2,84.59886806551884,116.5,31.901131934481157,random_forest
IND581119AAB>IND577002AAA,2,44.55585975299349,87.5,42.94414024700651,random_forest
IND124507AAA>IND131028AAE,2,9.292727745100201,61.5,52.2072722548998,random_forest
IND689650AAA>IND690548AAA,2,3.2768183408911664,28.0,24.723181659108832,random_forest
IND411033AAA>IND410505AAB,2,10.618986208728874,22.0,11.381013791271126,random_forest
IND411033AAA>IND000000AAL,2,19.53862090180069,65.5,45.96137909819931,random_forest
IND415409AAB>IND415124AAA,2,19.717899106233972,2.0,-17.717899106233972,random_forest
IND382430AAB>IND313001AAB,2,6.6716742145571,191.0,184.3283257854429,random_forest
IND364004AAB>IND365560AAA,2,15.55431590056886,72.0,56.44568409943114,random_forest
IND363641AAA>IND363621AAB,2,7.73225645985333,21.0,13.26774354014667,random_forest
IND756019AAA>IND757025AAA,2,17.45870439580151,39.5,22.04129560419849,random_forest
IND505184AAC>IND505001AAB,2,61.21561778236231,122.5,61.28438221763769,random_forest
IND606803AAA>IND606801AAB,2,7.698349448785238,7.0,-0.6983494487852377,random_forest
IND606801AAB>IND632006AAA,2,54.508069291605494,119.0,64.4919307083945,random_forest
IND603001AAA>IND603301AAA,2,17.262606916908354,17.5,0.23739308309164642,random_forest
IND273014AAB>IND273304AAA,2,10.140334667430302,122.5,112.3596653325697,random_forest
IND273014AAB>IND273155AAA,2,38.381361409003,47.0,8.618638590997001,random_forest
IND302014AAA>IND305001AAC,2,7.001839563140507,153.0,145.9981604368595,random_forest
IND302014AAA>IND303702AAB,2,13.003317121338121,64.0,50.99668287866188,random_forest
IND505001AAB>IND505302AAB,2,10.50509778894484,28.5,17.994902211055162,random_forest
IND505001AAB>IND505209AAA,2,34.50950647855256,103.5,68.99049352144743,random_forest
IND505001AAB>IND505184AAC,2,67.17207993986683,123.0,55.82792006013317,random_forest
IND602001AAA>IND600116AAB,2,78.1230540375746,129.0,50.876945962425395,random_forest
IND600076AAB>IND600032AAB,2,7.873857530006882,24.5,16.62614246999312,random_forest
IND600056AAB>IND631501AAA,2,8.97969549674502,39.5,30.52030450325498,random_forest
IND247667AAB>IND249407AAA,2,24.31523888227259,59.0,34.68476111772741,random_forest
IND501359AAE>IND500050AAA,2,15.3342549337853,20.5,5.165745066214701,random_forest
IND501359AAE>IND500010AAA,2,20.198032315696235,28.0,7.801967684303765,random_forest
IND505001AAA>IND505302AAB,2,19.801820131430247,28.0,8.198179868569753,random_forest
IND504293AAA>IND505001AAB,2,45.73943837296051,91.5,45.76056162703949,random_forest
IND741201AAC>IND712311AAA,2,133.90447310082362,770.5,636.5955268991763,random_forest
IND732204AAB>IND732123AAC,2,72.80864708441241,52.5,-20.308647084412414,random_forest
IND306401AAB>IND342005AAD,2,23.314901544046855,44.5,21.185098455953145,random_forest
IND274402AAA>IND274304AAB,2,13.772426701475649,22.0,8.227573298524351,random_forest
IND262001AAA>IND262122AAB,2,9.745711189672125,45.5,35.75428881032788,random_forest
IND251309AAB>IND131028AAB,2,5.571804653065161,72.5,66.92819534693484,random_forest
IND251001AAA>IND247554AAA,2,16.90221668590336,46.0,29.09778331409664,random_forest
IND600056AAB>IND600044AAE,2,7.002908791695262,31.5,24.497091208304738,random_forest
IND507002AAA>IND508207AAB,2,33.26191681583562,62.0,28.73808318416438,random_forest
IND507002AAA>IND507159AAA,2,3.9615636312698044,19.5,15.538436368730196,random_forest
IND245101AAA>IND201007AAA,2,12.25258064731996,85.0,72.74741935268004,random_forest
IND757025AAA>IND757001AAA,2,12.56912559111749,17.0,4.430874408882509,random_forest
IND276305AAA>IND223101AAB,2,3.844581010367211,26.5,22.65541898963279,random_forest
IND302014AAB>IND302006AAA,2,6.872308876905983,15.5,8.627691123094017,random_forest
IND624001AAA>IND624703AAA,2,46.66065374933057,9.5,-37.16065374933057,random_forest
IND624001AAA>IND624619AAA,2,9.768446945398138,9.0,-0.7684469453981375,random_forest
IND751002AAB>IND562132AAA,2,231.57242961130635,1326.0,1094.4275703886938,random_forest
IND743347AAA>IND700053AAA,2,20.460309946040283,143.5,123.03969005395972,random_forest
IND508223AAA>IND500039AAC,2,15.677261626242348,66.5,50.82273837375765,random_forest
IND515401AAB>IND515801AAA,2,4.245233587995639,32.0,27.75476641200436,random_forest
IND515201AAA>IND515134AAA,2,11.087438335419844,48.0,36.91256166458015,random_forest
IND515004AAA>IND515801AAA,2,37.0555449729085,87.0,49.9444550270915,random_forest
IND515004AAA>IND515411AAA,2,10.793953969506067,58.0,47.20604603049394,random_forest
IND515004AAA>IND515401AAB,2,14.897213871349756,22.0,7.102786128650244,random_forest
IND262122AAB>IND244901AAB,2,99.57998380793198,242.5,142.92001619206803,random_forest
IND276128AAA>IND276305AAA,2,22.52642052408864,47.5,24.97357947591136,random_forest
IND303303AAA>IND322230AAA,2,32.39063134659335,9.0,-23.390631346593352,random_forest
IND303106AAA>IND303002AAA,2,6.962616701549692,13.5,6.537383298450308,random_forest
IND303002AAA>IND302014AAA,2,16.389009310173964,34.5,18.110990689826036,random_forest
IND302014AAB>IND303901AAA,2,21.136809249185344,61.0,39.86319075081465,random_forest
IND733134AAA>IND733129AAB,2,11.575602099065598,11.0,-0.5756020990655983,random_forest
IND733129AAB>IND733129AAA,2,6.069784889890432,18.0,11.930215110109568,random_forest
IND473001AAA>IND473331AAA,2,35.30632781705909,70.5,35.19367218294091,random_forest
IND472001AAA>IND485001AAC,2,12.291964481654801,252.0,239.70803551834518,random_forest
IND517501AAB>IND517644AAA,2,7.7385872510167495,42.0,34.26141274898325,random_forest
IND516360AAB>IND516001AAA,2,16.821887330349725,26.0,9.178112669650275,random_forest
IND244412AAA>IND243301AAB,2,26.509701464705174,23.5,-3.0097014647051736,random_forest
IND243503AAB>IND244901AAB,2,37.57221775618824,96.0,58.42778224381176,random_forest
IND767001AAA>IND767017AAA,2,9.72702831674027,27.5,17.77297168325973,random_forest
IND757041AAA>IND756019AAA,2,171.4879771295465,200.5,29.012022870453507,random_forest
IND247667AAA>IND249407AAA,2,35.71374913453943,18.0,-17.713749134539427,random_forest
IND247554AAA>IND248001AAA,2,27.267957910514678,14.0,-13.267957910514678,random_forest
IND751015AAA>IND752056AAA,2,6.411704068294473,19.0,12.588295931705527,random_forest
IND495677AAA>IND496001AAA,2,65.77255357827121,176.5,110.72744642172879,random_forest
IND625516AAA>IND685514AAA,2,5.457886690616128,46.5,41.04211330938387,random_forest
IND624601AAA>IND624001AAA,2,94.27597386142912,182.5,88.22402613857088,random_forest
IND624202AAA>IND625218AAA,2,2.3243978782598145,13.5,11.175602121740186,random_forest
IND493118AAC>IND495334AAB,2,13.72170619455552,31.5,17.77829380544448,random_forest
IND492001AAB>IND492007AAA,2,13.935698551288532,32.0,18.06430144871147,random_forest
IND487001AAB>IND487551AAA,2,8.067013726517077,24.5,16.432986273482925,random_forest
IND483501AAA>IND483770AAA,2,13.507520643500587,52.5,38.992479356499416,random_forest
IND321606AAA>IND301001AAB,2,55.44953910285204,380.0,324.55046089714796,random_forest
IND515411AAA>IND516360AAB,2,28.049459239120523,62.0,33.95054076087948,random_forest
IND600044AAD>IND603001AAA,2,2.5436442676319366,44.0,41.45635573236807,random_forest
IND224141AAB>IND224122AAA,2,1.4765658410196387,37.5,36.023434158980365,random_forest
IND224001AAA>IND224141AAB,2,3.391069282162878,56.0,52.608930717837126,random_forest
IND223101AAB>IND222125AAB,2,13.423286720573332,30.0,16.57671327942667,random_forest
IND221706AAA>IND273014AAB,2,34.25638380770732,222.5,188.24361619229268,random_forest
IND781124AAA>IND781018AAB,2,23.597845481742986,106.5,82.90215451825702,random_forest
IND781022AAA>IND781018AAB,2,45.028342166275834,6.0,-39.028342166275834,random_forest
IND466116AAA>IND462022AAA,2,28.08719743226463,99.5,71.41280256773537,random_forest
IND462022AAA>IND461001AAA,2,34.99410935932216,85.5,50.50589064067784,random_forest
IND480661AAA>IND481661AAA,2,40.461683476230284,27.0,-13.461683476230284,random_forest
IND477001AAB>IND474003AAA,2,193.23273285069797,317.5,124.26726714930203,random_forest
IND476111AAA>IND477001AAA,2,9.536495724484254,48.0,38.463504275515746,random_forest
IND474003AAA>IND476111AAA,2,21.83282913554021,67.5,45.66717086445979,random_forest
IND473226AAA>IND474003AAA,2,185.06446788314733,130.0,-55.06446788314733,random_forest
IND627401AAA>IND627005AAA,2,7.3706489491300395,54.0,46.62935105086996,random_forest
IND600016AAC>IND600119AAA,2,9.78702884673035,21.0,11.21297115326965,random_forest
IND600016AAB>IND600044AAC,2,15.669737579319381,32.0,16.33026242068062,random_forest
IND600008AAC>IND600056AAB,2,24.962820040834004,47.0,22.037179959165996,random_forest
IND521001AAA>IND521165AAA,2,23.189955975285205,23.5,0.3100440247147951,random_forest
IND517644AAA>IND524132AAA,2,4.62335233290775,32.5,27.87664766709225,random_forest
IND786181AAC>IND792121AAB,2,48.21693091398534,123.0,74.78306908601466,random_forest
IND516227AAA>IND515004AAA,2,46.556074465688894,170.0,123.4439255343111,random_forest
IND516001AAA>IND516227AAA,2,12.669522524653644,34.0,21.330477475346356,random_forest
IND452001AAC>IND425508AAB,2,24.49229400785405,55.5,31.00770599214595,random_forest
IND452001AAC>IND425201AAA,2,236.45446348434123,27.5,-208.95446348434123,random_forest
IND471001AAA>IND472001AAA,2,20.165483566303973,58.0,37.834516433696024,random_forest
IND305001AAC>IND306401AAB,2,28.652780413753348,112.0,83.34721958624665,random_forest
IND303702AAB>IND332404AAA,2,6.137581558584785,18.0,11.862418441415215,random_forest
IND723130AAA>IND723131AAA,2,123.84682510345891,8.5,-115.34682510345891,random_forest
IND312601AAA>IND458664AAA,2,87.86327486228684,38.5,-49.36327486228684,random_forest
IND312001AAA>IND312601AAA,2,7.4816582791741535,21.0,13.518341720825847,random_forest
IND242307AAB>IND207247AAB,2,35.481450146193325,161.0,125.51854985380668,random_forest
IND232101AAB>IND232104AAB,2,11.486290885719601,36.5,25.0137091142804,random_forest
IND221313AAA>IND232101AAB,2,287.99664510886373,568.0,280.00335489113627,random_forest
IND221313AAA>IND221010AAA,2,61.33951887574889,24.5,-36.83951887574889,random_forest
IND521165AAA>IND521225AAB,2,77.01886875676205,118.0,40.981131243237954,random_forest
IND792121AAB>IND786181AAC,2,479.77153103927606,601.5,121.72846896072394,random_forest
IND209304AAA>IND110037AAM,2,429.15018171890057,352.0,-77.15018171890057,random_forest
IND470117AAA>IND470227AAB,2,28.085947231739482,62.5,34.41405276826052,random_forest
IND632006AAA>IND632301AAA,2,6.721018857346326,27.5,20.778981142653674,random_forest
IND712311AAA>IND781018AAB,2,118.92981738076753,1488.0,1369.0701826192326,random_forest
IND712311AAA>IND751002AAB,2,141.94309081656266,254.0,112.05690918343734,random_forest
IND531163AAA>IND535001AAA,2,6.1146172508110705,23.0,16.885382749188928,random_forest
IND530043AAA>IND531163AAA,2,7.129026396108944,13.5,6.370973603891056,random_forest
IND530012AAA>IND530043AAA,2,17.80965868600227,42.5,24.69034131399773,random_forest
IND600008AAC>IND600013AAA,2,9.765556077906979,39.5,29.73444392209302,random_forest
IND591307AAC>IND580028AAA,2,51.162756345273436,190.0,138.83724365472656,random_forest
IND591302AAB>IND591115AAB,2,17.283424271610592,26.5,9.216575728389408,random_forest
IND591302AAB>IND580028AAA,2,103.80074823668981,167.0,63.19925176331019,random_forest
IND591115AAB>IND580028AAA,2,31.72269101019519,38.5,6.7773089898048084,random_forest
IND590016AAA>IND591302AAB,2,10.434793823835038,22.5,12.065206176164962,random_forest
IND201007AAA>IND201001AAA,2,19.492127821237645,3.5,-15.992127821237645,random_forest
IND811213AAA>IND813213AAA,2,32.66637987159867,17.5,-15.166379871598672,random_forest
IND786001AAB>IND786184AAA,2,22.242898293353797,12.0,-10.242898293353797,random_forest
IND243201AAA>IND262001AAA,2,9.747035153960347,46.0,36.25296484603965,random_forest
IND712311AAA>IND713145AAB,2,19.2831673765383,89.0,69.7168326234617,random_forest
IND423109AAA>IND423601AAA,2,14.973800582812315,7.5,-7.473800582812315,random_forest
IND638501AAB>IND641062AAD,2,27.57137411645577,24.5,-3.0713741164557717,random_forest
IND635802AAB>IND635601AAB,2,47.5123662346559,81.5,33.9876337653441,random_forest
IND635601AAB>IND635802AAB,2,42.844451790343975,93.5,50.655548209656025,random_forest
IND313001AAB>IND327001AAB,2,109.34758087772576,257.5,148.15241912227424,random_forest
IND333031AAA>IND331023AAA,2,4.9568133277838164,54.5,49.54318667221618,random_forest
IND333001AAA>IND333028AAA,2,9.672892027457086,11.0,1.3271079725429136,random_forest
IND533201AAA>IND533262AAA,2,15.585120515201968,34.5,18.914879484798032,random_forest
IND532222AAA>IND761200AAA,2,17.01361492131623,41.0,23.98638507868377,random_forest
IND825102AAA>IND827013AAA,2,22.37116917486061,27.5,5.128830825139389,random_forest
IND821109AAA>IND802213AAB,2,40.32729488547465,167.5,127.17270511452534,random_forest
IND815301AAA>IND815353AAA,2,1.2491521546883746,40.0,38.750847845311625,random_forest
IND814133AAB>IND816109AAA,2,18.60469262775937,73.0,54.39530737224063,random_forest
IND332001AAB>IND334001AAB,2,21.446296406395525,90.0,68.55370359360447,random_forest
IND332001AAB>IND333001AAA,2,10.391015307045794,17.0,6.6089846929542055,random_forest
IND425201AAA>IND425508AAB,2,7.339502991166054,30.0,22.660497008833946,random_forest
IND424006AAA>IND423106AAA,2,8.145891692610451,27.0,18.85410830738955,random_forest
IND331304AAA>IND332001AAB,2,78.98843193849973,367.5,288.51156806150027,random_forest
IND322001AAC>IND302014AAB,2,69.92153063253704,143.5,73.57846936746296,random_forest
IND712406AAA>IND712602AAA,2,15.594367570656406,29.5,13.905632429343594,random_forest
IND342301AAA>IND342005AAD,2,262.78420192989404,764.0,501.21579807010596,random_forest
IND342005AAD>IND342601AAA,2,25.654615275520662,47.5,21.845384724479338,random_forest
IND160002AAC>IND151001AAA,2,13.238918046401189,101.0,87.76108195359882,random_forest
IND181152AAB>IND181201AAB,2,17.905673263533696,61.5,43.5943267364663,random_forest
IND560043AAC>IND562132AAA,2,17.3829835630788,62.5,45.117016436921205,random_forest
IND560002AAA>IND560099AAB,2,40.675937490638276,65.0,24.324062509361724,random_forest
IND535001AAA>IND530012AAA,2,25.47168641086693,143.0,117.52831358913306,random_forest
IND534260AAC>IND533106AAA,2,14.791401076082408,103.5,88.70859892391759,random_forest
IND160002AAC>IND000000ACA,2,14.884682860753763,57.0,42.11531713924624,random_forest
IND152026AAA>IND152116AAA,2,27.470969168903764,20.5,-6.970969168903764,random_forest
IND811201AAB>IND811213AAA,2,15.143978914077643,29.5,14.356021085922357,random_forest
IND422605AAA>IND413709AAA,2,1.9038592565599899,36.0,34.09614074344001,random_forest
IND422011AAD>IND422103AAC,2,14.761889666583173,17.5,2.7381103334168273,random_forest
IND700065AAB>IND712310AAA,2,48.51805475162996,128.5,79.98194524837004,random_forest
IND700065AAA>IND700026AAC,2,31.251817166656334,21.5,-9.751817166656334,random_forest
IND826004AAA>IND815353AAA,2,23.142157279497447,61.0,37.85784272050255,random_forest
IND560099AAB>IND560058AAD,2,21.62658649253419,21.0,-0.6265864925341909,random_forest
IND560067AAC>IND562114AAA,2,16.23192068162693,9.5,-6.7319206816269315,random_forest
IND560060AAB>IND562132AAA,2,9.358139445023177,30.5,21.141860554976823,random_forest
IND151302AAA>IND151505AAA,2,10.78862041270885,9.0,-1.78862041270885,random_forest
IND151103AAA>IND151001AAA,2,218.6416515511247,389.5,170.8583484488753,random_forest
IND151001AAA>IND151302AAA,2,27.907380275347066,16.0,-11.907380275347066,random_forest
IND151001AAA>IND151103AAA,2,5.902045361887151,14.5,8.59795463811285,random_forest
IND151001AAA>IND148101AAA,2,23.07533171006094,5.5,-17.57533171006094,random_forest
IND203135AAA>IND203390AAA,2,10.139155137473114,46.0,35.86084486252689,random_forest
IND712311AAA>IND000000ACB,2,334.4398603877629,879.5,545.0601396122371,random_forest
IND421302AAR>IND400612AAA,2,13.175136328772123,11.0,-2.1751363287721226,random_forest
IND122001AAD>IND122050AAA,2,12.66400580514126,15.5,2.83599419485874,random_forest
IND148101AAA>IND148102AAA,2,10.598123058646426,2.0,-8.598123058646426,random_forest
IND147101AAA>IND147105AAA,2,16.763234425838192,9.5,-7.263234425838192,random_forest
IND144401AAB>IND144001AAB,2,18.900917128183885,9.0,-9.900917128183885,random_forest
IND144001AAC>IND160002AAC,2,26.006256802949125,163.0,136.9937431970509,random_forest
IND160002AAC>IND147101AAA,2,34.84827547807698,106.5,71.65172452192303,random_forest
IND834002AAB>IND827013AAA,2,11.560869872476246,266.0,254.43913012752375,random_forest
IND834002AAB>IND825102AAA,2,57.74473090487896,220.0,162.25526909512104,random_forest
IND144001AAB>IND144401AAB,2,10.701286461820423,26.5,15.798713538179577,random_forest
IND134203AAA>IND140501AAA,2,12.153487853193258,34.5,22.34651214680674,random_forest
IND132103AAB>IND132001AAA,2,26.958569730664987,15.5,-11.458569730664987,random_forest
IND131028AAB>IND248001AAA,2,89.17739716532623,169.0,79.82260283467377,random_forest
IND826004AAA>IND828401AAB,2,22.219530958424624,2.0,-20.219530958424624,random_forest
IND826004AAA>IND828111AAA,2,24.60402363952428,15.5,-9.104023639524279,random_forest
IND341001AAC>IND341303AAA,2,27.931465293983443,46.0,18.068534706016557,random_forest
IND362220AAA>IND362265AAA,2,23.916788929919935,18.5,-5.416788929919935,random_forest
IND345021AAA>IND342301AAA,2,23.867032486947245,13.5,-10.367032486947245,random_forest
IND384205AAA>IND384170AAA,2,7.051454817350171,15.0,7.948545182649829,random_forest
IND700028AAB>IND712311AAA,2,219.2965240350967,312.5,93.2034759649033,random_forest
IND641062AAD>IND643231AAA,2,9.219667290354408,82.0,72.78033270964559,random_forest
IND421302AAG>IND131028AAB,2,263.54784281524985,837.0,573.4521571847501,random_forest
IND421302AAG>IND000000ACB,2,18.098941982168867,962.5,944.4010580178311,random_forest
IND421302AAG>IND462022AAA,2,103.40109207323013,647.0,543.5989079267699,random_forest
IND421302AAG>IND421401AAC,2,3.0467131875012967,48.5,45.4532868124987,random_forest
IND342902A1B>IND302014AAA,2,13.62577218498501,239.0,225.374227815015,random_forest
IND342601AAA>IND342902A1B,2,14.23160937970204,30.5,16.26839062029796,random_forest
IND370110AAA>IND370001AAA,2,13.072629401996256,59.0,45.92737059800375,random_forest
IND131028AAB>IND136118AAA,2,13.138829429022415,93.0,79.86117057097758,random_forest
IND126112AAA>IND131028AAB,2,39.44972416925458,58.5,19.05027583074542,random_forest
IND140118AAA>IND160002AAC,2,41.23367295614386,44.0,2.766327043856137,random_forest
IND583201AAA>IND583119AAA,2,17.813989877895736,30.0,12.186010122104264,random_forest
IND562132AAA>IND560002AAA,2,11.2071762086094,51.5,40.2928237913906,random_forest
IND000000AFG>IND673632AAA,2,27.74740023273716,45.0,17.25259976726284,random_forest
IND000000ACB>IND124103AAA,2,5.809691220254923,50.0,44.19030877974508,random_forest
IND000000AAQ>IND700028AAB,2,21.75226877344699,71.0,49.247731226553014,random_forest
IND845438AAA>IND845455AAB,2,18.22290959564517,16.5,-1.72290959564517,random_forest
IND000000ACB>IND821115AAB,2,96.83000798448393,634.0,537.1699920155161,random_forest
IND573103AAA>IND577116AAA,2,5.476046025860769,10.5,5.023953974139231,random_forest
IND572201AAB>IND573103AAA,2,16.634524864606888,23.5,6.865475135393112,random_forest
IND572101AAA>IND561203AAB,2,7.183809912458454,43.5,36.31619008754154,random_forest
IND854326AAB>IND852131AAA,2,26.20383933322259,105.0,78.79616066677741,random_forest
IND844505AAB>IND842001AAA,2,313.0937836153264,302.5,-10.593783615326402,random_forest
IND842003AAB>IND487001AAB,2,34.847383813698215,82.5,47.652616186301785,random_forest
IND842003AAB>IND483501AAA,2,5.035688241149948,89.5,84.46431175885004,random_forest
IND411014AAA>IND411043AAA,2,6.139220506004072,87.0,80.86077949399592,random_forest
IND410505AAB>IND411033AAA,2,38.34820709708946,30.5,-7.848207097089457,random_forest
IND410503AAA>IND410505AAB,2,28.665740668874772,71.5,42.834259331125224,random_forest
IND401209AAB>IND421302AAH,2,11.0,51.0,40.0,random_forest
IND271210AAA>IND271001AAA,2,76.06376871391626,155.5,79.43623128608374,random_forest
IND263601AAA>IND262501AAA,2,52.55596138926639,132.5,79.9440386107336,random_forest
IND263153AAB>IND263002AAA,2,70.44889450722457,93.5,23.051105492775434,random_forest
IND263002AAA>IND263645AAA,2,16.472536269575585,18.0,1.5274637304244152,random_forest
IND281401AAA>IND321022AAA,2,6.2579637543028035,17.5,11.242036245697197,random_forest
IND281121AAB>IND110037AAM,2,211.9711885454926,349.0,137.0288114545074,random_forest
IND277201AAA>IND221706AAA,2,26.464997134882196,105.5,79.0350028651178,random_forest
IND000000ACA>IND144001AAB,2,15.15655768505691,29.0,13.84344231494309,random_forest
IND401209AAB>IND401104AAA,2,87.63017996366821,107.5,19.869820036331788,random_forest
IND401104AAA>IND421302AAG,2,21.717704092326137,58.0,36.28229590767386,random_forest
IND400102AAC>IND400052AAA,2,19.85311853385329,47.5,27.64688146614671,random_forest
IND680587AAA>IND68004AAA,2,6.1628365337611655,41.0,34.837163466238835,random_forest
IND680307AAA>IND683511AAA,2,13.54938204696862,25.5,11.95061795303138,random_forest
IND68004AAA>IND683511AAA,2,22.097087873632468,88.5,66.40291212636754,random_forest
IND000000AFT>IND400072AAB,2,8.306955242086609,20.5,12.193044757913391,random_forest
IND000000AFR>IND683511AAA,2,30.138540234088023,19.5,-10.638540234088023,random_forest
IND000000ABA>IND683565AAA,1,3.7764629158743226,23.0,19.223537084125677,random_forest
IND000000ACB>IND125001AAA,1,64.84070850639941,223.0,158.1592914936006,random_forest
IND000000ACB>IND127021AAA,1,9.168247450984055,102.0,92.83175254901595,random_forest
IND852118A1B>IND854326AAB,1,12.065917531773422,105.0,92.93408246822658,random_forest
IND852131AAA>IND852201AAA,1,29.549264588354184,32.0,2.450735411645816,random_forest
IND852201AAA>IND854326AAB,1,180.72424383779838,369.0,188.27575616220162,random_forest
IND854311AAA>IND852118A1B,1,11.55138516118555,33.0,21.44861483881445,random_forest
IND854311AAA>IND854334AAA,1,21.367783194269997,11.0,-10.367783194269997,random_forest
IND571440AAA>IND571430AAA,1,19.244838548486523,7.0,-12.244838548486523,random_forest
IND125001AAA>IND335501AAA,1,458.41234120573677,549.0,90.58765879426323,random_forest
IND124141AAA>IND000000ACB,1,17.825356036795597,83.0,65.1746439632044,random_forest
IND124112AAA>IND125033AAA,1,22.453283096633413,18.0,-4.453283096633413,random_forest
IND124103AAA>IND127021AAA,1,3.417528915900057,46.0,42.58247108409994,random_forest
IND122001AAA>IND122050AAA,1,56.897327592074504,109.0,52.102672407925496,random_forest
IND843320AAA>IND847223AAA,1,133.91295357598023,164.0,30.087046424019775,random_forest
IND842003AAB>IND487001AAA,1,29.048729638201905,75.0,45.951270361798095,random_forest
IND842003AAB>IND483225AAA,1,7.036145608478982,45.0,37.96385439152102,random_forest
IND842003AAB>IND482002AAA,1,53.76685009533867,218.0,164.23314990466133,random_forest
IND842003AAB>IND480886AAA,1,14.717098405324961,101.0,86.28290159467504,random_forest
IND842003AAB>IND480661AAA,1,27.772586615177843,91.0,63.22741338482216,random_forest
IND131028AAB>IND201204AAA,1,3.7162673872559537,53.0,49.283732612744046,random_forest
IND131028AAB>IND124001AAB,1,1.4571812014697443,42.0,40.542818798530256,random_forest
IND127201AAA>IND124141AAA,1,5.185571239787912,46.0,40.81442876021209,random_forest
IND125047AAB>IND125051AAA,1,30.7308802591443,38.0,7.2691197408557,random_forest
IND125001AAA>IND335523AAB,1,16.180836677202166,250.0,233.81916332279783,random_forest
IND560300AAB>IND563130AAA,1,1.7508956949475305,36.0,34.24910430505247,random_forest
IND560300AAB>IND563125AAB,1,58.8021744299116,22.0,-36.8021744299116,random_forest
IND560099AAG>IND560099AAB,1,13.740695948616512,19.0,5.259304051383488,random_forest
IND586101AAB>IND416404AAA,1,7.426346629919479,57.0,49.57365337008052,random_forest
IND583227AAA>IND583201AAA,1,5.930330038362278,46.0,40.06966996163772,random_forest
IND562132AAA>IND515004AAA,1,43.287962549757765,80.0,36.712037450242235,random_forest
IND562114AAA>IND560067AAC,1,43.62916916189452,76.0,32.37083083810548,random_forest
IND562108AAA>IND572101AAA,1,8.24647549037907,99.0,90.75352450962093,random_forest
IND561207AAB>IND572101AAA,1,0.40396194694704946,130.0,129.59603805305295,random_forest
IND561207AAB>IND562108AAA,1,1.70729917825836,22.0,20.29270082174164,random_forest
IND563131AAA>IND563125AAB,1,2.6758223669383696,32.0,29.32417763306163,random_forest
IND563130AAA>IND563131AAB,1,16.683086184607884,6.0,-10.683086184607884,random_forest
IND563125AAB>IND560300AAB,1,102.88469674331415,29.0,-73.88469674331415,random_forest
IND563101AAB>IND563131AAA,1,3.9676715116940287,27.0,23.03232848830597,random_forest
IND563101AAB>IND560300AAB,1,165.40507457870513,284.0,118.59492542129487,random_forest
IND562132AAC>IND000000ACB,1,163.88782965317546,1184.0,1020.1121703468245,random_forest
IND530012AAA>IND531036AAA,1,11.26358288745385,71.0,59.73641711254615,random_forest
IND524132AAA>IND524101AAB,1,2.1514625545096244,24.0,21.848537445490376,random_forest
IND600008AAA>IND600044AAC,1,16.070227373229343,33.0,16.929772626770657,random_forest
IND591307AAC>IND580030AAA,1,16.97870772870229,142.0,125.02129227129771,random_forest
IND591237AAB>IND591201AAA,1,1.805877754154153,14.0,12.194122245845847,random_forest
IND591201AAA>IND586101AAB,1,35.70650207022841,92.0,56.29349792977159,random_forest
IND591126AAA>IND591102AAA,1,7.104244640936017,14.0,6.895755359063983,random_forest
IND533262AAA>IND533106AAA,1,8.838412718993418,57.0,48.16158728100658,random_forest
IND533106AAA>IND534260AAC,1,54.23636158734391,160.0,105.76363841265609,random_forest
IND533003AAA>IND533106AAA,1,10.995182063482147,55.0,44.00481793651785,random_forest
IND532201AAA>IND761200AAA,1,46.23346563586518,7.0,-39.23346563586518,random_forest
IND560027AAA>IND560099AAA,1,29.9793586919607,2.0,-27.9793586919607,random_forest
IND560099AAB>IND515004AAA,1,107.05048021849154,111.0,3.9495197815084566,random_forest
IND560085AAA>IND562132AAA,1,26.41622483593777,72.0,45.58377516406223,random_forest
IND560078AAC>IND562132AAA,1,30.955079854798335,11.0,-19.955079854798335,random_forest
IND561203AAB>IND562101AAA,1,8.943165744824508,11.0,2.0568342551754917,random_forest
IND515591AAA>IND516269AAA,1,2.8061798743137985,50.0,47.1938201256862,random_forest
IND600056AAB>IND501359AAE,1,41.63358127702418,413.0,371.3664187229758,random_forest
IND600044AAE>IND600056AAB,1,0.7094453452839247,46.0,45.290554654716075,random_forest
IND521105AAA>IND534001AAA,1,6.507602592942657,18.0,11.492397407057343,random_forest
IND521001AAA>IND521225AAB,1,32.44455120516777,65.0,32.55544879483223,random_forest
IND520011AAA>IND521185AAA,1,14.209928154812559,26.0,11.790071845187441,random_forest
IND518222AAA>IND518002AAA,1,20.545608920315452,19.0,-1.545608920315452,random_forest
IND518206AAA>IND518222AAA,1,16.843882157048803,7.0,-9.843882157048803,random_forest
IND518002AAA>IND562132AAA,1,48.250486220779464,125.0,76.74951377922054,random_forest
IND518002AAA>IND518206AAA,1,1014.346813799218,1078.0,63.65318620078199,random_forest
IND524101AAB>IND517501AAB,1,60.94337693584578,150.0,89.05662306415422,random_forest
IND523201AAA>IND523002AAA,1,33.864415444810305,121.0,87.1355845551897,random_forest
IND521333AAA>IND521225AAB,1,28.00957948857537,86.0,57.99042051142463,random_forest
IND521185AAA>IND521225AAB,1,15.262111673318394,45.0,29.737888326681606,random_forest
IND530012AAA>IND535001AAA,1,186.04043419894958,273.0,86.95956580105042,random_forest
IND530012AAA>IND531162AAA,1,8.194056513400213,19.0,10.805943486599787,random_forest
IND505209AAA>IND504201AAA,1,21.87977215843673,10.0,-11.87977215843673,random_forest
IND505001AAB>IND504251AAA,1,17.354538284274724,101.0,83.64546171572528,random_forest
IND505001AAA>IND505327AAA,1,35.517458668764554,26.0,-9.517458668764554,random_forest
IND600116AAB>IND600056AAA,1,20.925607691140762,15.0,-5.925607691140762,random_forest
IND600083AAA>IND600116AAB,1,17.440342877757594,12.0,-5.440342877757594,random_forest
IND600076AAB>IND600056AAB,1,0.7776522313906753,47.0,46.222347768609325,random_forest
IND600073AAA>IND603203AAA,1,43.35708752258975,11.0,-32.35708752258975,random_forest
IND507111AAA>IND507303AAA,1,55.78615444985316,66.0,10.213845550146843,random_forest
IND506001AAC>IND505122AAA,1,18.65878680712359,47.0,28.34121319287641,random_forest
IND509124AAA>IND509103AAB,1,24.377989804468122,25.0,0.6220101955318782,random_forest
IND509103AAC>IND518002AAA,1,31.310354287837853,44.0,12.689645712162147,random_forest
IND508377AAB>IND501359AAE,1,54.32991219081313,76.0,21.670087809186867,random_forest
IND508207AAB>IND508206AAA,1,8.967346750061836,57.0,48.032653249938164,random_forest
IND508206AAA>IND507159AAA,1,0.4630987892438583,19.0,18.53690121075614,random_forest
IND507159AAA>IND507002AAA,1,143.63642729669584,17.0,-126.63642729669584,random_forest
IND515134AAA>IND515591AAA,1,4.296832260074716,29.0,24.703167739925284,random_forest
IND504293AAA>IND504208AAB,1,30.886484400386706,9.0,-21.886484400386706,random_forest
IND504208AAB>IND505001AAB,1,63.1199930444141,33.0,-30.1199930444141,random_forest
IND504201AAA>IND505184AAC,1,3.786589993907157,25.0,21.213410006092843,random_forest
IND504201AAA>IND505001AAB,1,41.70171485499267,83.0,41.29828514500733,random_forest
IND502313AAA>IND503111AAC,1,8.805384802277302,42.0,33.1946151977227,random_forest
IND607801AAA>IND606003AAA,1,2.8172073906942217,28.0,25.18279260930578,random_forest
IND607106AAA>IND607801AAA,1,7.446860086903403,13.0,5.553139913096597,random_forest
IND606201AAC>IND605601AAA,1,0.4913886627399364,86.0,85.50861133726006,random_forest
IND606105AAA>IND606201AAC,1,11.03557525394244,47.0,35.96442474605756,random_forest
IND606003AAA>IND606105AAA,1,9.816549739930382,6.0,-3.816549739930382,random_forest
IND605601AAA>IND607106AAA,1,13.303245108883296,20.0,6.696754891116704,random_forest
IND602024AAA>IND600116AAB,1,19.531326009016787,21.0,1.4686739909832127,random_forest
IND505425AAA>IND505001AAB,1,74.24149451374788,54.0,-20.24149451374788,random_forest
IND505425AAA>IND504215AAA,1,13.336854944982456,29.0,15.663145055017544,random_forest
IND505326AAB>IND505425AAA,1,36.22421970222624,14.0,-22.224219702226243,random_forest
IND505209AAA>IND505001AAB,1,39.10097399859262,37.0,-2.1009739985926217,random_forest
IND485001AAC>IND488001AAA,1,11.981330719567026,57.0,45.018669280432974,random_forest
IND485001AAC>IND471001AAA,1,24.5167390658157,109.0,84.4832609341843,random_forest
IND484446AAA>IND842003AAB,1,77.71559766899415,170.0,92.28440233100585,random_forest
IND484224AAA>IND484446AAA,1,100.58755677508495,2.0,-98.58755677508495,random_forest
IND484001AAA>IND484224AAA,1,2.1443288653068766,18.0,15.855671134693123,random_forest
IND621802AAA>IND621212AAA,1,15.658792419124929,51.0,35.34120758087507,random_forest
IND620020AAA>IND621112AAA,1,5.83719547387166,11.0,5.16280452612834,random_forest
IND501301AAC>IND500039AAC,1,14.096510661146247,43.0,28.903489338853753,random_forest
IND500050AAA>IND501359AAE,1,35.83587720786524,50.0,14.164122792134762,random_forest
IND500050AAA>IND501218AAC,1,30.394246880262315,146.0,115.60575311973768,random_forest
IND500039AAB>IND501301AAC,1,10.90079834886292,10.0,-0.9007983488629208,random_forest
IND500010AAA>IND501401AAC,1,5.901980933667346,42.0,36.098019066332654,random_forest
IND500010AAA>IND501359AAE,1,680.5754252437783,762.0,81.42457475622166,random_forest
IND500008AAD>IND501359AAE,1,13.384566135543992,89.0,75.61543386445601,random_forest
IND501359AAE>IND562132AAA,1,53.69166102673512,291.0,237.30833897326488,random_forest
IND504296AAA>IND505001AAB,1,76.5236182101381,75.0,-1.5236182101380962,random_forest
IND483225AAA>IND483501AAA,1,4.461933705504826,41.0,36.538066294495174,random_forest
IND480886AAA>IND480001AAA,1,10.1673666484281,59.0,48.8326333515719,random_forest
IND473443AAA>IND470113AAA,1,9.633570039072154,59.0,49.366429960927846,random_forest
IND473226AAA>IND473001AAA,1,27.42181183149569,7.0,-20.42181183149569,random_forest
IND625532AAA>IND625531AAA,1,16.972447936276065,10.0,-6.972447936276065,random_forest
IND625531AAA>IND625516AAA,1,5.477659136827473,10.0,4.522340863172527,random_forest
IND625008AAA>IND685514AAA,1,54.17652876059876,80.0,25.823471239401243,random_forest
IND625008AAA>IND625516AAA,1,87.74962577601691,30.0,-57.74962577601691,random_forest
IND624703AAA>IND624619AAA,1,54.32645143244872,15.0,-39.32645143244872,random_forest
IND624601AAA>IND624101AAA,1,17.675805387189946,26.0,8.324194612810054,random_forest
IND624101AAA>IND624202AAA,1,29.944802245062355,10.0,-19.944802245062355,random_forest
IND494334AAB>IND493445AAB,1,8.464743372782635,103.0,94.53525662721736,random_forest
IND493445AAB>IND490023AAA,1,731.0924289113033,818.0,86.90757108869673,random_forest
IND491001AAA>IND494334AAB,1,100.5774529399506,47.0,-53.577452939950604,random_forest
IND488001AAA>IND471001AAA,1,8.456686213322016,56.0,47.543313786677984,random_forest
IND487001AAA>IND487551AAA,1,22.219827556528124,5.0,-17.219827556528124,random_forest
IND431203AAA>IND431136AAC,1,18.681941995116397,40.0,21.318058004883603,random_forest
IND425412AAA>IND424006AAA,1,688.0069754155604,1014.0,325.9930245844396,random_forest
IND425406AAA>IND425412AAA,1,1.256984707582781,44.0,42.74301529241722,random_forest
IND635601AAB>IND635207AAA,1,15.401865526831266,34.0,18.598134473168734,random_forest
IND635207AAA>IND635802AAB,1,22.170404804825807,143.0,120.82959519517419,random_forest
IND632301AAA>IND632006AAA,1,63.83178229608737,120.0,56.16821770391263,random_forest
IND632301AAA>IND606803AAA,1,1.2422913461884058,26.0,24.757708653811594,random_forest
IND461001AAA>IND461111AAA,1,9.611998889328959,53.0,43.38800111067104,random_forest
IND457001AAA>IND382430AAB,1,3.1084609694921426,234.0,230.89153903050786,random_forest
IND451666AAA>IND424006AAA,1,64.99674477317393,80.0,15.00325522682607,random_forest
IND451666AAA>IND421302AAG,1,119.55786711351999,470.0,350.44213288648,random_forest
IND470113AAA>IND470227AAB,1,57.67924000689453,74.0,16.32075999310547,random_forest
IND470004AAA>IND470117AAA,1,27.279464698063222,53.0,25.720535301936778,random_forest
IND470004AAA>IND470113AAA,1,1.0314111235796162,68.0,66.96858887642038,random_forest
IND462022AAA>IND462042AAA,1,26.86447239501915,36.0,9.135527604980851,random_forest
IND462022AAA>IND462001AAA,1,8.409696634089116,41.0,32.590303365910884,random_forest
IND425406AAA>IND425405AAA,1,8.547774925485701,17.0,8.452225074514299,random_forest
IND424006AAA>IND425405AAA,1,4.174344982483596,43.0,38.825655017516404,random_forest
IND424006AAA>IND421302AAG,1,11.033402478813315,254.0,242.96659752118669,random_forest
IND423109AAA>IND423701AAB,1,10.19709780858517,42.0,31.80290219141483,random_forest
IND423106AAA>IND423105AAA,1,15.963976908159221,16.0,0.036023091840778676,random_forest
IND423105AAA>IND423301AAB,1,2.814940412117174,16.0,13.185059587882826,random_forest
IND422605AAA>IND423109AAA,1,50.61275520097972,118.0,67.38724479902028,random_forest
IND641062AAD>IND642001AAA,1,66.56262833649544,32.0,-34.562628336495436,random_forest
IND641062AAD>IND641008AAA,1,34.179732159910586,34.0,-0.17973215991058566,random_forest
IND641062AAD>IND641001AAA,1,40.37366660686814,89.0,48.62633339313186,random_forest
IND641062AAD>IND638401AAA,1,14.410057813671294,25.0,10.589942186328706,random_forest
IND638452AAA>IND638501AAB,1,10.808929823439964,3.0,-7.808929823439964,random_forest
IND636005AAA>IND636016AAA,1,20.20376449176057,1.0,-19.20376449176057,random_forest
IND441603AAA>IND442605AAA,1,56.32615003690114,20.0,-36.32615003690114,random_forest
IND441206AAB>IND442605AAA,1,10.274228704332202,63.0,52.7257712956678,random_forest
IND441206AAB>IND441603AAA,1,16.258596684930353,117.0,100.74140331506965,random_forest
IND413304AAA>IND413002AAA,1,8.150113315986395,49.0,40.849886684013605,random_forest
IND413002AAA>IND413307AAC,1,23.594292800668896,64.0,40.405707199331104,random_forest
IND411048AAA>IND411014AAA,1,3.043194342652754,58.0,54.956805657347246,random_forest
IND643231AAA>IND643217AAA,1,17.93316770096589,1.0,-16.93316770096589,random_forest
IND642001AAA>IND642126AAA,1,34.27446283896603,16.0,-18.27446283896603,random_forest
IND641607AAA>IND641664AAA,1,9.713476956277123,14.0,4.286523043722877,random_forest
IND641062AAD>IND643217AAA,1,5.689133741973038,92.0,86.31086625802696,random_forest
IND421302AAG>IND160002AAC,1,281.83161019757176,1022.0,740.1683898024282,random_forest
IND416122AAA>IND395023AAA,1,133.16915321885688,423.0,289.8308467811431,random_forest
IND416012AAA>IND415612AAA,1,33.60824546389887,199.0,165.39175453610113,random_forest
IND416012AAA>IND415409AAB,1,4.370729416109526,32.0,27.629270583890474,random_forest
IND416012AAA>IND395023AAA,1,72.9801570033676,340.0,267.0198429966324,random_forest
IND415709AAA>IND416122AAA,1,77.63657422048038,127.0,49.363425779519616,random_forest
IND415612AAA>IND415408AAC,1,3.8530800562161858,137.0,133.14691994378381,random_forest
IND421302AAG>IND400078AAB,1,28.040163523054723,19.0,-9.040163523054723,random_forest
IND422011AAD>IND413709AAA,1,23.9309640496449,96.0,72.0690359503551,random_forest
IND401104AAB>IND400072AAB,1,100.97877000106921,136.0,35.02122999893079,random_forest
IND400706AAA>IND000000AFT,1,20.189116119081227,30.0,9.810883880918773,random_forest
IND400705AAA>IND421302AAH,1,30.31432392831921,35.0,4.685676071680788,random_forest
IND400701AAA>IND400705AAA,1,4.061291392323739,40.0,35.93870860767626,random_forest
IND680587AAA>IND683511AAA,1,4.300946589793071,106.0,101.69905341020693,random_forest
IND676509AAA>IND678583AAA,1,37.924679153331816,6.0,-31.924679153331816,random_forest
IND676306AAA>IND676509AAA,1,4.232094242043402,21.0,16.767905757956598,random_forest
IND410505AAB>IND410501AAF,1,0.08371495832041376,31.0,30.916285041679586,random_forest
IND410501AAF>IND411033AAA,1,5.70119693168931,76.0,70.29880306831069,random_forest
IND403726AAB>IND403002AAA,1,17.651352669437557,0.0,-17.651352669437557,random_forest
IND403002AAA>IND403726AAB,1,73.54633804167587,52.0,-21.546338041675867,random_forest
IND411033AAB>IND411057AAF,1,20.407074889761063,64.0,43.59292511023894,random_forest
IND411033AAA>IND580028AAA,1,174.63873668531198,187.0,12.361263314688017,random_forest
IND411017AAA>IND412105AAC,1,3.8937720842030643,36.0,32.106227915796936,random_forest
IND415301AAB>IND413307AAB,1,10.767304409118374,36.0,25.232695590881626,random_forest
IND413307AAB>IND413304AAA,1,16.30796198719503,30.0,13.692038012804971,random_forest
IND383255AAB>IND384205AAA,1,20.48429397848919,49.0,28.51570602151081,random_forest
IND686540AAA>IND686028AAB,1,24.080028596325747,17.0,-7.0800285963257465,random_forest
IND683511AAA>IND562132AAA,1,26.32291975007655,485.0,458.67708024992345,random_forest
IND390022AAA>IND390020AAA,1,37.19996658492298,15.0,-22.199966584922983,random_forest
IND390020AAA>IND390022AAA,1,68.440360445086,26.0,-42.440360445086,random_forest
IND390020AAA>IND390018AAB,1,17.53555001678621,26.0,8.46444998321379,random_forest
IND390018AAB>IND390020AAA,1,59.618704424011185,12.0,-47.618704424011185,random_forest
IND388320AAA>IND388220AAA,1,25.821710074121377,22.0,-3.821710074121377,random_forest
IND387620AAB>IND389230AAB,1,3.8760593283354865,77.0,73.12394067166451,random_forest
IND396445AAA>IND396321AAA,1,21.958373098572913,52.0,30.041626901427087,random_forest
IND396321AAA>IND396001AAA,1,9.60432052924757,11.0,1.3956794707524303,random_forest
IND396191AAC>IND396210AAA,1,12.325335238426824,32.0,19.674664761573176,random_forest
IND395023AAD>IND396445AAA,1,2.9348531095282127,20.0,17.065146890471787,random_forest
IND400072AAB>IND400015AAB,1,16.97647573804543,33.0,16.02352426195457,random_forest
IND400064AAB>IND400072AAB,1,4.138750520875675,28.0,23.861249479124325,random_forest
IND400015AAB>IND400072AAB,1,7.273926380796119,43.0,35.72607361920388,random_forest
IND361305AAC>IND361335AAA,1,54.100960123940936,35.0,-19.100960123940936,random_forest
IND361305AAC>IND361315AAA,1,12.313391381001392,13.0,0.6866086189986085,random_forest
IND360575AAA>IND360510AAB,1,13.672533855696095,21.0,7.327466144303905,random_forest
IND360490AAA>IND362001AAA,1,6.344029758685004,49.0,42.655970241314996,random_forest
IND360410AAA>IND360490AAA,1,9.79240221509848,22.0,12.20759778490152,random_forest
IND695614AAA>IND695609AAA,1,10.191070176560036,24.0,13.808929823439964,random_forest
IND695609AAA>IND695012AAA,1,3.8247603400074794,42.0,38.17523965999252,random_forest
IND695121AAA>IND695541AAA,1,27.612146909646036,21.0,-6.612146909646036,random_forest
IND380005AAA>IND382421AAA,1,18.92233198917794,14.0,-4.922331989177941,random_forest
IND365560AAA>IND365560AAB,1,7.562587594466478,53.0,45.43741240553352,random_forest
IND364290AAA>IND365560AAB,1,17.200870322898894,34.0,16.799129677101106,random_forest
IND364270AAA>IND364001AAA,1,3.8953546027062202,33.0,29.10464539729378,random_forest
IND362560AAA>IND362150AAA,1,19.991409607721913,29.0,9.008590392278087,random_forest
IND382430AAB>IND387620AAB,1,20.11999875196223,55.0,34.88000124803777,random_forest
IND384205AAA>IND382430AAB,1,67.15222070115132,73.0,5.847779298848678,random_forest
IND383315AAC>IND384205AAA,1,103.96880762233496,35.0,-68.96880762233496,random_forest
IND333028AAA>IND333504AAA,1,6.724103770507497,50.0,43.2758962294925,random_forest
IND712311AAA>IND700028AAB,1,9.228431881552282,56.0,46.77156811844772,random_forest
IND712311AAA>IND421302AAG,1,566.7829926049519,2022.0,1455.217007395048,random_forest
IND712310AAE>IND712103AAA,1,22.279801329514285,76.0,53.720198670485715,random_forest
IND712103AAA>IND712124AAA,1,37.97142418774464,15.0,-22.97142418774464,random_forest
IND700136AAB>IND712311AAA,1,18.707166212074725,127.0,108.29283378792528,random_forest
IND344001AAA>IND345021AAA,1,23.27392808243441,96.0,72.72607191756559,random_forest
IND344001AAA>IND342301AAA,1,4.695666980799075,145.0,140.30433301920093,random_forest
IND341512AAA>IND341505AAA,1,4.607419088949925,18.0,13.392580911050075,random_forest
IND341306AAA>IND302014AAA,1,31.451678816544245,219.0,187.54832118345576,random_forest
IND341030AAA>IND341303AAA,1,14.403066674352985,21.0,6.596933325647015,random_forest
IND341001AAC>IND341030AAA,1,18.688627213931476,47.0,28.311372786068524,random_forest
IND362150AAA>IND362001AAA,1,25.39461650257654,26.0,0.6053834974234604,random_forest
IND362001AAA>IND362265AAA,1,10.735148503227755,40.0,29.264851496772245,random_forest
IND362001AAA>IND360370AAA,1,38.87313342338489,68.0,29.126866576615107,random_forest
IND361315AAA>IND361335AAA,1,6.063022368269877,13.0,6.936977631730123,random_forest
IND327001AAB>IND312605AAB,1,11.113509485550026,26.0,14.886490514449974,random_forest
IND322241AAA>IND322201AAA,1,14.15677517716517,17.0,2.8432248228348307,random_forest
IND322230AAA>IND322241AAA,1,3.394531686615341,19.0,15.605468313384659,random_forest
IND322201AAA>IND303503AAA,1,7.843815121831781,19.0,11.156184878168219,random_forest
IND322201AAA>IND302014AAB,1,38.403781584240974,126.0,87.59621841575903,random_forest
IND321606AAA>IND321001AAA,1,53.954867819214826,23.0,-30.954867819214826,random_forest
IND713145AAB>IND741316AAA,1,4.426029483688936,19.0,14.573970516311064,random_forest
IND713145AAB>IND741101AAB,1,6.4297674572810735,37.0,30.570232542718927,random_forest
IND713128AAB>IND731301AAA,1,42.264392554040086,106.0,63.735607445959914,random_forest
IND713128AAB>IND731204AAB,1,6.033194602015612,44.0,37.96680539798439,random_forest
IND712612AAA>IND722154AAA,1,4.12686249738039,14.0,9.87313750261961,random_forest
IND712602AAA>IND722154AAA,1,24.359300431223943,69.0,44.64069956877606,random_forest
IND335523AAB>IND125001AAA,1,165.23626658313194,325.0,159.76373341686806,random_forest
IND334001AAC>IND341001AAC,1,11.436694064248826,53.0,41.563305935751174,random_forest
IND334001AAC>IND334803AAA,1,4.329856107455477,40.0,35.67014389254452,random_forest
IND333504AAA>IND332713AAA,1,12.116598853668883,24.0,11.883401146331117,random_forest
IND312605AAB>IND313001AAB,1,25.65962330785709,203.0,177.3403766921429,random_forest
IND306401AAB>IND343001AAA,1,19.253068291771584,73.0,53.746931708228416,random_forest
IND722122AAA>IND713205AAB,1,2.0215003144690797,76.0,73.97849968553092,random_forest
IND722101AAB>IND713205AAB,1,74.773328506352,25.0,-49.773328506352,random_forest
IND722101AAA>IND722122AAA,1,10.67583357539434,14.0,3.324166424605661,random_forest
IND721501AAC>IND721253AAC,1,35.021842683031764,118.0,82.97815731696824,random_forest
IND721306AAA>IND721507AAA,1,25.640954514341956,93.0,67.35904548565804,random_forest
IND721306AAA>IND721102AAA,1,3.6193353964612456,31.0,27.380664603538754,random_forest
IND721253AAC>IND721306AAA,1,12.4489733621213,50.0,37.5510266378787,random_forest
IND713205AAB>IND722202AAA,1,48.59432191918387,14.0,-34.59432191918387,random_forest
IND713205AAB>IND722143AAB,1,66.42752897386164,24.0,-42.42752897386164,random_forest
IND713205AAB>IND722122AAA,1,24.93021648228975,109.0,84.06978351771025,random_forest
IND713205AAB>IND722101AAA,1,39.448061837683156,57.0,17.551938162316844,random_forest
IND332001AAB>IND334001AAC,1,18.358986513219946,90.0,71.64101348678005,random_forest
IND332001AAB>IND333042AAA,1,29.205731630790005,65.0,35.794268369209995,random_forest
IND331701AAA>IND125001AAA,1,90.19397837689951,287.0,196.8060216231005,random_forest
IND305001AAC>IND342602AAC,1,24.15309166871863,75.0,50.84690833128137,random_forest
IND303702AAB>IND332001AAB,1,13.579817113321766,31.0,17.420182886678234,random_forest
IND303603AAB>IND302014AAB,1,52.35878266260889,140.0,87.64121733739111,random_forest
IND732103AAB>IND732123AAC,1,117.02608620372665,196.0,78.97391379627335,random_forest
IND731224AAA>IND742147AAA,1,9.882495414371306,46.0,36.117504585628694,random_forest
IND731204AAB>IND731301AAA,1,2.737761940942434,35.0,32.262238059057566,random_forest
IND723202AAA>IND713205AAB,1,42.35057608459442,218.0,175.64942391540558,random_forest
IND723133AAA>IND723130AAA,1,16.05645935464502,28.0,11.943540645354979,random_forest
IND723130AAA>IND723101AAA,1,20.676160572433396,15.0,-5.676160572433396,random_forest
IND723101AAA>IND723202AAA,1,8.96189873430037,28.0,19.03810126569963,random_forest
IND722202AAA>IND722101AAC,1,17.443894020946562,14.0,-3.443894020946562,random_forest
IND722143AAB>IND723133AAA,1,14.70070065036569,17.0,2.2992993496343104,random_forest
IND722140AAA>IND723130AAA,1,1098.108913752169,1251.0,152.89108624783103,random_forest
IND321408AAB>IND321606AAA,1,12.612199967637288,34.0,21.387800032362712,random_forest
IND321022AAA>IND121004AAB,1,38.042384428584995,184.0,145.957615571415,random_forest
IND321001AAA>IND301001AAB,1,181.6095206415888,505.0,323.3904793584112,random_forest
IND303106AAA>IND302014AAA,1,7.640239095050973,85.0,77.35976090494903,random_forest
IND302026AAA>IND302014AAB,1,83.53988861807593,99.0,15.460111381924065,random_forest
IND302014AAB>IND304001AAA,1,2.1050118747044166,89.0,86.89498812529558,random_forest
IND302014AAB>IND303303AAA,1,58.41327231329957,111.0,52.58672768670043,random_forest
IND302014AAB>IND303301AAB,1,0.2055019830734821,20.0,19.794498016926518,random_forest
IND741101AAB>IND741502AAB,1,21.062077578920494,20.0,-1.0620775789204941,random_forest
IND733202AAC>IND733210AAA,1,16.359871863005473,30.0,13.640128136994527,random_forest
IND733129AAA>IND732103AAB,1,31.676489226285128,153.0,121.32351077371487,random_forest
IND733128AAA>IND733129AAB,1,15.088593211152109,67.0,51.91140678884789,random_forest
IND733102AAA>IND732103AAB,1,46.67769066348674,166.0,119.32230933651326,random_forest
IND732204AAB>IND732139AAA,1,26.448062821387992,26.0,-0.44806282138799247,random_forest
IND732139AAA>IND732103AAB,1,101.77181295109239,213.0,111.22818704890761,random_forest
IND732123AAC>IND732139AAA,1,41.424530669516386,6.0,-35.424530669516386,random_forest
IND305901AAA>IND342602AAC,1,135.96284541721616,182.0,46.03715458278384,random_forest
IND305901AAA>IND305624AAA,1,257.4044497381625,357.0,99.5955502618375,random_forest
IND305802AAA>IND341512AAA,1,0.6628566862132317,38.0,37.33714331378677,random_forest
IND273155AAA>IND273014AAB,1,29.538318199332153,56.0,26.461681800667847,random_forest
IND272155AAA>IND272001AAA,1,7.402952322884715,7.0,-0.4029523228847154,random_forest
IND272001AAA>IND273014AAB,1,50.86507865491335,34.0,-16.865078654913347,random_forest
IND742102AAB>IND742121AAB,1,289.42558755616767,342.0,52.57441244383233,random_forest
IND741121AAA>IND741201AAC,1,7.863090920548629,34.0,26.13690907945137,random_forest
IND282002AAD>IND204101AAA,1,11.47816719377063,39.0,27.52183280622937,random_forest
IND282001AAA>IND110037AAM,1,238.4685019688844,395.0,156.5314980311156,random_forest
IND281401AAA>IND121004AAB,1,41.69002277100839,114.0,72.30997722899161,random_forest
IND277211AAA>IND277201AAA,1,1.6857083100670103,33.0,31.31429168993299,random_forest
IND302006AAC>IND302014AAB,1,39.929638199835125,45.0,5.070361800164875,random_forest
IND302004AAA>IND302033AAB,1,23.52996398369592,19.0,-4.529963983695922,random_forest
IND301001AAB>IND321606AAA,1,2.4487737138820194,86.0,83.55122628611798,random_forest
IND285205AAB>IND210431AAA,1,37.282063708054764,61.0,23.717936291945236,random_forest
IND303503AAA>IND302014AAB,1,9.962566494295729,57.0,47.03743350570427,random_forest
IND303338AAB>IND303603AAB,1,17.956945127367486,9.0,-8.956945127367486,random_forest
IND303301AAB>IND303303AAA,1,7.373662785399784,11.0,3.626337214600216,random_forest
IND752050AAA>IND751002AAB,1,18.34218252378102,28.0,9.65781747621898,random_forest
IND752030AAA>IND754022AAA,1,64.92709259748247,15.0,-49.92709259748247,random_forest
IND751015AAA>IND752055AAA,1,5.39984995032729,20.0,14.60015004967271,random_forest
IND751002AAB>IND754103AAA,1,60.20806636489175,322.0,261.79193363510825,random_forest
IND251201AAA>IND131028AAB,1,364.22780771673513,525.0,160.77219228326487,random_forest
IND250611AAA>IND247776AAA,1,2.4165234266256377,33.0,30.583476573374362,random_forest
IND250221AAA>IND251201AAA,1,7.697116948024572,34.0,26.302883051975428,random_forest
IND272001AAA>IND272175AAA,1,21.890878905019292,11.0,-10.890878905019292,random_forest
IND263645AAA>IND263601AAA,1,9.010208917462826,44.0,34.989791082537174,random_forest
IND263645AAA>IND262501AAA,1,31.32689800216741,176.0,144.6731019978326,random_forest
IND263153AAB>IND263645AAA,1,92.58146589624742,30.0,-62.58146589624742,random_forest
IND263153AAB>IND244713AAA,1,74.86692907833182,145.0,70.13307092166818,random_forest
IND274509AAB>IND274402AAA,1,57.59983423572227,107.0,49.40016576427773,random_forest
IND274509AAB>IND274304AAA,1,22.904295815710213,68.0,45.09570418428979,random_forest
IND274304AAA>IND274304AAB,1,10.239129807657115,53.0,42.760870192342885,random_forest
IND273304AAA>IND273014AAB,1,59.22927124980953,166.0,106.77072875019047,random_forest
IND246725AAB>IND246701AAA,1,8.461903749068409,10.0,1.5380962509315914,random_forest
IND246701AAA>IND246763AAA,1,31.352960686444707,58.0,26.647039313555293,random_forest
IND244921AAB>IND243201AAA,1,13.122983944872473,60.0,46.87701605512753,random_forest
IND244901AAC>IND244921AAB,1,35.494914078991656,18.0,-17.494914078991656,random_forest
IND244901AAB>IND244921AAB,1,12.637895000589914,32.0,19.362104999410086,random_forest
IND757024AAA>IND756019AAA,1,12.773592147371787,104.0,91.22640785262821,random_forest
IND757001AAA>IND757041AAA,1,1.9974906852725738,38.0,36.002509314727426,random_forest
IND756100AAC>IND758001AAA,1,139.54236236263333,116.0,-23.542362362633327,random_forest
IND756032AAA>IND712311AAA,1,85.8628252691015,187.0,101.1371747308985,random_forest
IND756029AAA>IND712311AAA,1,221.87845962846518,122.0,-99.87845962846518,random_forest
IND756019AAA>IND756029AAA,1,37.70935833643434,6.0,-31.70935833643434,random_forest
IND754211AAA>IND754202AAA,1,7.586441589820652,53.0,45.41355841017935,random_forest
IND754202AAA>IND751002AAB,1,48.62410049166105,70.0,21.375899508338946,random_forest
IND754160AAA>IND754142AAA,1,31.921711953858917,28.0,-3.9217119538589174,random_forest
IND754142AAA>IND754211AAA,1,34.70344103625935,34.0,-0.7034410362593491,random_forest
IND752055AAA>IND752050AAA,1,44.06349161443772,0.0,-44.06349161443772,random_forest
IND244601AAB>IND244901AAB,1,54.292769319376085,3.0,-51.292769319376085,random_forest
IND244412AAA>IND244901AAB,1,98.6017812468962,145.0,46.398218753103805,random_forest
IND768028AAA>IND767001AAA,1,191.98813965616432,23.0,-168.98813965616432,random_forest
IND768004AAD>IND768028AAB,1,4.018976096780968,49.0,44.98102390321903,random_forest
IND768004AAD>IND768028AAA,1,12.245658274820812,63.0,50.75434172517919,random_forest
IND767017AAA>IND768004AAD,1,24.005360620951578,73.0,48.99463937904842,random_forest
IND767017AAA>IND767001AAA,1,5.53342017471806,50.0,44.46657982528194,random_forest
IND767001AAA>IND762001AAA,1,4.309097407667906,144.0,139.6909025923321,random_forest
IND764071AAB>IND530012AAA,1,2009.1699353841802,2330.0,320.83006461581977,random_forest
IND762001AAA>IND759122AAC,1,156.98844851937196,308.0,151.01155148062804,random_forest
IND759122AAC>IND767017AAA,1,62.62755825382817,112.0,49.37244174617183,random_forest
IND758034AAA>IND758001AAA,1,46.64041161270107,53.0,6.359588387298928,random_forest
IND758034AAA>IND757037AAA,1,18.379553363502666,106.0,87.62044663649733,random_forest
IND758001AAA>IND758035AAA,1,6.470132170976768,56.0,49.52986782902323,random_forest
IND246763AAA>IND244901AAB,1,2.278386398498796,92.0,89.7216136015012,random_forest
IND246761AAA>IND244601AAB,1,58.867357005308676,11.0,-47.867357005308676,random_forest
IND242001AAA>IND242307AAB,1,25.224303439735827,68.0,42.77569656026417,random_forest
IND241124AAB>IND242001AAA,1,0.037069082829720656,22.0,21.96293091717028,random_forest
IND232104AAB>IND233221AAC,1,103.88163753882577,145.0,41.11836246117423,random_forest
IND226004AAA>IND226016AAA,1,6.237415478347671,57.0,50.76258452165233,random_forest
IND222125AAB>IND222001AAA,1,36.66494090859203,32.0,-4.66494090859203,random_forest
IND221401AAA>IND221303AAA,1,9.889235735410587,23.0,13.110764264589413,random_forest
IND785682AAA>IND785690AAB,1,44.23367917722901,54.0,9.766320822770993,random_forest
IND781018AAB>IND781102AAA,1,52.27672485710701,12.0,-40.27672485710701,random_forest
IND781018AAB>IND781022AAA,1,38.51995937175297,15.0,-23.519959371752968,random_forest
IND781018AAB>IND781005AAA,1,32.58518272955605,1.0,-31.585182729556053,random_forest
IND781018AAB>IND712311AAA,1,864.2162233488084,2213.0,1348.7837766511916,random_forest
IND781014AAA>IND781102AAA,1,13.65265806287687,17.0,3.3473419371231294,random_forest
IND768201AAA>IND770001AAA,1,45.01057186357723,100.0,54.98942813642277,random_forest
IND244901AAB>IND243503AAB,1,141.37492994282502,280.0,138.62507005717498,random_forest
IND244715AAA>IND263401AAA,1,63.99253586664355,22.0,-41.99253586664355,random_forest
IND244713AAA>IND244715AAA,1,47.27768553077651,9.0,-38.27768553077651,random_forest
IND221313AAA>IND222136AAA,1,541.3125422256403,694.0,152.6874577743597,random_forest
IND221313AAA>IND221401AAA,1,459.9073839818207,550.0,90.09261601817929,random_forest
IND221303AAA>IND231001AAA,1,4.239548057829367,20.0,15.760451942170633,random_forest
IND221010AAA>IND221005A1A,1,5.592925110238937,38.0,32.40707488976106,random_forest
IND210431AAA>IND209304AAA,1,90.80547998299758,152.0,61.19452001700242,random_forest
IND792120AAB>IND786181AAC,1,7.562595242829332,71.0,63.43740475717067,random_forest
IND786190AAA>IND792103AAB,1,15.862548935621426,24.0,8.137451064378574,random_forest
IND786184AAA>IND786190AAA,1,7.4853481621460745,25.0,17.514651837853926,random_forest
IND786184AAA>IND786125AAA,1,8.161822056244631,23.0,14.838177943755369,random_forest
IND786181AAC>IND792120AAB,1,10.806429809596963,110.0,99.19357019040304,random_forest
IND786125AAA>IND786190AAA,1,2.9099615489222472,36.0,33.09003845107775,random_forest
IND786001AAB>IND792103AAB,1,24.128321672861006,102.0,77.871678327139,random_forest
IND786001AAB>IND786602AAA,1,17.2555629144721,16.0,-1.255562914472101,random_forest
IND786001AAB>IND786190AAA,1,58.08859509683998,38.0,-20.08859509683998,random_forest
IND243301AAB>IND244901AAB,1,67.96524562002836,137.0,69.03475437997164,random_forest
IND243001AAA>IND244901AAB,1,6.069276094408977,54.0,47.93072390559102,random_forest
IND201204AAA>IND250002AAA,1,18.434984435149467,4.0,-14.434984435149467,random_forest
IND201007AAA>IND245101AAA,1,8.023599602668995,51.0,42.976400397331005,random_forest
IND201007AAA>IND201005AAA,1,34.317451909912855,1.0,-33.317451909912855,random_forest
IND811307AAA>IND811213AAA,1,22.958575124304517,31.0,8.041424875695483,random_forest
IND811307AAA>IND811201AAB,1,54.76203420352368,59.0,4.237965796476317,random_forest
IND811213AAA>IND811201AAB,1,3.0133724672664997,39.0,35.9866275327335,random_forest
IND811201AAB>IND813213AAA,1,34.856733774991056,100.0,65.14326622500894,random_forest
IND802212AAA>IND821115AAB,1,202.10805514895196,894.0,691.891944851048,random_forest
IND798601AAA>IND785001AAA,1,1009.257112034943,1219.0,209.74288796505698,random_forest
IND208017AAA>IND209304AAA,1,1.9437639282941745,212.0,210.05623607170583,random_forest
IND205001AAB>IND283203AAA,1,122.38152286452666,214.0,91.61847713547334,random_forest
IND204101AAA>IND202001AAB,1,32.04289600890661,101.0,68.95710399109339,random_forest
IND210427AAA>IND209304AAA,1,136.01384867792467,209.0,72.98615132207533,random_forest
IND210001AAA>IND210427AAA,1,80.21173058308592,176.0,95.78826941691408,random_forest
IND209801AAA>IND209304AAA,1,301.78758992501537,230.0,-71.78758992501537,random_forest
IND221313AAA>IND276128AAA,1,170.8818188032186,692.0,521.1181811967814,random_forest
IND201001AAC>IND000000ACB,1,32.133469961137706,125.0,92.8665300388623,random_forest
IND201001AAA>IND201007AAA,1,13.71404333285453,20.0,6.28595666714547,random_forest
IND184121AAA>IND181152AAB,1,51.52169732627212,10.0,-41.52169732627212,random_forest
IND184121AAA>IND160002AAC,1,29.918069623103037,218.0,188.08193037689696,random_forest
IND184104AAA>IND184121AAA,1,2.199295894754542,27.0,24.800704105245458,random_forest
IND184104AAA>IND181152AAB,1,47.500778010559756,17.0,-30.500778010559756,random_forest
IND181201AAB>IND181152AAB,1,12.943457512038265,76.0,63.056542487961735,random_forest
IND181152AAA>IND184121AAA,1,3.112907642817593,14.0,10.887092357182407,random_forest
IND175101AAA>IND160002AAC,1,14.172400267098737,330.0,315.82759973290126,random_forest
IND824101AAA>IND821307AAA,1,12.604728362256044,14.0,1.3952716377439565,random_forest
IND821115AAB>IND821109AAA,1,5.027372072733719,47.0,41.97262792726628,random_forest
IND816109AAA>IND826004AAA,1,128.13538576123705,144.0,15.864614238762954,random_forest
IND816107AAA>IND826004AAA,1,8.714424183505031,193.0,184.28557581649497,random_forest
IND815301AAA>IND814133AAB,1,76.35990368014171,83.0,6.640096319858287,random_forest
IND814112AAA>IND814133AAB,1,7.831639794233723,77.0,69.16836020576628,random_forest
IND201301AAF>IND201301AAL,1,35.81266562296917,10.0,-25.81266562296917,random_forest
IND152107AAA>IND152026AAA,1,23.805450088126463,73.0,49.19454991187354,random_forest
IND152101AAA>IND152026AAA,1,34.216126060803404,20.0,-14.216126060803404,random_forest
IND152026AAA>IND152101AAA,1,61.067665195735785,6.0,-55.067665195735785,random_forest
IND828401AAB>IND826004AAA,1,15.323602081979566,66.0,50.676397918020434,random_forest
IND826004AAA>IND828205AAA,1,6.479362394040606,39.0,32.520637605959394,random_forest
IND826004AAA>IND814112AAA,1,25.48693162208916,67.0,41.51306837791084,random_forest
IND174101AAB>IND160002AAC,1,2.5653580290877755,116.0,113.43464197091222,random_forest
IND173212AAA>IND174103AAA,1,9.94588154391218,114.0,104.05411845608782,random_forest
IND173025AAA>IND160002AAC,1,29.2752578128661,163.0,133.7247421871339,random_forest
IND160002AAC>IND421302AAG,1,400.8932111666945,1751.0,1350.1067888333055,random_forest
IND160002AAC>IND184104AAA,1,48.61208699962074,175.0,126.38791300037926,random_forest
IND160002AAC>IND176041AAA,1,1.2827053329246354,98.0,96.71729466707536,random_forest
IND160002AAC>IND174307AAA,1,36.02911141880908,45.0,8.97088858119092,random_forest
IND160002AAC>IND160102AAC,1,13.133898335253441,22.0,8.866101664746559,random_forest
IND160002AAC>IND160055AAA,1,20.872610275664226,4.0,-16.872610275664226,random_forest
IND201001AAC>IND110037AAM,1,0.9461870153855614,53.0,52.05381298461444,random_forest
IND135001AAA>IND173025AAA,1,1.639485510740002,57.0,55.36051448926,random_forest
IND134203AAA>IND160002AAC,1,8.887906580284891,86.0,77.11209341971511,random_forest
IND131028AAB>IND250611AAA,1,7.894423791170951,65.0,57.10557620882905,random_forest
IND131028AAB>IND250002AAC,1,246.78338686112215,333.0,86.21661313887785,random_forest
IND842001AAA>IND845438AAA,1,24.04687908405566,103.0,78.95312091594434,random_forest
IND834002AAB>IND781018AAB,1,880.2518011847962,1539.0,658.7481988152038,random_forest
IND834002AAB>IND000000ACB,1,25.553765343837767,786.0,760.4462346561622,random_forest
IND141003AAB>IND141109AAA,1,61.18892081152369,0.0,-61.18892081152369,random_forest
IND140501AAA>IND160002AAC,1,15.268194519846233,24.0,8.731805480153767,random_forest
IND140401AAA>IND000000ACA,1,26.585121212280896,96.0,69.4148787877191,random_forest
IND147301AAA>IND000000ACA,1,64.06645356782802,16.0,-48.06645356782802,random_forest
IND147105AAA>IND160002AAC,1,73.92855633110787,427.0,353.07144366889213,random_forest
IND160002AAC>IND147105AAA,1,11.69606519972956,89.0,77.30393480027044,random_forest
IND160002AAC>IND110037AAM,1,13.281458253379697,169.0,155.7185417466203,random_forest
IND152116AAA>IND152107AAA,1,46.123599849033596,4.0,-42.123599849033596,random_forest
IND152116AAA>IND152026AAA,1,14.669828597930191,57.0,42.33017140206981,random_forest
IND572101AAA>IND562101AAA,1,10.483531466298743,102.0,91.51646853370126,random_forest
IND845455AAB>IND845418AAB,1,11.398945361944882,112.0,100.60105463805512,random_forest
IND845418AAB>IND842001AAA,1,51.09969071029718,109.0,57.90030928970282,random_forest
IND000000ACB>IND751002AAB,1,146.6727125788741,1115.0,968.3272874211259,random_forest
IND000000ACB>IND390022AAA,1,43.82329470520608,437.0,393.1767052947939,random_forest
IND110035AAC>IND110037AAM,1,18.996694945163263,21.0,2.003305054836737,random_forest
IND000000AFT>IND400706AAA,1,47.61807353904881,8.0,-39.61807353904881,random_forest
IND000000AEL>IND000000ACB,1,56.43753903651243,61.0,4.562460963487567,random_forest
IND000000ADM>IND683511AAA,1,5.500234855828722,60.0,54.49976514417128,random_forest
IND110037AAM>IND781018AAB,1,674.1749347859841,1988.0,1313.825065214016,random_forest
IND110037AAM>IND282001AAA,1,111.76473347671063,131.0,19.23526652328937,random_forest
IND121004AAC>IND121004AAB,1,47.32842755344426,9.0,-38.32842755344426,random_forest
IND121004AAB>IND121002AAA,1,22.519242803626923,21.0,-1.5192428036269234,random_forest
IND121004AAA>IND121004AAB,1,53.00865014565578,87.0,33.99134985434422,random_forest
IND121002AAA>IND121004AAB,1,149.0527554140856,217.0,67.9472445859144,random_forest
IND125001AAA>IND335513AAA,1,38.180342843290134,152.0,113.81965715670987,random_forest
IND562132AAA>IND580028AAA,1,33.737432926227086,205.0,171.2625670737729,random_forest
IND583201AAA>IND583101AAA,1,38.63069799124254,120.0,81.36930200875746,random_forest
IND580028AAA>IND562132AAA,1,52.58919063122326,188.0,135.41080936877674,random_forest
IND580028AAA>IND421302AAG,1,815.0473671984005,258.0,-557.0473671984005,random_forest
IND571430AAA>IND571124AAA,1,26.55871674222538,47.0,20.44128325777462,random_forest
IND571313AAB>IND571440AAA,1,12.282107024998385,18.0,5.7178929750016145,random_forest
IND571301AAA>IND571111AAB,1,12.169988125032415,16.0,3.8300118749675853,random_forest
IND571213AAA>IND571114AAA,1,13.114450118690684,57.0,43.885549881309316,random_forest
IND571213AAA>IND570020AAA,1,392.66154390996405,531.0,138.33845609003595,random_forest
IND571124AAA>IND570020AAA,1,57.284155967322434,43.0,-14.284155967322434,random_forest
IND571114AAA>IND570020AAA,1,84.3164551655801,198.0,113.6835448344199,random_forest
IND571111AAB>IND571313AAB,1,4.568841616036561,21.0,16.43115838396344,random_forest
IND571104AAA>IND573142AAA,1,30.748689596667475,20.0,-10.748689596667475,random_forest
IND570020AAA>IND571301AAA,1,5.0608730293673005,37.0,31.9391269706327,random_forest
IND577101AAA>IND577116AAA,1,0.4600117170953588,19.0,18.53998828290464,random_forest
IND572201AAB>IND577101AAA,1,2.8230753039738232,108.0,105.17692469602618,random_forest
